/*
 Navicat Premium Dump SQL

 Source Server         : mysql
 Source Server Type    : MySQL
 Source Server Version : 80404 (8.4.4)
 Source Host           : localhost:3306
 Source Schema         : wms

 Target Server Type    : MySQL
 Target Server Version : 80404 (8.4.4)
 File Encoding         : 65001

 Date: 05/05/2025 00:00:06
*/

SET NAMES utf8mb4;
SET FOREIGN_KEY_CHECKS = 0;

-- ----------------------------
-- Table structure for notif_msg
-- ----------------------------
DROP TABLE IF EXISTS `notif_msg`;
CREATE TABLE `notif_msg` (
  `id` varchar(32) NOT NULL COMMENT '通知ID',
  `type` tinyint(1) NOT NULL COMMENT '通知类型：1-库存预警，2-质检通知，3-订单状态，4-异常通知，5-补货通知，6-其他',
  `title` varchar(200) NOT NULL COMMENT '通知标题',
  `content` text NOT NULL COMMENT '通知内容',
  `recipient_id` varchar(32) NOT NULL COMMENT '接收人ID',
  `recipient_name` varchar(50) DEFAULT NULL COMMENT '接收人姓名',
  `sender_id` varchar(32) DEFAULT NULL COMMENT '发送人ID',
  `sender_name` varchar(50) DEFAULT NULL COMMENT '发送人姓名',
  `read_status` tinyint(1) NOT NULL DEFAULT '0' COMMENT '阅读状态：0-未读，1-已读',
  `priority` tinyint(1) DEFAULT '0' COMMENT '优先级：0-普通，1-重要，2-紧急',
  `related_biz_id` varchar(32) CHARACTER SET utf8mb4 COLLATE utf8mb4_0900_ai_ci DEFAULT NULL COMMENT '关联业务ID,可能是入库id，出库id等用于跳转页面',
  `related_biz_type` tinyint(1) DEFAULT NULL COMMENT '关联业务类型：1-入库单，2-出库单，3-质检单，4-异常标记，5-库存预警',
  `send_time` datetime NOT NULL COMMENT '发送时间',
  `read_time` datetime DEFAULT NULL COMMENT '阅读时间',
  `is_system` tinyint(1) NOT NULL DEFAULT '0' COMMENT '是否系统通知：0-否，1-是',
  `create_time` datetime NOT NULL COMMENT '创建时间',
  `update_time` datetime NOT NULL COMMENT '更新时间',
  PRIMARY KEY (`id`),
  KEY `idx_recipient_id` (`recipient_id`),
  KEY `idx_read_status` (`read_status`),
  KEY `idx_send_time` (`send_time`),
  KEY `idx_related_business_id` (`related_biz_id`),
  KEY `idx_notification_type` (`type`)
) ENGINE=InnoDB DEFAULT CHARSET=utf8mb4 COLLATE=utf8mb4_0900_ai_ci COMMENT='消息通知表';

-- ----------------------------
-- Records of notif_msg
-- ----------------------------
BEGIN;
INSERT INTO `notif_msg` (`id`, `type`, `title`, `content`, `recipient_id`, `recipient_name`, `sender_id`, `sender_name`, `read_status`, `priority`, `related_biz_id`, `related_biz_type`, `send_time`, `read_time`, `is_system`, `create_time`, `update_time`) VALUES ('1911093195770126337', 3, '订单通知', '你有一笔入库订单需要审批', '1896450516030771201', 'admin', '1896450516030771201', 'admin', 0, 0, 'OR20250413000001', 1, '2025-04-13 00:24:59', NULL, 1, '2025-04-13 00:24:59', '2025-04-13 00:24:59');
INSERT INTO `notif_msg` (`id`, `type`, `title`, `content`, `recipient_id`, `recipient_name`, `sender_id`, `sender_name`, `read_status`, `priority`, `related_biz_id`, `related_biz_type`, `send_time`, `read_time`, `is_system`, `create_time`, `update_time`) VALUES ('1911093260723118081', 3, '订单通知', '你有一笔入库订单需要审批', '1896450516030771201', 'admin', '1896450516030771201', 'admin', 0, 0, 'OR20250413000002', 1, '2025-04-13 00:25:14', NULL, 1, '2025-04-13 00:25:14', '2025-04-13 00:25:14');
INSERT INTO `notif_msg` (`id`, `type`, `title`, `content`, `recipient_id`, `recipient_name`, `sender_id`, `sender_name`, `read_status`, `priority`, `related_biz_id`, `related_biz_type`, `send_time`, `read_time`, `is_system`, `create_time`, `update_time`) VALUES ('1911093403677581313', 3, '订单通知', '你有一笔入库订单需要审批', '1896450516030771201', 'admin', '1896450516030771201', 'admin', 0, 0, 'OR20250413000003', 1, '2025-04-13 00:25:48', NULL, 1, '2025-04-13 00:25:48', '2025-04-13 00:25:48');
INSERT INTO `notif_msg` (`id`, `type`, `title`, `content`, `recipient_id`, `recipient_name`, `sender_id`, `sender_name`, `read_status`, `priority`, `related_biz_id`, `related_biz_type`, `send_time`, `read_time`, `is_system`, `create_time`, `update_time`) VALUES ('1911093508170276866', 3, '订单通知', '你有一笔入库订单需要审批', '1896450516030771201', 'admin', '1896450516030771201', 'admin', 0, 0, 'OR20250413000004', 1, '2025-04-13 00:26:13', NULL, 1, '2025-04-13 00:26:13', '2025-04-13 00:26:13');
INSERT INTO `notif_msg` (`id`, `type`, `title`, `content`, `recipient_id`, `recipient_name`, `sender_id`, `sender_name`, `read_status`, `priority`, `related_biz_id`, `related_biz_type`, `send_time`, `read_time`, `is_system`, `create_time`, `update_time`) VALUES ('1911093587090300930', 3, '订单通知', '你有一笔入库订单需要审批', '1896450516030771201', 'admin', '1896450516030771201', 'admin', 0, 0, 'OR20250413000005', 1, '2025-04-13 00:26:32', NULL, 1, '2025-04-13 00:26:32', '2025-04-13 00:26:32');
INSERT INTO `notif_msg` (`id`, `type`, `title`, `content`, `recipient_id`, `recipient_name`, `sender_id`, `sender_name`, `read_status`, `priority`, `related_biz_id`, `related_biz_type`, `send_time`, `read_time`, `is_system`, `create_time`, `update_time`) VALUES ('1911093955543130114', 2, '质检通知', '你有一笔出库质检订单', '1896450516030771201', 'admin', '1896450516030771201', 'admin', 1, 0, 'QI20250413000001', 3, '2025-04-13 00:28:00', '2025-04-15 14:39:37', 1, '2025-04-13 00:28:00', '2025-04-13 00:28:00');
INSERT INTO `notif_msg` (`id`, `type`, `title`, `content`, `recipient_id`, `recipient_name`, `sender_id`, `sender_name`, `read_status`, `priority`, `related_biz_id`, `related_biz_type`, `send_time`, `read_time`, `is_system`, `create_time`, `update_time`) VALUES ('1911093963726217217', 2, '质检通知', '你有一笔出库质检订单', '1896450516030771201', 'admin', '1896450516030771201', 'admin', 1, 0, 'QI20250413000002', 3, '2025-04-13 00:28:02', '2025-04-15 14:39:37', 1, '2025-04-13 00:28:02', '2025-04-13 00:28:02');
INSERT INTO `notif_msg` (`id`, `type`, `title`, `content`, `recipient_id`, `recipient_name`, `sender_id`, `sender_name`, `read_status`, `priority`, `related_biz_id`, `related_biz_type`, `send_time`, `read_time`, `is_system`, `create_time`, `update_time`) VALUES ('1911093972962074625', 2, '质检通知', '你有一笔出库质检订单', '1896450516030771201', 'admin', '1896450516030771201', 'admin', 1, 0, 'QI20250413000003', 3, '2025-04-13 00:28:04', '2025-04-15 14:39:37', 1, '2025-04-13 00:28:04', '2025-04-13 00:28:04');
INSERT INTO `notif_msg` (`id`, `type`, `title`, `content`, `recipient_id`, `recipient_name`, `sender_id`, `sender_name`, `read_status`, `priority`, `related_biz_id`, `related_biz_type`, `send_time`, `read_time`, `is_system`, `create_time`, `update_time`) VALUES ('1911093984353804290', 2, '质检通知', '你有一笔出库质检订单', '1896450516030771201', 'admin', '1896450516030771201', 'admin', 1, 0, 'QI20250413000004', 3, '2025-04-13 00:28:07', '2025-04-15 14:39:36', 1, '2025-04-13 00:28:07', '2025-04-13 00:28:07');
INSERT INTO `notif_msg` (`id`, `type`, `title`, `content`, `recipient_id`, `recipient_name`, `sender_id`, `sender_name`, `read_status`, `priority`, `related_biz_id`, `related_biz_type`, `send_time`, `read_time`, `is_system`, `create_time`, `update_time`) VALUES ('1911093993203785729', 2, '质检通知', '你有一笔出库质检订单', '1896450516030771201', 'admin', '1896450516030771201', 'admin', 1, 0, 'QI20250413000005', 3, '2025-04-13 00:28:09', '2025-04-15 14:39:36', 1, '2025-04-13 00:28:09', '2025-04-13 00:28:09');
INSERT INTO `notif_msg` (`id`, `type`, `title`, `content`, `recipient_id`, `recipient_name`, `sender_id`, `sender_name`, `read_status`, `priority`, `related_biz_id`, `related_biz_type`, `send_time`, `read_time`, `is_system`, `create_time`, `update_time`) VALUES ('1911096406937657345', 3, '订单通知', '你有一笔出库订单需要审批', '1896450516030771201', 'admin', '1896450516030771201', 'admin', 1, 0, 'IR20250413000001', 2, '2025-04-13 00:37:45', '2025-04-15 14:39:36', 1, '2025-04-13 00:37:45', '2025-04-13 00:37:45');
INSERT INTO `notif_msg` (`id`, `type`, `title`, `content`, `recipient_id`, `recipient_name`, `sender_id`, `sender_name`, `read_status`, `priority`, `related_biz_id`, `related_biz_type`, `send_time`, `read_time`, `is_system`, `create_time`, `update_time`) VALUES ('1911108496792465410', 3, '订单通知', '你有一笔出库订单需要审批', '1896450516030771201', 'admin', '1896450516030771201', 'admin', 1, 0, 'IR20250413000002', 2, '2025-04-13 01:25:47', '2025-04-15 14:39:36', 1, '2025-04-13 01:25:47', '2025-04-13 01:25:47');
INSERT INTO `notif_msg` (`id`, `type`, `title`, `content`, `recipient_id`, `recipient_name`, `sender_id`, `sender_name`, `read_status`, `priority`, `related_biz_id`, `related_biz_type`, `send_time`, `read_time`, `is_system`, `create_time`, `update_time`) VALUES ('1911108644339691521', 3, '订单通知', '你有一笔出库订单需要审批', '1896450516030771201', 'admin', '1896450516030771201', 'admin', 1, 0, 'IR20250413000003', 2, '2025-04-13 01:26:22', '2025-04-15 14:39:36', 1, '2025-04-13 01:26:22', '2025-04-13 01:26:22');
INSERT INTO `notif_msg` (`id`, `type`, `title`, `content`, `recipient_id`, `recipient_name`, `sender_id`, `sender_name`, `read_status`, `priority`, `related_biz_id`, `related_biz_type`, `send_time`, `read_time`, `is_system`, `create_time`, `update_time`) VALUES ('1911970820826214402', 3, '订单通知', '你有一笔出库订单需要审批', '1896450516030771201', 'admin', '1896450516030771201', 'admin', 1, 0, 'IR20250415000001', 2, '2025-04-15 10:32:21', '2025-04-15 14:39:34', 1, '2025-04-15 10:32:21', '2025-04-15 10:32:21');
INSERT INTO `notif_msg` (`id`, `type`, `title`, `content`, `recipient_id`, `recipient_name`, `sender_id`, `sender_name`, `read_status`, `priority`, `related_biz_id`, `related_biz_type`, `send_time`, `read_time`, `is_system`, `create_time`, `update_time`) VALUES ('1912032880092131330', 2, '质检通知', '你有一笔入库质检订单', '1896450516030771201', 'admin', '1896450516030771201', 'admin', 1, 0, 'QO20250415000001', 3, '2025-04-15 14:38:57', '2025-04-15 14:39:34', 1, '2025-04-15 14:38:57', '2025-04-15 14:38:57');
INSERT INTO `notif_msg` (`id`, `type`, `title`, `content`, `recipient_id`, `recipient_name`, `sender_id`, `sender_name`, `read_status`, `priority`, `related_biz_id`, `related_biz_type`, `send_time`, `read_time`, `is_system`, `create_time`, `update_time`) VALUES ('1912033386436898818', 2, '质检通知', '你有一笔入库质检订单', '1896450516030771201', 'admin', '1896450516030771201', 'admin', 0, 0, 'QO20250415000002', 3, '2025-04-15 14:40:58', NULL, 1, '2025-04-15 14:40:58', '2025-04-15 14:40:58');
INSERT INTO `notif_msg` (`id`, `type`, `title`, `content`, `recipient_id`, `recipient_name`, `sender_id`, `sender_name`, `read_status`, `priority`, `related_biz_id`, `related_biz_type`, `send_time`, `read_time`, `is_system`, `create_time`, `update_time`) VALUES ('1912041633482944514', 2, '质检通知', '你有一笔入库质检订单', '1896450516030771201', 'admin', '1896450516030771201', 'admin', 0, 0, 'QO20250415000003', 3, '2025-04-15 15:13:44', NULL, 1, '2025-04-15 15:13:44', '2025-04-15 15:13:44');
INSERT INTO `notif_msg` (`id`, `type`, `title`, `content`, `recipient_id`, `recipient_name`, `sender_id`, `sender_name`, `read_status`, `priority`, `related_biz_id`, `related_biz_type`, `send_time`, `read_time`, `is_system`, `create_time`, `update_time`) VALUES ('1912043433233625089', 2, '质检通知', '你有一笔入库质检订单', '1896450516030771201', 'admin', '1896450516030771201', 'admin', 0, 0, 'QO20250415000004', 3, '2025-04-15 15:20:53', NULL, 1, '2025-04-15 15:20:53', '2025-04-15 15:20:53');
INSERT INTO `notif_msg` (`id`, `type`, `title`, `content`, `recipient_id`, `recipient_name`, `sender_id`, `sender_name`, `read_status`, `priority`, `related_biz_id`, `related_biz_type`, `send_time`, `read_time`, `is_system`, `create_time`, `update_time`) VALUES ('1912044437681352705', 2, '质检通知', '你有一笔入库质检订单', '1896450516030771201', 'admin', '1896450516030771201', 'admin', 1, 0, 'QO20250415000005', 3, '2025-04-15 15:24:53', '2025-05-04 18:13:19', 1, '2025-04-15 15:24:53', '2025-04-15 15:24:53');
INSERT INTO `notif_msg` (`id`, `type`, `title`, `content`, `recipient_id`, `recipient_name`, `sender_id`, `sender_name`, `read_status`, `priority`, `related_biz_id`, `related_biz_type`, `send_time`, `read_time`, `is_system`, `create_time`, `update_time`) VALUES ('1912046351236083713', 3, '订单通知', '你有一笔出库订单需要审批', '1896450516030771201', 'admin', '1896450516030771201', 'admin', 1, 0, 'IR20250415000002', 2, '2025-04-15 15:32:29', '2025-05-04 18:13:19', 1, '2025-04-15 15:32:29', '2025-04-15 15:32:29');
INSERT INTO `notif_msg` (`id`, `type`, `title`, `content`, `recipient_id`, `recipient_name`, `sender_id`, `sender_name`, `read_status`, `priority`, `related_biz_id`, `related_biz_type`, `send_time`, `read_time`, `is_system`, `create_time`, `update_time`) VALUES ('1912046481863487490', 3, '订单通知', '你有一笔出库订单需要审批', '1896450516030771201', 'admin', '1896450516030771201', 'admin', 1, 0, 'IR20250415000003', 2, '2025-04-15 15:33:00', '2025-05-04 18:13:19', 1, '2025-04-15 15:33:00', '2025-04-15 15:33:00');
INSERT INTO `notif_msg` (`id`, `type`, `title`, `content`, `recipient_id`, `recipient_name`, `sender_id`, `sender_name`, `read_status`, `priority`, `related_biz_id`, `related_biz_type`, `send_time`, `read_time`, `is_system`, `create_time`, `update_time`) VALUES ('1912046744364003329', 2, '质检通知', '你有一笔入库质检订单', '1896450516030771201', 'admin', '1896450516030771201', 'admin', 1, 0, 'QO20250415000006', 3, '2025-04-15 15:34:03', '2025-05-04 18:13:19', 1, '2025-04-15 15:34:03', '2025-04-15 15:34:03');
INSERT INTO `notif_msg` (`id`, `type`, `title`, `content`, `recipient_id`, `recipient_name`, `sender_id`, `sender_name`, `read_status`, `priority`, `related_biz_id`, `related_biz_type`, `send_time`, `read_time`, `is_system`, `create_time`, `update_time`) VALUES ('1912053467099312129', 3, '订单通知', '你有一笔出库订单需要审批', '1896450516030771201', 'admin', '1896450516030771201', 'admin', 1, 0, 'IR20250415000004', 2, '2025-04-15 16:00:45', '2025-05-04 18:13:18', 1, '2025-04-15 16:00:45', '2025-04-15 16:00:45');
INSERT INTO `notif_msg` (`id`, `type`, `title`, `content`, `recipient_id`, `recipient_name`, `sender_id`, `sender_name`, `read_status`, `priority`, `related_biz_id`, `related_biz_type`, `send_time`, `read_time`, `is_system`, `create_time`, `update_time`) VALUES ('1912053623890784258', 3, '订单通知', '你有一笔出库订单需要审批', '1896450516030771201', 'admin', '1896450516030771201', 'admin', 1, 0, 'IR20250415000005', 2, '2025-04-15 16:01:23', '2025-05-04 18:13:18', 1, '2025-04-15 16:01:23', '2025-04-15 16:01:23');
INSERT INTO `notif_msg` (`id`, `type`, `title`, `content`, `recipient_id`, `recipient_name`, `sender_id`, `sender_name`, `read_status`, `priority`, `related_biz_id`, `related_biz_type`, `send_time`, `read_time`, `is_system`, `create_time`, `update_time`) VALUES ('1912053755210248193', 3, '订单通知', '你有一笔出库订单需要审批', '1896450516030771201', 'admin', '1896450516030771201', 'admin', 1, 0, 'IR20250415000006', 2, '2025-04-15 16:01:54', '2025-05-04 18:13:18', 1, '2025-04-15 16:01:54', '2025-04-15 16:01:54');
INSERT INTO `notif_msg` (`id`, `type`, `title`, `content`, `recipient_id`, `recipient_name`, `sender_id`, `sender_name`, `read_status`, `priority`, `related_biz_id`, `related_biz_type`, `send_time`, `read_time`, `is_system`, `create_time`, `update_time`) VALUES ('1912054368207777793', 2, '质检通知', '你有一笔入库质检订单', '1896450516030771201', 'admin', '1896450516030771201', 'admin', 1, 0, 'QO20250415000007', 3, '2025-04-15 16:04:20', '2025-05-04 18:13:18', 1, '2025-04-15 16:04:20', '2025-04-15 16:04:20');
INSERT INTO `notif_msg` (`id`, `type`, `title`, `content`, `recipient_id`, `recipient_name`, `sender_id`, `sender_name`, `read_status`, `priority`, `related_biz_id`, `related_biz_type`, `send_time`, `read_time`, `is_system`, `create_time`, `update_time`) VALUES ('1912054456674037762', 2, '质检通知', '你有一笔入库质检订单', '1896450516030771201', 'admin', '1896450516030771201', 'admin', 1, 0, 'QO20250415000008', 3, '2025-04-15 16:04:41', '2025-04-15 16:12:19', 1, '2025-04-15 16:04:41', '2025-04-15 16:04:41');
INSERT INTO `notif_msg` (`id`, `type`, `title`, `content`, `recipient_id`, `recipient_name`, `sender_id`, `sender_name`, `read_status`, `priority`, `related_biz_id`, `related_biz_type`, `send_time`, `read_time`, `is_system`, `create_time`, `update_time`) VALUES ('1912054608637865985', 2, '质检通知', '你有一笔入库质检订单', '1896450516030771201', 'admin', '1896450516030771201', 'admin', 1, 0, 'QO20250415000009', 3, '2025-04-15 16:05:18', '2025-04-15 16:10:12', 1, '2025-04-15 16:05:18', '2025-04-15 16:05:18');
INSERT INTO `notif_msg` (`id`, `type`, `title`, `content`, `recipient_id`, `recipient_name`, `sender_id`, `sender_name`, `read_status`, `priority`, `related_biz_id`, `related_biz_type`, `send_time`, `read_time`, `is_system`, `create_time`, `update_time`) VALUES ('1912057274315190273', 3, '订单通知', '你有一笔出库订单需要审批', '1896450516030771201', 'admin', '1896450516030771201', 'admin', 1, 0, 'IR20250415000007', 2, '2025-04-15 16:15:53', '2025-05-04 18:13:18', 1, '2025-04-15 16:15:53', '2025-04-15 16:15:53');
INSERT INTO `notif_msg` (`id`, `type`, `title`, `content`, `recipient_id`, `recipient_name`, `sender_id`, `sender_name`, `read_status`, `priority`, `related_biz_id`, `related_biz_type`, `send_time`, `read_time`, `is_system`, `create_time`, `update_time`) VALUES ('1912058431884374017', 2, '质检通知', '你有一笔入库质检订单', '1896450516030771201', 'admin', '1896450516030771201', 'admin', 1, 0, 'QO20250415000010', 3, '2025-04-15 16:20:29', '2025-05-04 18:13:17', 1, '2025-04-15 16:20:29', '2025-04-15 16:20:29');
INSERT INTO `notif_msg` (`id`, `type`, `title`, `content`, `recipient_id`, `recipient_name`, `sender_id`, `sender_name`, `read_status`, `priority`, `related_biz_id`, `related_biz_type`, `send_time`, `read_time`, `is_system`, `create_time`, `update_time`) VALUES ('1912105698104324098', 3, '订单通知', '你有一笔入库订单需要审批', '1896450516030771201', 'admin', '1896450516030771201', 'admin', 1, 0, 'OR20250415000001', 1, '2025-04-15 19:28:18', '2025-04-15 19:28:36', 1, '2025-04-15 19:28:18', '2025-04-15 19:28:18');
INSERT INTO `notif_msg` (`id`, `type`, `title`, `content`, `recipient_id`, `recipient_name`, `sender_id`, `sender_name`, `read_status`, `priority`, `related_biz_id`, `related_biz_type`, `send_time`, `read_time`, `is_system`, `create_time`, `update_time`) VALUES ('1912105919689404418', 2, '质检通知', '你有一笔出库质检订单', '1896450516030771201', 'admin', '1896450516030771201', 'admin', 1, 0, 'QI20250415000001', 3, '2025-04-15 19:29:11', '2025-05-04 17:50:58', 1, '2025-04-15 19:29:11', '2025-04-15 19:29:11');
INSERT INTO `notif_msg` (`id`, `type`, `title`, `content`, `recipient_id`, `recipient_name`, `sender_id`, `sender_name`, `read_status`, `priority`, `related_biz_id`, `related_biz_type`, `send_time`, `read_time`, `is_system`, `create_time`, `update_time`) VALUES ('1912106383902388225', 3, '订单通知', '你有一笔出库订单需要审批', '1896450516030771201', 'admin', '1896450516030771201', 'admin', 1, 0, 'IR20250415000008', 2, '2025-04-15 19:31:02', '2025-05-04 17:50:56', 1, '2025-04-15 19:31:02', '2025-04-15 19:31:02');
INSERT INTO `notif_msg` (`id`, `type`, `title`, `content`, `recipient_id`, `recipient_name`, `sender_id`, `sender_name`, `read_status`, `priority`, `related_biz_id`, `related_biz_type`, `send_time`, `read_time`, `is_system`, `create_time`, `update_time`) VALUES ('1912106507323977729', 3, '订单通知', '你有一笔出库订单需要审批', '1896450516030771201', 'admin', '1896450516030771201', 'admin', 1, 0, 'IR20250415000009', 2, '2025-04-15 19:31:31', '2025-05-04 17:50:47', 1, '2025-04-15 19:31:31', '2025-04-15 19:31:31');
INSERT INTO `notif_msg` (`id`, `type`, `title`, `content`, `recipient_id`, `recipient_name`, `sender_id`, `sender_name`, `read_status`, `priority`, `related_biz_id`, `related_biz_type`, `send_time`, `read_time`, `is_system`, `create_time`, `update_time`) VALUES ('1912107020690010113', 2, '质检通知', '你有一笔入库质检订单', '1896450516030771201', 'admin', '1896450516030771201', 'admin', 1, 0, 'QO20250415000011', 3, '2025-04-15 19:33:34', '2025-05-04 17:50:44', 1, '2025-04-15 19:33:34', '2025-04-15 19:33:34');
INSERT INTO `notif_msg` (`id`, `type`, `title`, `content`, `recipient_id`, `recipient_name`, `sender_id`, `sender_name`, `read_status`, `priority`, `related_biz_id`, `related_biz_type`, `send_time`, `read_time`, `is_system`, `create_time`, `update_time`) VALUES ('1912107225309130754', 2, '质检通知', '你有一笔入库质检订单', '1896450516030771201', 'admin', '1896450516030771201', 'admin', 1, 0, 'QO20250415000012', 3, '2025-04-15 19:34:22', '2025-05-04 17:50:42', 1, '2025-04-15 19:34:22', '2025-04-15 19:34:22');
INSERT INTO `notif_msg` (`id`, `type`, `title`, `content`, `recipient_id`, `recipient_name`, `sender_id`, `sender_name`, `read_status`, `priority`, `related_biz_id`, `related_biz_type`, `send_time`, `read_time`, `is_system`, `create_time`, `update_time`) VALUES ('1913458615034462210', 3, '订单通知', '你有一笔入库订单需要审批', '1896450516030771201', 'admin', '1896450516030771201', 'admin', 1, 0, 'OR20250419000001', 1, '2025-04-19 13:04:19', '2025-05-04 17:44:35', 1, '2025-04-19 13:04:19', '2025-04-19 13:04:19');
INSERT INTO `notif_msg` (`id`, `type`, `title`, `content`, `recipient_id`, `recipient_name`, `sender_id`, `sender_name`, `read_status`, `priority`, `related_biz_id`, `related_biz_type`, `send_time`, `read_time`, `is_system`, `create_time`, `update_time`) VALUES ('1913459782984548353', 2, '质检通知', '你有一笔出库质检订单', '1896450516030771201', 'admin', '1896450516030771201', 'admin', 1, 0, 'QI20250419000001', 3, '2025-04-19 13:08:57', '2025-05-04 17:44:23', 1, '2025-04-19 13:08:57', '2025-04-19 13:08:57');
INSERT INTO `notif_msg` (`id`, `type`, `title`, `content`, `recipient_id`, `recipient_name`, `sender_id`, `sender_name`, `read_status`, `priority`, `related_biz_id`, `related_biz_type`, `send_time`, `read_time`, `is_system`, `create_time`, `update_time`) VALUES ('1913460937378643970', 3, '订单通知', '你有一笔出库订单需要审批', '1896450516030771201', 'admin', '1896450516030771201', 'admin', 1, 0, 'IR20250419000001', 2, '2025-04-19 13:13:33', '2025-05-03 15:21:43', 1, '2025-04-19 13:13:33', '2025-04-19 13:13:33');
INSERT INTO `notif_msg` (`id`, `type`, `title`, `content`, `recipient_id`, `recipient_name`, `sender_id`, `sender_name`, `read_status`, `priority`, `related_biz_id`, `related_biz_type`, `send_time`, `read_time`, `is_system`, `create_time`, `update_time`) VALUES ('1914654373449715713', 3, '订单通知', '你有一笔出库订单需要审批', '1896450516030771201', 'admin', '1896450516030771201', 'admin', 1, 0, 'IR20250422000001', 2, '2025-04-22 20:15:50', '2025-05-03 15:21:43', 1, '2025-04-22 20:15:50', '2025-04-22 20:15:50');
INSERT INTO `notif_msg` (`id`, `type`, `title`, `content`, `recipient_id`, `recipient_name`, `sender_id`, `sender_name`, `read_status`, `priority`, `related_biz_id`, `related_biz_type`, `send_time`, `read_time`, `is_system`, `create_time`, `update_time`) VALUES ('1914655699172741121', 3, '订单通知', '你有一笔出库订单需要审批', '1896450516030771201', 'admin', '1896450516030771201', 'admin', 1, 0, 'IR20250422000002', 2, '2025-04-22 20:21:06', '2025-05-03 15:21:43', 1, '2025-04-22 20:21:06', '2025-04-22 20:21:06');
INSERT INTO `notif_msg` (`id`, `type`, `title`, `content`, `recipient_id`, `recipient_name`, `sender_id`, `sender_name`, `read_status`, `priority`, `related_biz_id`, `related_biz_type`, `send_time`, `read_time`, `is_system`, `create_time`, `update_time`) VALUES ('1914655828961284097', 2, '质检通知', '你有一笔入库质检订单', '1896450516030771201', 'admin', '1896450516030771201', 'admin', 1, 0, 'QO20250422000001', 3, '2025-04-22 20:21:37', '2025-05-03 15:21:42', 1, '2025-04-22 20:21:37', '2025-04-22 20:21:37');
INSERT INTO `notif_msg` (`id`, `type`, `title`, `content`, `recipient_id`, `recipient_name`, `sender_id`, `sender_name`, `read_status`, `priority`, `related_biz_id`, `related_biz_type`, `send_time`, `read_time`, `is_system`, `create_time`, `update_time`) VALUES ('1914657010618355713', 3, '订单通知', '你有一笔出库订单需要审批', '1896450516030771201', 'admin', '1896450516030771201', 'admin', 1, 0, 'IR20250422000003', 2, '2025-04-22 20:26:19', '2025-05-03 15:21:42', 1, '2025-04-22 20:26:19', '2025-04-22 20:26:19');
INSERT INTO `notif_msg` (`id`, `type`, `title`, `content`, `recipient_id`, `recipient_name`, `sender_id`, `sender_name`, `read_status`, `priority`, `related_biz_id`, `related_biz_type`, `send_time`, `read_time`, `is_system`, `create_time`, `update_time`) VALUES ('1914657757540012033', 2, '质检通知', '你有一笔入库质检订单', '1896450516030771201', 'admin', '1896450516030771201', 'admin', 1, 0, 'QO20250422000002', 3, '2025-04-22 20:29:17', '2025-05-03 15:21:42', 1, '2025-04-22 20:29:17', '2025-04-22 20:29:17');
INSERT INTO `notif_msg` (`id`, `type`, `title`, `content`, `recipient_id`, `recipient_name`, `sender_id`, `sender_name`, `read_status`, `priority`, `related_biz_id`, `related_biz_type`, `send_time`, `read_time`, `is_system`, `create_time`, `update_time`) VALUES ('1914661833493336065', 3, '订单通知', '你有一笔入库订单需要审批', '1896450516030771201', 'admin', '1896450516030771201', 'admin', 1, 0, 'OR20250422000001', 1, '2025-04-22 20:45:28', '2025-05-03 15:21:42', 1, '2025-04-22 20:45:28', '2025-04-22 20:45:28');
INSERT INTO `notif_msg` (`id`, `type`, `title`, `content`, `recipient_id`, `recipient_name`, `sender_id`, `sender_name`, `read_status`, `priority`, `related_biz_id`, `related_biz_type`, `send_time`, `read_time`, `is_system`, `create_time`, `update_time`) VALUES ('1914661951361667073', 2, '质检通知', '你有一笔出库质检订单', '1896450516030771201', 'admin', '1896450516030771201', 'admin', 1, 0, 'QI20250422000001', 3, '2025-04-22 20:45:57', '2025-05-03 15:21:42', 1, '2025-04-22 20:45:57', '2025-04-22 20:45:57');
INSERT INTO `notif_msg` (`id`, `type`, `title`, `content`, `recipient_id`, `recipient_name`, `sender_id`, `sender_name`, `read_status`, `priority`, `related_biz_id`, `related_biz_type`, `send_time`, `read_time`, `is_system`, `create_time`, `update_time`) VALUES ('1914662174012100609', 3, '订单通知', '你有一笔出库订单需要审批', '1896450516030771201', 'admin', '1896450516030771201', 'admin', 1, 0, 'IR20250422000004', 2, '2025-04-22 20:46:50', '2025-05-03 15:21:42', 1, '2025-04-22 20:46:50', '2025-04-22 20:46:50');
INSERT INTO `notif_msg` (`id`, `type`, `title`, `content`, `recipient_id`, `recipient_name`, `sender_id`, `sender_name`, `read_status`, `priority`, `related_biz_id`, `related_biz_type`, `send_time`, `read_time`, `is_system`, `create_time`, `update_time`) VALUES ('1914662416929411073', 2, '质检通知', '你有一笔入库质检订单', '1896450516030771201', 'admin', '1896450516030771201', 'admin', 1, 0, 'QO20250422000003', 3, '2025-04-22 20:47:48', '2025-05-03 15:01:07', 1, '2025-04-22 20:47:48', '2025-04-22 20:47:48');
INSERT INTO `notif_msg` (`id`, `type`, `title`, `content`, `recipient_id`, `recipient_name`, `sender_id`, `sender_name`, `read_status`, `priority`, `related_biz_id`, `related_biz_type`, `send_time`, `read_time`, `is_system`, `create_time`, `update_time`) VALUES ('1915020350775525378', 3, '订单通知', '你有一笔入库订单需要审批', '1896450516030771201', 'admin', '1896450516030771201', 'admin', 1, 0, 'OR20250423000001', 1, '2025-04-23 20:30:06', '2025-04-30 10:23:43', 1, '2025-04-23 20:30:06', '2025-04-23 20:30:06');
INSERT INTO `notif_msg` (`id`, `type`, `title`, `content`, `recipient_id`, `recipient_name`, `sender_id`, `sender_name`, `read_status`, `priority`, `related_biz_id`, `related_biz_type`, `send_time`, `read_time`, `is_system`, `create_time`, `update_time`) VALUES ('1916735587316842497', 3, '订单通知', '你有一笔入库订单需要审批', '1896450516030771201', 'iKun', '1896450516030771201', 'iKun', 1, 0, 'OR20250428000001', 1, '2025-04-28 14:05:50', '2025-04-30 10:23:51', 1, '2025-04-28 14:05:50', '2025-04-28 14:05:50');
INSERT INTO `notif_msg` (`id`, `type`, `title`, `content`, `recipient_id`, `recipient_name`, `sender_id`, `sender_name`, `read_status`, `priority`, `related_biz_id`, `related_biz_type`, `send_time`, `read_time`, `is_system`, `create_time`, `update_time`) VALUES ('1916735774722539522', 3, '订单通知', '你有一笔入库订单需要审批', '1896450516030771201', 'iKun', '1896450516030771201', 'iKun', 1, 0, 'OR20250428000002', 1, '2025-04-28 14:06:35', '2025-04-30 10:23:39', 1, '2025-04-28 14:06:35', '2025-04-28 14:06:35');
INSERT INTO `notif_msg` (`id`, `type`, `title`, `content`, `recipient_id`, `recipient_name`, `sender_id`, `sender_name`, `read_status`, `priority`, `related_biz_id`, `related_biz_type`, `send_time`, `read_time`, `is_system`, `create_time`, `update_time`) VALUES ('1916735871548047362', 2, '质检通知', '你有一笔出库质检订单', '1896450516030771201', 'iKun', '1896450516030771201', 'iKun', 1, 0, 'QI20250428000001', 3, '2025-04-28 14:06:58', '2025-05-03 15:01:07', 1, '2025-04-28 14:06:58', '2025-04-28 14:06:58');
INSERT INTO `notif_msg` (`id`, `type`, `title`, `content`, `recipient_id`, `recipient_name`, `sender_id`, `sender_name`, `read_status`, `priority`, `related_biz_id`, `related_biz_type`, `send_time`, `read_time`, `is_system`, `create_time`, `update_time`) VALUES ('1916736038032556033', 3, '订单通知', '你有一笔出库订单需要审批', '1896569037967204353', '负责人1', '1896450516030771201', 'iKun', 0, 0, 'IR20250428000001', 2, '2025-04-28 14:07:37', NULL, 1, '2025-04-28 14:07:37', '2025-04-28 14:07:37');
INSERT INTO `notif_msg` (`id`, `type`, `title`, `content`, `recipient_id`, `recipient_name`, `sender_id`, `sender_name`, `read_status`, `priority`, `related_biz_id`, `related_biz_type`, `send_time`, `read_time`, `is_system`, `create_time`, `update_time`) VALUES ('1916817089856512002', 2, '质检通知', '你有一笔出库质检订单', '1896450516030771201', 'iKun', '1896450516030771201', 'iKun', 1, 0, 'QI20250428000002', 3, '2025-04-28 19:29:41', '2025-05-03 15:01:07', 1, '2025-04-28 19:29:41', '2025-04-28 19:29:41');
INSERT INTO `notif_msg` (`id`, `type`, `title`, `content`, `recipient_id`, `recipient_name`, `sender_id`, `sender_name`, `read_status`, `priority`, `related_biz_id`, `related_biz_type`, `send_time`, `read_time`, `is_system`, `create_time`, `update_time`) VALUES ('1917405559801417729', 3, '订单通知', '你有一笔出库订单需要审批', '1896450516030771201', 'iKun', '1896450516030771201', 'iKun', 1, 0, 'IR20250430000001', 2, '2025-04-30 10:28:04', '2025-05-03 15:01:06', 1, '2025-04-30 10:28:04', '2025-04-30 10:28:04');
INSERT INTO `notif_msg` (`id`, `type`, `title`, `content`, `recipient_id`, `recipient_name`, `sender_id`, `sender_name`, `read_status`, `priority`, `related_biz_id`, `related_biz_type`, `send_time`, `read_time`, `is_system`, `create_time`, `update_time`) VALUES ('1917405798096605185', 2, '质检通知', '你有一笔入库质检订单', '1896450516030771201', 'iKun', '1896450516030771201', 'iKun', 1, 0, 'QO20250430000001', 3, '2025-04-30 10:29:01', '2025-05-03 15:01:06', 1, '2025-04-30 10:29:01', '2025-04-30 10:29:01');
INSERT INTO `notif_msg` (`id`, `type`, `title`, `content`, `recipient_id`, `recipient_name`, `sender_id`, `sender_name`, `read_status`, `priority`, `related_biz_id`, `related_biz_type`, `send_time`, `read_time`, `is_system`, `create_time`, `update_time`) VALUES ('1918532367519289346', 3, '订单通知', '你有一笔入库订单需要审批', '1896450516030771201', 'iKun', '1896450516030771201', 'iKun', 1, 0, 'OR20250503000001', 1, '2025-05-03 13:05:35', '2025-05-03 15:01:06', 1, '2025-05-03 13:05:35', '2025-05-03 13:05:35');
INSERT INTO `notif_msg` (`id`, `type`, `title`, `content`, `recipient_id`, `recipient_name`, `sender_id`, `sender_name`, `read_status`, `priority`, `related_biz_id`, `related_biz_type`, `send_time`, `read_time`, `is_system`, `create_time`, `update_time`) VALUES ('1918532479301685249', 2, '质检通知', '你有一笔出库质检订单', '1896450516030771201', 'iKun', '1896450516030771201', 'iKun', 1, 0, 'QI20250503000001', 3, '2025-05-03 13:06:02', '2025-05-03 15:01:06', 1, '2025-05-03 13:06:02', '2025-05-03 13:06:02');
INSERT INTO `notif_msg` (`id`, `type`, `title`, `content`, `recipient_id`, `recipient_name`, `sender_id`, `sender_name`, `read_status`, `priority`, `related_biz_id`, `related_biz_type`, `send_time`, `read_time`, `is_system`, `create_time`, `update_time`) VALUES ('1918532672675876866', 1, '库存预警', '库存超过最大库存', '1896450516030771201', 'iKun', '-1', 'system', 1, 0, 'AL20250503000001', 5, '2025-05-03 13:06:48', '2025-05-03 15:01:06', 1, '2025-05-03 13:06:48', '2025-05-03 13:06:48');
INSERT INTO `notif_msg` (`id`, `type`, `title`, `content`, `recipient_id`, `recipient_name`, `sender_id`, `sender_name`, `read_status`, `priority`, `related_biz_id`, `related_biz_type`, `send_time`, `read_time`, `is_system`, `create_time`, `update_time`) VALUES ('1918558416957313026', 3, '订单通知', '你有一笔入库订单需要审批', '1896450516030771201', 'iKun', '1896450516030771201', 'iKun', 1, 0, 'OR20250503000006', 1, '2025-05-03 14:49:06', '2025-05-03 15:01:05', 1, '2025-05-03 14:49:06', '2025-05-03 14:49:06');
INSERT INTO `notif_msg` (`id`, `type`, `title`, `content`, `recipient_id`, `recipient_name`, `sender_id`, `sender_name`, `read_status`, `priority`, `related_biz_id`, `related_biz_type`, `send_time`, `read_time`, `is_system`, `create_time`, `update_time`) VALUES ('1918558682691637249', 3, '订单通知', '你有一笔入库订单需要审批', '1896450516030771201', 'iKun', '1896450516030771201', 'iKun', 1, 0, 'OR20250503000007', 1, '2025-05-03 14:50:10', '2025-05-03 14:50:11', 1, '2025-05-03 14:50:10', '2025-05-03 14:50:10');
INSERT INTO `notif_msg` (`id`, `type`, `title`, `content`, `recipient_id`, `recipient_name`, `sender_id`, `sender_name`, `read_status`, `priority`, `related_biz_id`, `related_biz_type`, `send_time`, `read_time`, `is_system`, `create_time`, `update_time`) VALUES ('1918558785204621314', 2, '质检通知', '你有一笔出库质检订单', '1896450516030771201', 'iKun', '1896450516030771201', 'iKun', 1, 0, 'QI20250503000004', 3, '2025-05-03 14:50:34', '2025-05-03 14:50:37', 1, '2025-05-03 14:50:34', '2025-05-03 14:50:34');
INSERT INTO `notif_msg` (`id`, `type`, `title`, `content`, `recipient_id`, `recipient_name`, `sender_id`, `sender_name`, `read_status`, `priority`, `related_biz_id`, `related_biz_type`, `send_time`, `read_time`, `is_system`, `create_time`, `update_time`) VALUES ('1918561268832358401', 1, '库存预警', '库存超过最大库存', '1896450516030771201', 'iKun', '-1', 'system', 1, 0, 'AL20250503000009', 5, '2025-05-03 15:00:26', '2025-05-03 15:01:05', 1, '2025-05-03 15:00:26', '2025-05-03 15:00:26');
INSERT INTO `notif_msg` (`id`, `type`, `title`, `content`, `recipient_id`, `recipient_name`, `sender_id`, `sender_name`, `read_status`, `priority`, `related_biz_id`, `related_biz_type`, `send_time`, `read_time`, `is_system`, `create_time`, `update_time`) VALUES ('1918561269104988161', 1, '库存预警', '库存超过最大库存', '1896450516030771201', 'iKun', '-1', 'system', 1, 0, 'AL20250503000010', 5, '2025-05-03 15:00:26', '2025-05-03 15:01:00', 1, '2025-05-03 15:00:26', '2025-05-03 15:00:26');
INSERT INTO `notif_msg` (`id`, `type`, `title`, `content`, `recipient_id`, `recipient_name`, `sender_id`, `sender_name`, `read_status`, `priority`, `related_biz_id`, `related_biz_type`, `send_time`, `read_time`, `is_system`, `create_time`, `update_time`) VALUES ('1918561808190492674', 3, '订单通知', '你有一笔入库订单需要审批', '1896450516030771201', 'iKun', '1896450516030771201', 'iKun', 1, 0, 'OR20250503000008', 1, '2025-05-03 15:02:35', '2025-05-03 15:02:36', 1, '2025-05-03 15:02:35', '2025-05-03 15:02:35');
INSERT INTO `notif_msg` (`id`, `type`, `title`, `content`, `recipient_id`, `recipient_name`, `sender_id`, `sender_name`, `read_status`, `priority`, `related_biz_id`, `related_biz_type`, `send_time`, `read_time`, `is_system`, `create_time`, `update_time`) VALUES ('1918561881003610113', 2, '质检通知', '你有一笔出库质检订单', '1896450516030771201', 'iKun', '1896450516030771201', 'iKun', 1, 0, 'QI20250503000005', 3, '2025-05-03 15:02:52', '2025-05-03 15:02:54', 1, '2025-05-03 15:02:52', '2025-05-03 15:02:52');
INSERT INTO `notif_msg` (`id`, `type`, `title`, `content`, `recipient_id`, `recipient_name`, `sender_id`, `sender_name`, `read_status`, `priority`, `related_biz_id`, `related_biz_type`, `send_time`, `read_time`, `is_system`, `create_time`, `update_time`) VALUES ('1918566547766620162', 3, '订单通知', '你有一笔出库订单需要审批', '1896450516030771201', 'iKun', '1896450516030771201', 'iKun', 1, 0, 'IR20250503000001', 2, '2025-05-03 15:21:25', '2025-05-03 15:21:42', 1, '2025-05-03 15:21:25', '2025-05-03 15:21:25');
INSERT INTO `notif_msg` (`id`, `type`, `title`, `content`, `recipient_id`, `recipient_name`, `sender_id`, `sender_name`, `read_status`, `priority`, `related_biz_id`, `related_biz_type`, `send_time`, `read_time`, `is_system`, `create_time`, `update_time`) VALUES ('1918566920434724865', 2, '质检通知', '你有一笔入库质检订单', '1896450516030771201', 'iKun', '1896450516030771201', 'iKun', 1, 0, 'QO20250503000001', 3, '2025-05-03 15:22:54', '2025-05-03 15:22:56', 1, '2025-05-03 15:22:54', '2025-05-03 15:22:54');
INSERT INTO `notif_msg` (`id`, `type`, `title`, `content`, `recipient_id`, `recipient_name`, `sender_id`, `sender_name`, `read_status`, `priority`, `related_biz_id`, `related_biz_type`, `send_time`, `read_time`, `is_system`, `create_time`, `update_time`) VALUES ('1918566987551977474', 1, '库存预警', '库存低于最小库存', '1896450516030771201', 'iKun', '-1', 'system', 1, 0, 'AL20250503000011', 5, '2025-05-03 15:23:10', '2025-05-03 15:23:12', 1, '2025-05-03 15:23:10', '2025-05-03 15:23:10');
INSERT INTO `notif_msg` (`id`, `type`, `title`, `content`, `recipient_id`, `recipient_name`, `sender_id`, `sender_name`, `read_status`, `priority`, `related_biz_id`, `related_biz_type`, `send_time`, `read_time`, `is_system`, `create_time`, `update_time`) VALUES ('1918567298869997569', 3, '订单通知', '你有一笔入库订单需要审批', '1896450516030771201', 'iKun', '1896450516030771201', 'iKun', 1, 0, 'OR20250503000009', 1, '2025-05-03 15:24:24', '2025-05-03 15:24:27', 1, '2025-05-03 15:24:24', '2025-05-03 15:24:24');
INSERT INTO `notif_msg` (`id`, `type`, `title`, `content`, `recipient_id`, `recipient_name`, `sender_id`, `sender_name`, `read_status`, `priority`, `related_biz_id`, `related_biz_type`, `send_time`, `read_time`, `is_system`, `create_time`, `update_time`) VALUES ('1918567375302799362', 2, '质检通知', '你有一笔出库质检订单', '1896450516030771201', 'iKun', '1896450516030771201', 'iKun', 1, 0, 'QI20250503000006', 3, '2025-05-03 15:24:42', '2025-05-03 15:24:44', 1, '2025-05-03 15:24:42', '2025-05-03 15:24:42');
INSERT INTO `notif_msg` (`id`, `type`, `title`, `content`, `recipient_id`, `recipient_name`, `sender_id`, `sender_name`, `read_status`, `priority`, `related_biz_id`, `related_biz_type`, `send_time`, `read_time`, `is_system`, `create_time`, `update_time`) VALUES ('1918569632287141889', 3, '订单通知', '你有一笔出库订单需要审批', '1896450516030771201', 'iKun', '1896450516030771201', 'iKun', 1, 0, 'IR20250503000002', 2, '2025-05-03 15:33:40', '2025-05-03 15:33:42', 1, '2025-05-03 15:33:40', '2025-05-03 15:33:40');
INSERT INTO `notif_msg` (`id`, `type`, `title`, `content`, `recipient_id`, `recipient_name`, `sender_id`, `sender_name`, `read_status`, `priority`, `related_biz_id`, `related_biz_type`, `send_time`, `read_time`, `is_system`, `create_time`, `update_time`) VALUES ('1918570009036304386', 2, '质检通知', '你有一笔入库质检订单', '1896450516030771201', 'iKun', '1896450516030771201', 'iKun', 1, 0, 'QO20250503000002', 3, '2025-05-03 15:35:10', '2025-05-03 15:35:12', 1, '2025-05-03 15:35:10', '2025-05-03 15:35:10');
INSERT INTO `notif_msg` (`id`, `type`, `title`, `content`, `recipient_id`, `recipient_name`, `sender_id`, `sender_name`, `read_status`, `priority`, `related_biz_id`, `related_biz_type`, `send_time`, `read_time`, `is_system`, `create_time`, `update_time`) VALUES ('1918964275713646594', 4, '库位变更', '你有一条库位变更消息', '1896450516030771201', 'iKun', '1896450516030771201', 'iKun', 1, 0, 'SM20250504000004', 4, '2025-05-04 17:41:51', '2025-05-04 17:41:56', 1, '2025-05-04 17:41:51', '2025-05-04 17:41:51');
INSERT INTO `notif_msg` (`id`, `type`, `title`, `content`, `recipient_id`, `recipient_name`, `sender_id`, `sender_name`, `read_status`, `priority`, `related_biz_id`, `related_biz_type`, `send_time`, `read_time`, `is_system`, `create_time`, `update_time`) VALUES ('1919054289130733570', 4, '库位变更', '你有一条库位变更消息', '1896450516030771201', 'iKun', '1896450516030771201', 'iKun', 1, 0, 'SM20250504000005', 4, '2025-05-04 23:39:31', '2025-05-04 23:39:36', 1, '2025-05-04 23:39:31', '2025-05-04 23:39:31');
COMMIT;

-- ----------------------------
-- Table structure for notif_notice
-- ----------------------------
DROP TABLE IF EXISTS `notif_notice`;
CREATE TABLE `notif_notice` (
  `id` varchar(32) NOT NULL COMMENT '公告ID',
  `title` varchar(200) NOT NULL COMMENT '标题',
  `content` text NOT NULL COMMENT '内容',
  `publisher` varchar(50) NOT NULL COMMENT '发布人',
  `publish_time` datetime DEFAULT NULL COMMENT '发布时间',
  `end_time` datetime DEFAULT NULL COMMENT '结束时间',
  `status` tinyint(1) NOT NULL DEFAULT '0' COMMENT '状态：0-未发布，1-已发布，2-废弃',
  `priority` tinyint(1) DEFAULT '0' COMMENT '优先级：0-普通，1-重要，2-紧急',
  `is_top` tinyint(1) DEFAULT '0' COMMENT '是否置顶：0-否，1-是',
  `create_time` datetime NOT NULL COMMENT '创建时间',
  `update_time` datetime NOT NULL COMMENT '更新时间',
  PRIMARY KEY (`id`),
  KEY `idx_status` (`status`),
  KEY `idx_is_top` (`is_top`),
  KEY `idx_publish_time` (`publish_time`)
) ENGINE=InnoDB DEFAULT CHARSET=utf8mb4 COLLATE=utf8mb4_0900_ai_ci COMMENT='公告表';

-- ----------------------------
-- Records of notif_notice
-- ----------------------------
BEGIN;
INSERT INTO `notif_notice` (`id`, `title`, `content`, `publisher`, `publish_time`, `end_time`, `status`, `priority`, `is_top`, `create_time`, `update_time`) VALUES ('1905970881051152386', 'Test1', '- Test1的公告内容\n```Java\npublic class{\n\n}\n```', '1896450516030771201', '2025-03-29 00:00:00', NULL, 1, 0, 0, '2025-03-29 00:00:00', '2025-03-29 00:00:00');
INSERT INTO `notif_notice` (`id`, `title`, `content`, `publisher`, `publish_time`, `end_time`, `status`, `priority`, `is_top`, `create_time`, `update_time`) VALUES ('1905970975863394306', 'Test2', '1111232', '1896450516030771201', NULL, '2025-03-29 00:00:00', 2, 1, 0, '2025-03-29 00:00:00', '2025-03-29 00:00:00');
COMMIT;

-- ----------------------------
-- Table structure for order_in
-- ----------------------------
DROP TABLE IF EXISTS `order_in`;
CREATE TABLE `order_in` (
  `id` varchar(32) NOT NULL COMMENT '入库订单ID',
  `order_no` varchar(32) NOT NULL COMMENT '订单编号',
  `type` tinyint(1) NOT NULL COMMENT '类型：0-出库，1入库',
  `order_type` tinyint(1) NOT NULL COMMENT '订单类型：1-采购入库，2-自动入库',
  `creator` varchar(50) NOT NULL COMMENT '创建人',
  `approver` varchar(50) CHARACTER SET utf8mb4 COLLATE utf8mb4_0900_ai_ci NOT NULL COMMENT '审核人',
  `inspector` varchar(50) DEFAULT NULL COMMENT '质检员',
  `expected_time` datetime NOT NULL COMMENT '预计到达时间',
  `actual_time` datetime DEFAULT NULL COMMENT '实际到达时间',
  `total_amount` decimal(12,2) NOT NULL DEFAULT '0.00' COMMENT '总金额',
  `total_quantity` int NOT NULL DEFAULT '0' COMMENT '总数量',
  `status` tinyint(1) NOT NULL DEFAULT '0' COMMENT '0-待审核，1-审批通过，2-入库中/出库中，3-已完成，-1-已取消 -2-审批拒绝',
  `quality_status` tinyint(1) NOT NULL DEFAULT '0' COMMENT '质检状态：0-未质检，1-质检通过，2-质检不通过，3-部分异常',
  `remark` varchar(500) DEFAULT NULL COMMENT '备注',
  `create_time` datetime NOT NULL COMMENT '创建时间',
  `update_time` datetime NOT NULL COMMENT '更新时间',
  PRIMARY KEY (`id`),
  UNIQUE KEY `uk_order_no` (`order_no`),
  KEY `idx_status` (`status`),
  KEY `idx_create_time` (`create_time`)
) ENGINE=InnoDB DEFAULT CHARSET=utf8mb4 COLLATE=utf8mb4_0900_ai_ci COMMENT='入库订单表';

-- ----------------------------
-- Records of order_in
-- ----------------------------
BEGIN;
INSERT INTO `order_in` (`id`, `order_no`, `type`, `order_type`, `creator`, `approver`, `inspector`, `expected_time`, `actual_time`, `total_amount`, `total_quantity`, `status`, `quality_status`, `remark`, `create_time`, `update_time`) VALUES ('1911093194214014978', 'OR20250413000001', 1, 1, '1896450516030771201', '1896450516030771201', '1896450516030771201', '2025-04-13 00:24:17', '2025-04-13 00:28:09', 1413675330.00, 12345, 3, 1, '', '2025-04-13 00:24:59', '2025-04-13 00:28:45');
INSERT INTO `order_in` (`id`, `order_no`, `type`, `order_type`, `creator`, `approver`, `inspector`, `expected_time`, `actual_time`, `total_amount`, `total_quantity`, `status`, `quality_status`, `remark`, `create_time`, `update_time`) VALUES ('1911093260446269441', 'OR20250413000002', 1, 1, '1896450516030771201', '1896450516030771201', '1896450516030771201', '2025-04-13 00:25:02', '2025-04-13 00:28:07', 140092356.00, 14444, 3, 1, '', '2025-04-13 00:25:14', '2025-04-13 00:28:59');
INSERT INTO `order_in` (`id`, `order_no`, `type`, `order_type`, `creator`, `approver`, `inspector`, `expected_time`, `actual_time`, `total_amount`, `total_quantity`, `status`, `quality_status`, `remark`, `create_time`, `update_time`) VALUES ('1911093403392344066', 'OR20250413000003', 1, 1, '1896450516030771201', '1896450516030771201', '1896450516030771201', '2025-04-23 00:00:00', '2025-04-13 00:28:04', 52336277.00, 13423, 3, 1, '', '2025-04-13 00:25:48', '2025-04-13 00:29:08');
INSERT INTO `order_in` (`id`, `order_no`, `type`, `order_type`, `creator`, `approver`, `inspector`, `expected_time`, `actual_time`, `total_amount`, `total_quantity`, `status`, `quality_status`, `remark`, `create_time`, `update_time`) VALUES ('1911093507880845314', 'OR20250413000004', 1, 1, '1896450516030771201', '1896450516030771201', '1896450516030771201', '2025-04-16 00:00:00', '2025-04-13 00:28:02', 16848567.00, 2133, 3, 1, '', '2025-04-13 00:26:13', '2025-04-13 00:29:17');
INSERT INTO `order_in` (`id`, `order_no`, `type`, `order_type`, `creator`, `approver`, `inspector`, `expected_time`, `actual_time`, `total_amount`, `total_quantity`, `status`, `quality_status`, `remark`, `create_time`, `update_time`) VALUES ('1911093586821840898', 'OR20250413000005', 1, 1, '1896450516030771201', '1896450516030771201', '1896450516030771201', '2025-04-23 00:00:00', '2025-04-13 00:28:00', 173193566.00, 14434, 3, 1, '', '2025-04-13 00:26:32', '2025-04-13 00:29:27');
INSERT INTO `order_in` (`id`, `order_no`, `type`, `order_type`, `creator`, `approver`, `inspector`, `expected_time`, `actual_time`, `total_amount`, `total_quantity`, `status`, `quality_status`, `remark`, `create_time`, `update_time`) VALUES ('1912105697550675970', 'OR20250415000001', 1, 1, '1896450516030771201', '1896450516030771201', '1896450516030771201', '2025-04-15 19:27:39', '2025-04-15 19:29:11', 1374168.00, 12, 3, 1, '', '2025-04-15 19:28:18', '2025-04-15 19:29:21');
INSERT INTO `order_in` (`id`, `order_no`, `type`, `order_type`, `creator`, `approver`, `inspector`, `expected_time`, `actual_time`, `total_amount`, `total_quantity`, `status`, `quality_status`, `remark`, `create_time`, `update_time`) VALUES ('1913458612782120961', 'OR20250419000001', 1, 1, '1896450516030771201', '1896450516030771201', '1896450516030771201', '2025-04-19 13:04:07', '2025-04-19 13:08:57', 114514.00, 1, 2, 1, '', '2025-04-19 13:04:18', '2025-04-28 14:07:08');
INSERT INTO `order_in` (`id`, `order_no`, `type`, `order_type`, `creator`, `approver`, `inspector`, `expected_time`, `actual_time`, `total_amount`, `total_quantity`, `status`, `quality_status`, `remark`, `create_time`, `update_time`) VALUES ('1914661832927207426', 'OR20250422000001', 1, 1, '1896450516030771201', '1896450516030771201', '1896450516030771201', '2025-04-22 20:45:02', '2025-04-22 20:45:57', 140326386.00, 1344, 3, 1, '', '2025-04-22 20:45:28', '2025-04-22 20:46:10');
INSERT INTO `order_in` (`id`, `order_no`, `type`, `order_type`, `creator`, `approver`, `inspector`, `expected_time`, `actual_time`, `total_amount`, `total_quantity`, `status`, `quality_status`, `remark`, `create_time`, `update_time`) VALUES ('1915020348854571010', 'OR20250423000001', 1, 1, '1896450516030771201', '1896450516030771201', NULL, '2025-04-23 20:28:53', NULL, 167888.00, 112, 0, 0, '', '2025-04-23 20:30:05', '2025-04-23 20:30:05');
INSERT INTO `order_in` (`id`, `order_no`, `type`, `order_type`, `creator`, `approver`, `inspector`, `expected_time`, `actual_time`, `total_amount`, `total_quantity`, `status`, `quality_status`, `remark`, `create_time`, `update_time`) VALUES ('1916735584699633666', 'OR20250428000001', 1, 1, '1896450516030771201', '1896450516030771201', '1896450516030771201', '2025-04-28 14:05:34', '2025-04-28 19:29:41', 114514.00, 1, 2, 1, '', '2025-04-28 14:05:49', '2025-04-30 10:28:29');
INSERT INTO `order_in` (`id`, `order_no`, `type`, `order_type`, `creator`, `approver`, `inspector`, `expected_time`, `actual_time`, `total_amount`, `total_quantity`, `status`, `quality_status`, `remark`, `create_time`, `update_time`) VALUES ('1916735774462529537', 'OR20250428000002', 1, 1, '1896450516030771201', '1896450516030771201', '1896450516030771201', '2025-04-28 14:06:24', '2025-04-28 14:06:58', 6899.00, 1, 1, 0, '审批通过', '2025-04-28 14:06:35', '2025-04-28 14:06:52');
INSERT INTO `order_in` (`id`, `order_no`, `type`, `order_type`, `creator`, `approver`, `inspector`, `expected_time`, `actual_time`, `total_amount`, `total_quantity`, `status`, `quality_status`, `remark`, `create_time`, `update_time`) VALUES ('1918532364075749378', 'OR20250503000001', 1, 1, '1896450516030771201', '1896450516030771201', '1896450516030771201', '2025-05-03 13:05:18', '2025-05-03 13:06:02', 28791.00, 9, 3, 1, '', '2025-05-03 13:05:35', '2025-05-03 13:06:41');
INSERT INTO `order_in` (`id`, `order_no`, `type`, `order_type`, `creator`, `approver`, `inspector`, `expected_time`, `actual_time`, `total_amount`, `total_quantity`, `status`, `quality_status`, `remark`, `create_time`, `update_time`) VALUES ('1918558415766147074', 'OR20250503000006', 1, 1, '1896450516030771201', '1896450516030771201', NULL, '2025-05-03 14:48:12', NULL, 2090043.00, 27, -1, 0, '23', '2025-05-03 14:49:06', '2025-05-03 14:49:19');
INSERT INTO `order_in` (`id`, `order_no`, `type`, `order_type`, `creator`, `approver`, `inspector`, `expected_time`, `actual_time`, `total_amount`, `total_quantity`, `status`, `quality_status`, `remark`, `create_time`, `update_time`) VALUES ('1918558682469355522', 'OR20250503000007', 1, 1, '1896450516030771201', '1896450516030771201', '1896450516030771201', '2025-05-03 14:49:22', '2025-05-03 14:50:34', 1233195.00, 40, 3, 1, '', '2025-05-03 14:50:10', '2025-05-03 14:50:48');
INSERT INTO `order_in` (`id`, `order_no`, `type`, `order_type`, `creator`, `approver`, `inspector`, `expected_time`, `actual_time`, `total_amount`, `total_quantity`, `status`, `quality_status`, `remark`, `create_time`, `update_time`) VALUES ('1918561807435448321', 'OR20250503000008', 1, 1, '1896450516030771201', '1896450516030771201', '1896450516030771201', '2025-05-03 15:02:22', '2025-05-03 15:02:52', 6899.00, 1, 3, 1, '', '2025-05-03 15:02:35', '2025-05-03 15:02:59');
INSERT INTO `order_in` (`id`, `order_no`, `type`, `order_type`, `creator`, `approver`, `inspector`, `expected_time`, `actual_time`, `total_amount`, `total_quantity`, `status`, `quality_status`, `remark`, `create_time`, `update_time`) VALUES ('1918567298551234561', 'OR20250503000009', 1, 1, '1896450516030771201', '1896450516030771201', '1896450516030771201', '2025-05-03 15:24:10', '2025-05-03 15:24:42', 11697.00, 3, 3, 1, '', '2025-05-03 15:24:24', '2025-05-03 15:24:52');
COMMIT;

-- ----------------------------
-- Table structure for order_in_item
-- ----------------------------
DROP TABLE IF EXISTS `order_in_item`;
CREATE TABLE `order_in_item` (
  `id` varchar(32) NOT NULL COMMENT '明细ID',
  `order_id` varchar(32) NOT NULL COMMENT '入库订单ID',
  `product_id` varchar(32) NOT NULL COMMENT '产品ID',
  `product_name` varchar(200) NOT NULL COMMENT '产品名称',
  `product_code` varchar(50) NOT NULL COMMENT '产品编码',
  `expected_quantity` int NOT NULL COMMENT '预期数量',
  `actual_quantity` int DEFAULT '0' COMMENT '实际数量',
  `price` decimal(10,2) NOT NULL COMMENT '单价',
  `amount` decimal(12,2) NOT NULL COMMENT '金额',
  `area_id` varchar(32) CHARACTER SET utf8mb4 COLLATE utf8mb4_0900_ai_ci NOT NULL COMMENT '区域ID',
  `location` json DEFAULT NULL COMMENT '具体位置，格式\n[\n  {\n      shelfId:,\n      storageIds:[]\n  }\n]',
  `batch_number` varchar(100) CHARACTER SET utf8mb4 COLLATE utf8mb4_0900_ai_ci NOT NULL COMMENT '批次号',
  `production_date` date DEFAULT NULL COMMENT '生产日期',
  `status` tinyint(1) DEFAULT '0' COMMENT '0-待审核，1-审批通过，2-入库中/出库中，3-已完成，-1-已取消 -2-审批拒绝',
  `quality_status` tinyint(1) DEFAULT '0' COMMENT '质检状态：0-未质检，1-质检通过，2-质检不通过，3-部分异常',
  `remark` varchar(500) DEFAULT NULL COMMENT '备注',
  `create_time` datetime NOT NULL COMMENT '创建时间',
  `update_time` datetime NOT NULL COMMENT '更新时间',
  PRIMARY KEY (`id`),
  KEY `idx_order_id` (`order_id`),
  KEY `idx_product_id` (`product_id`)
) ENGINE=InnoDB DEFAULT CHARSET=utf8mb4 COLLATE=utf8mb4_0900_ai_ci COMMENT='入库订单明细表';

-- ----------------------------
-- Records of order_in_item
-- ----------------------------
BEGIN;
INSERT INTO `order_in_item` (`id`, `order_id`, `product_id`, `product_name`, `product_code`, `expected_quantity`, `actual_quantity`, `price`, `amount`, `area_id`, `location`, `batch_number`, `production_date`, `status`, `quality_status`, `remark`, `create_time`, `update_time`) VALUES ('1911093195312922626', '1911093194214014978', '1897311533005512706', 'iPhone 15 pro', 'iPhone-15-pro', 12345, 12345, 114514.00, 1413675330.00, '1898645979654766593', '[{\"shelfId\": \"1898700659026018306\", \"storageIds\": [\"1899421665568157698\"]}]', '2025041300000001', '2025-04-06', 3, 1, '1', '2025-04-13 00:24:59', '2025-04-13 00:28:45');
INSERT INTO `order_in_item` (`id`, `order_id`, `product_id`, `product_name`, `product_code`, `expected_quantity`, `actual_quantity`, `price`, `amount`, `area_id`, `location`, `batch_number`, `production_date`, `status`, `quality_status`, `remark`, `create_time`, `update_time`) VALUES ('1911093260559515649', '1911093260446269441', '1897315660058042369', 'Galaxy', 'Sansung-01', 14444, 14444, 9699.00, 140092356.00, '1898645979654766593', '[{\"shelfId\": \"1898700659026018306\", \"storageIds\": [\"1898787401099874306\"]}]', '2025041300000002', '2025-04-06', 3, 1, '2', '2025-04-13 00:25:14', '2025-04-13 00:28:59');
INSERT INTO `order_in_item` (`id`, `order_id`, `product_id`, `product_name`, `product_code`, `expected_quantity`, `actual_quantity`, `price`, `amount`, `area_id`, `location`, `batch_number`, `production_date`, `status`, `quality_status`, `remark`, `create_time`, `update_time`) VALUES ('1911093403526561794', '1911093403392344066', '1901154713333276673', 'vivo X200', 'VIVO-X200', 13423, 13423, 3899.00, 52336277.00, '1898645979654766593', '[{\"shelfId\": \"1898700659026018306\", \"storageIds\": [\"1898787361241403393\"]}]', '2025041300000003', '2025-04-13', 3, 1, '3', '2025-04-13 00:25:48', '2025-04-13 00:29:08');
INSERT INTO `order_in_item` (`id`, `order_id`, `product_id`, `product_name`, `product_code`, `expected_quantity`, `actual_quantity`, `price`, `amount`, `area_id`, `location`, `batch_number`, `production_date`, `status`, `quality_status`, `remark`, `create_time`, `update_time`) VALUES ('1911093508010868737', '1911093507880845314', '1903068405488087041', 'HUAWEI Mate 60', 'HUAIWEI-MATE-60', 2133, 2133, 7899.00, 16848567.00, '1898645979654766593', '[{\"shelfId\": \"1898700659026018306\", \"storageIds\": [\"1898772262124433410\"]}]', '2025041300000004', '2025-04-13', 3, 1, '5', '2025-04-13 00:26:13', '2025-04-13 00:29:17');
INSERT INTO `order_in_item` (`id`, `order_id`, `product_id`, `product_name`, `product_code`, `expected_quantity`, `actual_quantity`, `price`, `amount`, `area_id`, `location`, `batch_number`, `production_date`, `status`, `quality_status`, `remark`, `create_time`, `update_time`) VALUES ('1911093586960252929', '1911093586821840898', '1897315128870412290', 'MacBook', 'Apple-03', 14434, 14432, 11999.00, 173193566.00, '1898645979654766593', '[{\"shelfId\": \"1898700659026018306\", \"storageIds\": [\"1898770317204676609\"]}]', '2025041300000005', '2025-04-01', 3, 1, '4', '2025-04-13 00:26:32', '2025-04-13 00:29:27');
INSERT INTO `order_in_item` (`id`, `order_id`, `product_id`, `product_name`, `product_code`, `expected_quantity`, `actual_quantity`, `price`, `amount`, `area_id`, `location`, `batch_number`, `production_date`, `status`, `quality_status`, `remark`, `create_time`, `update_time`) VALUES ('1912105697848471553', '1912105697550675970', '1897311533005512706', 'iPhone 15 pro', 'iPhone-15-pro', 12, 12, 114514.00, 1374168.00, '1898645979654766593', '[{\"shelfId\": \"1898700659026018306\", \"storageIds\": [\"1899421665568157698\", \"1899421665568157700\"]}]', '2025041300000001', NULL, 3, 1, '1', '2025-04-15 19:28:18', '2025-04-15 19:29:21');
INSERT INTO `order_in_item` (`id`, `order_id`, `product_id`, `product_name`, `product_code`, `expected_quantity`, `actual_quantity`, `price`, `amount`, `area_id`, `location`, `batch_number`, `production_date`, `status`, `quality_status`, `remark`, `create_time`, `update_time`) VALUES ('1913458614736666626', '1913458612782120961', '1897311533005512706', 'iPhone 15 pro', 'iPhone-15-pro', 1, 1, 114514.00, 114514.00, '1898645979654766593', '[{\"shelfId\": \"1898700659026018306\", \"storageIds\": [\"1899421665568157701\"]}]', '2025041900000001', '2025-04-19', 2, 1, '', '2025-04-19 13:04:19', '2025-04-28 14:07:08');
INSERT INTO `order_in_item` (`id`, `order_id`, `product_id`, `product_name`, `product_code`, `expected_quantity`, `actual_quantity`, `price`, `amount`, `area_id`, `location`, `batch_number`, `production_date`, `status`, `quality_status`, `remark`, `create_time`, `update_time`) VALUES ('1914661833178865665', '1914661832927207426', '1897311533005512706', 'iPhone 15 pro', 'iPhone-15-pro', 1222, 1222, 114514.00, 139936108.00, '1898645979654766593', '[{\"shelfId\": \"1898707410911625217\", \"storageIds\": [\"1898787743397023749\"]}]', '2025042200000001', '2025-04-22', 3, 1, '', '2025-04-22 20:45:28', '2025-04-22 20:46:10');
INSERT INTO `order_in_item` (`id`, `order_id`, `product_id`, `product_name`, `product_code`, `expected_quantity`, `actual_quantity`, `price`, `amount`, `area_id`, `location`, `batch_number`, `production_date`, `status`, `quality_status`, `remark`, `create_time`, `update_time`) VALUES ('1914661833229197314', '1914661832927207426', '1897314226491072514', 'Apple Watch', 'Apple-01', 122, 122, 3199.00, 390278.00, '1898645979654766593', '[{\"shelfId\": \"1898707410911625217\", \"storageIds\": [\"1899421665568157702\"]}]', '2025042200000002', '2025-04-22', 3, 1, '', '2025-04-22 20:45:28', '2025-04-22 20:46:10');
INSERT INTO `order_in_item` (`id`, `order_id`, `product_id`, `product_name`, `product_code`, `expected_quantity`, `actual_quantity`, `price`, `amount`, `area_id`, `location`, `batch_number`, `production_date`, `status`, `quality_status`, `remark`, `create_time`, `update_time`) VALUES ('1915020350284828673', '1915020348854571010', '1915020349626322946', 'inter i5 ', 'inter-i5-001', 112, 0, 1499.00, 167888.00, '', '[]', '2025042300000001', '2025-04-23', 0, 0, '', '2025-04-23 20:30:05', '2025-04-23 20:30:05');
INSERT INTO `order_in_item` (`id`, `order_id`, `product_id`, `product_name`, `product_code`, `expected_quantity`, `actual_quantity`, `price`, `amount`, `area_id`, `location`, `batch_number`, `production_date`, `status`, `quality_status`, `remark`, `create_time`, `update_time`) VALUES ('1916735586926809090', '1916735584699633666', '1897311533005512706', 'iPhone 15 pro', 'iPhone-15-pro', 1, 1, 114514.00, 114514.00, '1898645979654766593', '[{\"shelfId\": \"1898707410911625217\", \"storageIds\": [\"1899421665568157703\"]}]', '2025042800000001', '2025-04-27', 2, 1, '', '2025-04-28 14:05:50', '2025-04-30 10:28:29');
INSERT INTO `order_in_item` (`id`, `order_id`, `product_id`, `product_name`, `product_code`, `expected_quantity`, `actual_quantity`, `price`, `amount`, `area_id`, `location`, `batch_number`, `production_date`, `status`, `quality_status`, `remark`, `create_time`, `update_time`) VALUES ('1916735774571581442', '1916735774462529537', '1897314424227340290', 'iPhone 15', 'Apple-02', 1, 0, 6899.00, 6899.00, '1898645979654766593', '[{\"shelfId\": \"1898711268564119554\", \"storageIds\": [\"1898787743401218054\"]}]', '2025042800000002', '2025-04-20', 1, 0, '审批通过', '2025-04-28 14:06:35', '2025-04-28 14:06:52');
INSERT INTO `order_in_item` (`id`, `order_id`, `product_id`, `product_name`, `product_code`, `expected_quantity`, `actual_quantity`, `price`, `amount`, `area_id`, `location`, `batch_number`, `production_date`, `status`, `quality_status`, `remark`, `create_time`, `update_time`) VALUES ('1918532366055460865', '1918532364075749378', '1897314226491072514', 'Apple Watch', 'Apple-01', 9, 9, 3199.00, 28791.00, '1898645979654766593', '[{\"shelfId\": \"1898700659026018306\", \"storageIds\": [\"1899421665568157699\"]}]', '2025042200000002', NULL, 3, 1, '', '2025-05-03 13:05:35', '2025-05-03 13:06:41');
INSERT INTO `order_in_item` (`id`, `order_id`, `product_id`, `product_name`, `product_code`, `expected_quantity`, `actual_quantity`, `price`, `amount`, `area_id`, `location`, `batch_number`, `production_date`, `status`, `quality_status`, `remark`, `create_time`, `update_time`) VALUES ('1918558416596619266', '1918558415766147074', '1897311533005512706', 'iPhone 15 pro', 'iPhone-15-pro', 9, 0, 114514.00, 1030626.00, '', '[]', '2025042200000001', NULL, -1, 0, '23', '2025-05-03 14:49:06', '2025-05-03 14:49:19');
INSERT INTO `order_in_item` (`id`, `order_id`, `product_id`, `product_name`, `product_code`, `expected_quantity`, `actual_quantity`, `price`, `amount`, `area_id`, `location`, `batch_number`, `production_date`, `status`, `quality_status`, `remark`, `create_time`, `update_time`) VALUES ('1918558416642756610', '1918558415766147074', '1897311533005512706', 'iPhone 15 pro', 'iPhone-15-pro', 9, 0, 114514.00, 1030626.00, '', '[]', '2025041300000004', NULL, -1, 0, '23', '2025-05-03 14:49:06', '2025-05-03 14:49:19');
INSERT INTO `order_in_item` (`id`, `order_id`, `product_id`, `product_name`, `product_code`, `expected_quantity`, `actual_quantity`, `price`, `amount`, `area_id`, `location`, `batch_number`, `production_date`, `status`, `quality_status`, `remark`, `create_time`, `update_time`) VALUES ('1918558416642756611', '1918558415766147074', '1897314226491072514', 'Apple Watch', 'Apple-01', 9, 0, 3199.00, 28791.00, '', '[]', '2025050300000002', '2025-05-03', -1, 0, '23', '2025-05-03 14:49:06', '2025-05-03 14:49:19');
INSERT INTO `order_in_item` (`id`, `order_id`, `product_id`, `product_name`, `product_code`, `expected_quantity`, `actual_quantity`, `price`, `amount`, `area_id`, `location`, `batch_number`, `production_date`, `status`, `quality_status`, `remark`, `create_time`, `update_time`) VALUES ('1918558682595184642', '1918558682469355522', '1897311533005512706', 'iPhone 15 pro', 'iPhone-15-pro', 9, 9, 114514.00, 1030626.00, '1898645979654766593', '[{\"shelfId\": \"1898711159952617473\", \"storageIds\": [\"1898787743401218052\"]}]', '2025042200000001', NULL, 3, 1, '', '2025-05-03 14:50:10', '2025-05-03 14:50:48');
INSERT INTO `order_in_item` (`id`, `order_id`, `product_id`, `product_name`, `product_code`, `expected_quantity`, `actual_quantity`, `price`, `amount`, `area_id`, `location`, `batch_number`, `production_date`, `status`, `quality_status`, `remark`, `create_time`, `update_time`) VALUES ('1918558682603573249', '1918558682469355522', '1897314226491072514', 'Apple Watch', 'Apple-01', 9, 9, 3199.00, 28791.00, '1898645979654766593', '[{\"shelfId\": \"1898711159952617473\", \"storageIds\": [\"1898787743401218053\"]}]', '2025042200000002', NULL, 3, 1, '', '2025-05-03 14:50:10', '2025-05-03 14:50:48');
INSERT INTO `order_in_item` (`id`, `order_id`, `product_id`, `product_name`, `product_code`, `expected_quantity`, `actual_quantity`, `price`, `amount`, `area_id`, `location`, `batch_number`, `production_date`, `status`, `quality_status`, `remark`, `create_time`, `update_time`) VALUES ('1918558682603573250', '1918558682469355522', '1903068405488087041', 'HUAWEI Mate 60', 'HUAIWEI-MATE-60', 22, 22, 7899.00, 173778.00, '1898645979654766593', '[{\"shelfId\": \"1898711159952617473\", \"storageIds\": [\"1899421665572352006\"]}]', '2025041300000004', NULL, 3, 1, '', '2025-05-03 14:50:10', '2025-05-03 14:50:48');
INSERT INTO `order_in_item` (`id`, `order_id`, `product_id`, `product_name`, `product_code`, `expected_quantity`, `actual_quantity`, `price`, `amount`, `area_id`, `location`, `batch_number`, `production_date`, `status`, `quality_status`, `remark`, `create_time`, `update_time`) VALUES ('1918561808072982529', '1918561807435448321', '1897314424227340290', 'iPhone 15', 'Apple-02', 1, 1, 6899.00, 6899.00, '1898646093588840449', '[{\"shelfId\": \"1898713048417034241\", \"storageIds\": [\"1898788794393137156\"]}]', '2025050300000003', '2025-05-03', 3, 1, '', '2025-05-03 15:02:35', '2025-05-03 15:02:59');
INSERT INTO `order_in_item` (`id`, `order_id`, `product_id`, `product_name`, `product_code`, `expected_quantity`, `actual_quantity`, `price`, `amount`, `area_id`, `location`, `batch_number`, `production_date`, `status`, `quality_status`, `remark`, `create_time`, `update_time`) VALUES ('1918567298706423810', '1918567298551234561', '1901154713333276673', 'vivo X200', 'VIVO-X200', 3, 3, 3899.00, 11697.00, '1898645979654766593', '[{\"shelfId\": \"1898707410911625217\", \"storageIds\": [\"1899421665572352002\"]}]', '2025041300000003', NULL, 3, 1, '', '2025-05-03 15:24:24', '2025-05-03 15:24:52');
COMMIT;

-- ----------------------------
-- Table structure for order_out
-- ----------------------------
DROP TABLE IF EXISTS `order_out`;
CREATE TABLE `order_out` (
  `id` varchar(32) NOT NULL COMMENT '出库订单ID',
  `order_no` varchar(32) NOT NULL COMMENT '订单编号',
  `type` tinyint(1) NOT NULL COMMENT '类型：0-出库，1入库',
  `order_type` tinyint(1) NOT NULL COMMENT '订单类型：1-销售出库，2-调拨出库，3-其他出库',
  `creator` varchar(50) NOT NULL COMMENT '创建人',
  `approver` varchar(50) CHARACTER SET utf8mb4 COLLATE utf8mb4_0900_ai_ci NOT NULL COMMENT '审核人',
  `inspector` varchar(50) DEFAULT NULL COMMENT '质检员',
  `expected_time` datetime NOT NULL COMMENT '预计出库时间',
  `actual_time` datetime DEFAULT NULL COMMENT '实际出库时间',
  `total_amount` decimal(12,2) NOT NULL DEFAULT '0.00' COMMENT '总金额',
  `total_quantity` int NOT NULL DEFAULT '0' COMMENT '总数量',
  `status` tinyint NOT NULL DEFAULT '0' COMMENT '0-待审核，1-审批通过，2-入库中/出库中，3-已完成，-1-已取消 -2-审批拒绝',
  `quality_status` tinyint(1) NOT NULL DEFAULT '0' COMMENT '质检状态：0-未质检，1-质检通过，2-质检不通过，3-部分异常',
  `delivery_address` varchar(255) CHARACTER SET utf8mb4 COLLATE utf8mb4_0900_ai_ci NOT NULL COMMENT '配送地址',
  `contact_name` varchar(50) CHARACTER SET utf8mb4 COLLATE utf8mb4_0900_ai_ci NOT NULL COMMENT '联系人',
  `contact_phone` varchar(20) CHARACTER SET utf8mb4 COLLATE utf8mb4_0900_ai_ci NOT NULL COMMENT '联系电话',
  `remark` varchar(500) DEFAULT NULL COMMENT '备注',
  `create_time` datetime NOT NULL COMMENT '创建时间',
  `update_time` datetime NOT NULL COMMENT '更新时间',
  PRIMARY KEY (`id`),
  UNIQUE KEY `uk_order_no` (`order_no`),
  KEY `idx_status` (`status`),
  KEY `idx_create_time` (`create_time`)
) ENGINE=InnoDB DEFAULT CHARSET=utf8mb4 COLLATE=utf8mb4_0900_ai_ci COMMENT='出库订单表';

-- ----------------------------
-- Records of order_out
-- ----------------------------
BEGIN;
INSERT INTO `order_out` (`id`, `order_no`, `type`, `order_type`, `creator`, `approver`, `inspector`, `expected_time`, `actual_time`, `total_amount`, `total_quantity`, `status`, `quality_status`, `delivery_address`, `contact_name`, `contact_phone`, `remark`, `create_time`, `update_time`) VALUES ('1911096406098771970', 'IR20250413000001', 0, 1, '1896450516030771201', '1896450516030771201', '1896450516030771201', '2025-04-13 00:33:39', '2025-04-15 15:58:58', 801598.00, 7, 3, 1, '1', '1', '13111122211', '审批通过', '2025-04-13 00:37:44', '2025-04-15 15:58:58');
INSERT INTO `order_out` (`id`, `order_no`, `type`, `order_type`, `creator`, `approver`, `inspector`, `expected_time`, `actual_time`, `total_amount`, `total_quantity`, `status`, `quality_status`, `delivery_address`, `contact_name`, `contact_phone`, `remark`, `create_time`, `update_time`) VALUES ('1911108493055336449', 'IR20250413000002', 0, 1, '1896450516030771201', '1896450516030771201', '1896450516030771201', '2025-04-13 00:00:00', '2025-04-15 15:58:53', 1383867.00, 13, 3, 1, '1', '2', '13111122211', '审批通过', '2025-04-13 01:25:46', '2025-04-15 15:58:53');
INSERT INTO `order_out` (`id`, `order_no`, `type`, `order_type`, `creator`, `approver`, `inspector`, `expected_time`, `actual_time`, `total_amount`, `total_quantity`, `status`, `quality_status`, `delivery_address`, `contact_name`, `contact_phone`, `remark`, `create_time`, `update_time`) VALUES ('1911108643802816513', 'IR20250413000003', 0, 1, '1896450516030771201', '1896450516030771201', '1896450516030771201', '2025-04-13 01:25:59', '2025-04-15 15:47:59', 687084.00, 6, 3, 1, '1', '王5', '13111122211', '审批通过', '2025-04-13 01:26:22', '2025-04-15 15:28:12');
INSERT INTO `order_out` (`id`, `order_no`, `type`, `order_type`, `creator`, `approver`, `inspector`, `expected_time`, `actual_time`, `total_amount`, `total_quantity`, `status`, `quality_status`, `delivery_address`, `contact_name`, `contact_phone`, `remark`, `create_time`, `update_time`) VALUES ('1911970817974198273', 'IR20250415000001', 0, 1, '1896450516030771201', '1896450516030771201', '1896450516030771201', '2025-04-15 10:32:01', '2025-04-15 15:58:50', 1374168.00, 12, 3, 1, '1', '1', '13111122211', '12', '2025-04-15 10:32:20', '2025-04-15 15:58:50');
INSERT INTO `order_out` (`id`, `order_no`, `type`, `order_type`, `creator`, `approver`, `inspector`, `expected_time`, `actual_time`, `total_amount`, `total_quantity`, `status`, `quality_status`, `delivery_address`, `contact_name`, `contact_phone`, `remark`, `create_time`, `update_time`) VALUES ('1912046350632095745', 'IR20250415000002', 0, 1, '1896450516030771201', '1896450516030771201', NULL, '2025-04-15 15:32:12', NULL, 496852.00, 8, -1, 0, '1', '1', '13111122211', '1', '2025-04-15 15:32:29', '2025-04-15 15:32:39');
INSERT INTO `order_out` (`id`, `order_no`, `type`, `order_type`, `creator`, `approver`, `inspector`, `expected_time`, `actual_time`, `total_amount`, `total_quantity`, `status`, `quality_status`, `delivery_address`, `contact_name`, `contact_phone`, `remark`, `create_time`, `update_time`) VALUES ('1912046481322414081', 'IR20250415000003', 0, 1, '1896450516030771201', '1896450516030771201', '1896450516030771201', '2025-04-15 15:32:46', '2025-04-15 15:56:52', 496852.00, 8, 3, 3, '1', '1', '13111122211', '审批通过', '2025-04-15 15:33:00', '2025-04-15 15:54:57');
INSERT INTO `order_out` (`id`, `order_no`, `type`, `order_type`, `creator`, `approver`, `inspector`, `expected_time`, `actual_time`, `total_amount`, `total_quantity`, `status`, `quality_status`, `delivery_address`, `contact_name`, `contact_phone`, `remark`, `create_time`, `update_time`) VALUES ('1912053465807466498', 'IR20250415000004', 0, 2, '1896450516030771201', '1896450516030771201', '1896450516030771201', '2025-04-15 00:02:00', NULL, 582269.00, 6, 2, 0, '10 Ubi Ave 3,Singapore 408865\n10 Ubi Ave 3,Singapore 408865', '1', '13111122211', '审批通过', '2025-04-15 16:00:45', '2025-04-15 16:03:03');
INSERT INTO `order_out` (`id`, `order_no`, `type`, `order_type`, `creator`, `approver`, `inspector`, `expected_time`, `actual_time`, `total_amount`, `total_quantity`, `status`, `quality_status`, `delivery_address`, `contact_name`, `contact_phone`, `remark`, `create_time`, `update_time`) VALUES ('1912053623416827906', 'IR20250415000005', 0, 2, '1896450516030771201', '1896450516030771201', '1896450516030771201', '2025-04-15 16:01:09', NULL, 96990.00, 10, 2, 0, '10 Ubi Ave 3,Singapore 408865\n10 Ubi Ave 3,Singapore 408865', '2', '13111122211', '审批通过', '2025-04-15 16:01:23', '2025-04-15 16:03:03');
INSERT INTO `order_out` (`id`, `order_no`, `type`, `order_type`, `creator`, `approver`, `inspector`, `expected_time`, `actual_time`, `total_amount`, `total_quantity`, `status`, `quality_status`, `delivery_address`, `contact_name`, `contact_phone`, `remark`, `create_time`, `update_time`) VALUES ('1912053754161672194', 'IR20250415000006', 0, 2, '1896450516030771201', '1896450516030771201', '1896450516030771201', '2025-04-15 16:01:32', '2025-04-15 16:07:01', 148010.00, 5, 3, 1, '10 Ubi Ave 3,Singapore 408865\n10 Ubi Ave 3,Singapore 408865', 'qsa', '13111122211', '审批通过', '2025-04-15 16:01:54', '2025-04-15 16:07:01');
INSERT INTO `order_out` (`id`, `order_no`, `type`, `order_type`, `creator`, `approver`, `inspector`, `expected_time`, `actual_time`, `total_amount`, `total_quantity`, `status`, `quality_status`, `delivery_address`, `contact_name`, `contact_phone`, `remark`, `create_time`, `update_time`) VALUES ('1912057273744764930', 'IR20250415000007', 0, 1, '1896450516030771201', '1896450516030771201', '1896450516030771201', '2025-04-15 16:15:37', NULL, 116388.00, 12, 2, 0, '1', '1', '13111122211', '审批通过', '2025-04-15 16:15:53', '2025-04-15 16:16:12');
INSERT INTO `order_out` (`id`, `order_no`, `type`, `order_type`, `creator`, `approver`, `inspector`, `expected_time`, `actual_time`, `total_amount`, `total_quantity`, `status`, `quality_status`, `delivery_address`, `contact_name`, `contact_phone`, `remark`, `create_time`, `update_time`) VALUES ('1912106383000612865', 'IR20250415000008', 0, 1, '1896450516030771201', '1896450516030771201', '1896450516030771201', '2025-04-15 19:30:17', '2025-04-15 19:36:18', 1412964.00, 16, 3, 3, '1', '1', '13111122211', '审批通过', '2025-04-15 19:31:02', '2025-04-15 19:36:17');
INSERT INTO `order_out` (`id`, `order_no`, `type`, `order_type`, `creator`, `approver`, `inspector`, `expected_time`, `actual_time`, `total_amount`, `total_quantity`, `status`, `quality_status`, `delivery_address`, `contact_name`, `contact_phone`, `remark`, `create_time`, `update_time`) VALUES ('1912106506954878977', 'IR20250415000009', 0, 1, '1896450516030771201', '1896450516030771201', '1896450516030771201', '2025-04-15 19:31:10', '2025-04-15 19:35:31', 3899.00, 1, 3, 1, '1', '2', '13111122211', '1', '2025-04-15 19:31:31', '2025-04-15 19:35:31');
INSERT INTO `order_out` (`id`, `order_no`, `type`, `order_type`, `creator`, `approver`, `inspector`, `expected_time`, `actual_time`, `total_amount`, `total_quantity`, `status`, `quality_status`, `delivery_address`, `contact_name`, `contact_phone`, `remark`, `create_time`, `update_time`) VALUES ('1913460936095186945', 'IR20250419000001', 0, 1, '1896450516030771201', '1896450516030771201', '1896450516030771201', '2025-04-19 13:13:19', NULL, 114514.00, 1, 1, 0, '1', '12', '13111122211', '审批通过', '2025-04-19 13:13:32', '2025-04-19 13:13:42');
INSERT INTO `order_out` (`id`, `order_no`, `type`, `order_type`, `creator`, `approver`, `inspector`, `expected_time`, `actual_time`, `total_amount`, `total_quantity`, `status`, `quality_status`, `delivery_address`, `contact_name`, `contact_phone`, `remark`, `create_time`, `update_time`) VALUES ('1914654370098483202', 'IR20250422000001', 0, 1, '1896450516030771201', '1896450516030771201', '1896450516030771201', '2025-04-22 20:15:32', NULL, 114514.00, 1, 2, 0, '1', '12', '13111122211', '审批通过', '2025-04-22 20:15:49', '2025-04-22 20:16:14');
INSERT INTO `order_out` (`id`, `order_no`, `type`, `order_type`, `creator`, `approver`, `inspector`, `expected_time`, `actual_time`, `total_amount`, `total_quantity`, `status`, `quality_status`, `delivery_address`, `contact_name`, `contact_phone`, `remark`, `create_time`, `update_time`) VALUES ('1914655698602332161', 'IR20250422000002', 0, 1, '1896450516030771201', '1896450516030771201', '1896450516030771201', '2025-04-22 20:20:51', '2025-04-22 20:22:52', 38796.00, 4, 3, 1, '1', '12', '13111122211', '审批通过', '2025-04-22 20:21:06', '2025-04-22 20:22:52');
INSERT INTO `order_out` (`id`, `order_no`, `type`, `order_type`, `creator`, `approver`, `inspector`, `expected_time`, `actual_time`, `total_amount`, `total_quantity`, `status`, `quality_status`, `delivery_address`, `contact_name`, `contact_phone`, `remark`, `create_time`, `update_time`) VALUES ('1914657010173775874', 'IR20250422000003', 0, 1, '1896450516030771201', '1896450516030771201', '1896450516030771201', '2025-04-22 20:26:00', '2025-04-30 10:29:08', 48495.00, 5, 3, 1, '1', '12', '13111122211', '审批通过', '2025-04-22 20:26:18', '2025-04-30 10:29:08');
INSERT INTO `order_out` (`id`, `order_no`, `type`, `order_type`, `creator`, `approver`, `inspector`, `expected_time`, `actual_time`, `total_amount`, `total_quantity`, `status`, `quality_status`, `delivery_address`, `contact_name`, `contact_phone`, `remark`, `create_time`, `update_time`) VALUES ('1914662173492109314', 'IR20250422000004', 0, 1, '1896450516030771201', '1896450516030771201', '1896450516030771201', '2025-04-22 00:00:00', '2025-04-22 20:48:22', 81588.00, 12, 3, 1, '10 Ubi Ave 3,Singapore 408865\n10 Ubi Ave 3,Singapore 408865', '1', '13111122211', '审批通过', '2025-04-22 20:46:50', '2025-04-22 20:48:22');
INSERT INTO `order_out` (`id`, `order_no`, `type`, `order_type`, `creator`, `approver`, `inspector`, `expected_time`, `actual_time`, `total_amount`, `total_quantity`, `status`, `quality_status`, `delivery_address`, `contact_name`, `contact_phone`, `remark`, `create_time`, `update_time`) VALUES ('1916736036686221313', 'IR20250428000001', 0, 1, '1896450516030771201', '1896569037967204353', '1896450516030771201', '2025-04-28 14:07:21', NULL, 128112.00, 3, 2, 0, '10 Ubi Ave 3,Singapore 408865\n10 Ubi Ave 3,Singapore 408865', '1', '13111122211', '审批通过', '2025-04-28 14:07:37', '2025-04-28 14:08:29');
INSERT INTO `order_out` (`id`, `order_no`, `type`, `order_type`, `creator`, `approver`, `inspector`, `expected_time`, `actual_time`, `total_amount`, `total_quantity`, `status`, `quality_status`, `delivery_address`, `contact_name`, `contact_phone`, `remark`, `create_time`, `update_time`) VALUES ('1917405556550799361', 'IR20250430000001', 0, 1, '1896450516030771201', '1896450516030771201', '1896450516030771201', '2025-04-30 10:27:48', NULL, 114514.00, 1, 2, 0, '10 Ubi Ave 3,Singapore 408865\n10 Ubi Ave 3,Singapore 408865', '12', '13111122211', '审批通过', '2025-04-30 10:28:03', '2025-04-30 10:28:23');
INSERT INTO `order_out` (`id`, `order_no`, `type`, `order_type`, `creator`, `approver`, `inspector`, `expected_time`, `actual_time`, `total_amount`, `total_quantity`, `status`, `quality_status`, `delivery_address`, `contact_name`, `contact_phone`, `remark`, `create_time`, `update_time`) VALUES ('1918566544046276609', 'IR20250503000001', 0, 1, '1896450516030771201', '1896450516030771201', '1896450516030771201', '2025-05-03 15:21:03', '2025-05-03 15:23:10', 31192.00, 8, 3, 1, '10 Ubi Ave 3,Singapore 408865\n10 Ubi Ave 3,Singapore 408865', '12', '13111122211', '审批通过', '2025-05-03 15:21:24', '2025-05-03 15:23:10');
INSERT INTO `order_out` (`id`, `order_no`, `type`, `order_type`, `creator`, `approver`, `inspector`, `expected_time`, `actual_time`, `total_amount`, `total_quantity`, `status`, `quality_status`, `delivery_address`, `contact_name`, `contact_phone`, `remark`, `create_time`, `update_time`) VALUES ('1918569631435702274', 'IR20250503000002', 0, 1, '1896450516030771201', '1896450516030771201', '1896450516030771201', '2025-05-03 15:33:32', '2025-05-03 15:35:50', 524841.00, 19, 3, 1, '10 Ubi Ave 3,Singapore 408865\n10 Ubi Ave 3,Singapore 408865', '12', '13111122211', '审批通过', '2025-05-03 15:33:40', '2025-05-03 15:35:50');
COMMIT;

-- ----------------------------
-- Table structure for order_out_item
-- ----------------------------
DROP TABLE IF EXISTS `order_out_item`;
CREATE TABLE `order_out_item` (
  `id` varchar(32) NOT NULL COMMENT '明细ID',
  `order_id` varchar(32) NOT NULL COMMENT '出库订单ID',
  `product_id` varchar(32) NOT NULL COMMENT '产品ID',
  `product_name` varchar(200) NOT NULL COMMENT '产品名称',
  `product_code` varchar(50) NOT NULL COMMENT '产品编码',
  `expected_quantity` int NOT NULL COMMENT '预期数量',
  `actual_quantity` int DEFAULT '0' COMMENT '实际数量',
  `price` decimal(10,2) NOT NULL COMMENT '单价',
  `amount` decimal(12,2) NOT NULL COMMENT '金额',
  `area_id` varchar(32) DEFAULT NULL COMMENT '区域ID',
  `location` json DEFAULT NULL COMMENT '具体位置，格式\n[\n  {\n      shelfId:,\n      storageIds:[]\n  }\n]',
  `batch_number` varchar(100) CHARACTER SET utf8mb4 COLLATE utf8mb4_0900_ai_ci NOT NULL COMMENT '批次号',
  `production_date` date DEFAULT NULL COMMENT '生产日期',
  `status` tinyint(1) NOT NULL DEFAULT '0' COMMENT '0-待审核，1-审批通过，2-入库中/出库中，3-已完成，-1-已取消 -2-审批拒绝',
  `quality_status` tinyint(1) NOT NULL DEFAULT '0' COMMENT '质检状态：0-未质检，1-质检通过，2-质检不通过，3-部分异常',
  `remark` varchar(500) DEFAULT NULL COMMENT '备注',
  `create_time` datetime NOT NULL COMMENT '创建时间',
  `update_time` datetime NOT NULL COMMENT '更新时间',
  PRIMARY KEY (`id`),
  KEY `idx_order_id` (`order_id`),
  KEY `idx_product_id` (`product_id`)
) ENGINE=InnoDB DEFAULT CHARSET=utf8mb4 COLLATE=utf8mb4_0900_ai_ci COMMENT='出库订单明细表';

-- ----------------------------
-- Records of order_out_item
-- ----------------------------
BEGIN;
INSERT INTO `order_out_item` (`id`, `order_id`, `product_id`, `product_name`, `product_code`, `expected_quantity`, `actual_quantity`, `price`, `amount`, `area_id`, `location`, `batch_number`, `production_date`, `status`, `quality_status`, `remark`, `create_time`, `update_time`) VALUES ('1911096406685974529', '1911096406098771970', '1897311533005512706', 'iPhone 15 pro', 'iPhone-15-pro', 7, 5, 114514.00, 801598.00, '1898645979654766593', '[{\"shelfId\": \"1898700659026018306\", \"storageIds\": [\"1899421665568157698\", \"1899421665568157699\", \"1899421665568157700\", \"1899421665568157701\"]}]', '2025041300000001', '2025-04-13', 3, 1, '1', '2025-04-13 00:37:44', '2025-04-15 15:58:58');
INSERT INTO `order_out_item` (`id`, `order_id`, `product_id`, `product_name`, `product_code`, `expected_quantity`, `actual_quantity`, `price`, `amount`, `area_id`, `location`, `batch_number`, `production_date`, `status`, `quality_status`, `remark`, `create_time`, `update_time`) VALUES ('1911108495341232129', '1911108493055336449', '1897311533005512706', 'iPhone 15 pro', 'iPhone-15-pro', 12, 12, 114514.00, 1374168.00, '1898645979654766593', '[{\"shelfId\": \"1898700659026018306\", \"storageIds\": [\"1899421665568157699\", \"1899421665568157700\", \"1899421665568157701\"]}, {\"shelfId\": \"1898707410911625217\", \"storageIds\": [\"1898787743397023746\", \"1898787743397023747\"]}]', '2025041300000001', '2025-04-13', 3, 1, '3', '2025-04-13 01:25:47', '2025-04-15 15:58:53');
INSERT INTO `order_out_item` (`id`, `order_id`, `product_id`, `product_name`, `product_code`, `expected_quantity`, `actual_quantity`, `price`, `amount`, `area_id`, `location`, `batch_number`, `production_date`, `status`, `quality_status`, `remark`, `create_time`, `update_time`) VALUES ('1911108495383175170', '1911108493055336449', '1897315660058042369', 'Galaxy', 'Sansung-01', 1, 1, 9699.00, 9699.00, '1898645979654766593', '[{\"shelfId\": \"1898700659026018306\", \"storageIds\": [\"1898787401099874306\"]}]', '2025041300000002', '2025-04-13', 3, 1, '', '2025-04-13 01:25:47', '2025-04-15 15:58:53');
INSERT INTO `order_out_item` (`id`, `order_id`, `product_id`, `product_name`, `product_code`, `expected_quantity`, `actual_quantity`, `price`, `amount`, `area_id`, `location`, `batch_number`, `production_date`, `status`, `quality_status`, `remark`, `create_time`, `update_time`) VALUES ('1911108644176109569', '1911108643802816513', '1897311533005512706', 'iPhone 15 pro', 'iPhone-15-pro', 6, 6, 114514.00, 687084.00, '1898645979654766593', '[{\"shelfId\": \"1898700659026018306\", \"storageIds\": [\"1899421665568157699\", \"1899421665568157700\", \"1899421665568157701\"]}]', '2025041300000001', '2025-04-13', 3, 1, '1', '2025-04-13 01:26:22', '2025-04-15 15:28:12');
INSERT INTO `order_out_item` (`id`, `order_id`, `product_id`, `product_name`, `product_code`, `expected_quantity`, `actual_quantity`, `price`, `amount`, `area_id`, `location`, `batch_number`, `production_date`, `status`, `quality_status`, `remark`, `create_time`, `update_time`) VALUES ('1911970820394311681', '1911970817974198273', '1897311533005512706', 'iPhone 15 pro', 'iPhone-15-pro', 12, 12, 114514.00, 1374168.00, '1898645979654766593', '[{\"shelfId\": \"1898700659026018306\", \"storageIds\": [\"1899421665568157699\"]}]', '2025041300000001', '2025-04-13', 3, 1, '1', '2025-04-15 10:32:21', '2025-04-15 15:58:50');
INSERT INTO `order_out_item` (`id`, `order_id`, `product_id`, `product_name`, `product_code`, `expected_quantity`, `actual_quantity`, `price`, `amount`, `area_id`, `location`, `batch_number`, `production_date`, `status`, `quality_status`, `remark`, `create_time`, `update_time`) VALUES ('1912046351097663489', '1912046350632095745', '1897311533005512706', 'iPhone 15 pro', 'iPhone-15-pro', 4, 0, 114514.00, 458056.00, NULL, NULL, '2025041300000001', '2025-04-13', -1, 0, '1', '2025-04-15 15:32:29', '2025-04-15 15:32:39');
INSERT INTO `order_out_item` (`id`, `order_id`, `product_id`, `product_name`, `product_code`, `expected_quantity`, `actual_quantity`, `price`, `amount`, `area_id`, `location`, `batch_number`, `production_date`, `status`, `quality_status`, `remark`, `create_time`, `update_time`) VALUES ('1912046351122829314', '1912046350632095745', '1897315660058042369', 'Galaxy', 'Sansung-01', 4, 0, 9699.00, 38796.00, NULL, NULL, '2025041300000002', '2025-04-13', -1, 0, '1', '2025-04-15 15:32:29', '2025-04-15 15:32:39');
INSERT INTO `order_out_item` (`id`, `order_id`, `product_id`, `product_name`, `product_code`, `expected_quantity`, `actual_quantity`, `price`, `amount`, `area_id`, `location`, `batch_number`, `production_date`, `status`, `quality_status`, `remark`, `create_time`, `update_time`) VALUES ('1912046481771204609', '1912046481322414081', '1897311533005512706', 'iPhone 15 pro', 'iPhone-15-pro', 4, 3, 114514.00, 458056.00, '1898645979654766593', '[{\"shelfId\": \"1898700659026018306\", \"storageIds\": [\"1899421665568157699\"]}, {\"shelfId\": \"1898707410911625217\", \"storageIds\": [\"1898787743397023747\"]}]', '2025041300000001', '2025-04-13', 3, 1, '1', '2025-04-15 15:33:00', '2025-04-15 15:54:57');
INSERT INTO `order_out_item` (`id`, `order_id`, `product_id`, `product_name`, `product_code`, `expected_quantity`, `actual_quantity`, `price`, `amount`, `area_id`, `location`, `batch_number`, `production_date`, `status`, `quality_status`, `remark`, `create_time`, `update_time`) VALUES ('1912046481771204610', '1912046481322414081', '1897315660058042369', 'Galaxy', 'Sansung-01', 4, 0, 9699.00, 38796.00, '1898645979654766593', '[{\"shelfId\": \"1898700659026018306\", \"storageIds\": [\"1898787401099874306\"]}]', '2025041300000002', '2025-04-13', 3, 2, '', '2025-04-15 15:33:00', '2025-04-15 15:54:57');
INSERT INTO `order_out_item` (`id`, `order_id`, `product_id`, `product_name`, `product_code`, `expected_quantity`, `actual_quantity`, `price`, `amount`, `area_id`, `location`, `batch_number`, `production_date`, `status`, `quality_status`, `remark`, `create_time`, `update_time`) VALUES ('1912053466428223490', '1912053465807466498', '1897311533005512706', 'iPhone 15 pro', 'iPhone-15-pro', 5, 0, 114514.00, 572570.00, '1898645979654766593', '[{\"shelfId\": \"1898707410911625217\", \"storageIds\": [\"1898787743397023747\"]}]', '2025041300000001', '2025-04-13', 2, 0, '审批通过', '2025-04-15 16:00:45', '2025-04-15 16:03:03');
INSERT INTO `order_out_item` (`id`, `order_id`, `product_id`, `product_name`, `product_code`, `expected_quantity`, `actual_quantity`, `price`, `amount`, `area_id`, `location`, `batch_number`, `production_date`, `status`, `quality_status`, `remark`, `create_time`, `update_time`) VALUES ('1912053466436612097', '1912053465807466498', '1897315660058042369', 'Galaxy', 'Sansung-01', 1, 0, 9699.00, 9699.00, '1898645979654766593', '[{\"shelfId\": \"1898700659026018306\", \"storageIds\": [\"1898787401099874306\"]}]', '2025041300000002', '2025-04-13', 2, 0, '审批通过', '2025-04-15 16:00:45', '2025-04-15 16:03:03');
INSERT INTO `order_out_item` (`id`, `order_id`, `product_id`, `product_name`, `product_code`, `expected_quantity`, `actual_quantity`, `price`, `amount`, `area_id`, `location`, `batch_number`, `production_date`, `status`, `quality_status`, `remark`, `create_time`, `update_time`) VALUES ('1912053623723012097', '1912053623416827906', '1897315660058042369', 'Galaxy', 'Sansung-01', 10, 0, 9699.00, 96990.00, '1898645979654766593', '[{\"shelfId\": \"1898700659026018306\", \"storageIds\": [\"1898787401099874306\"]}]', '2025041300000002', '2025-04-13', 2, 0, '审批通过', '2025-04-15 16:01:23', '2025-04-15 16:03:03');
INSERT INTO `order_out_item` (`id`, `order_id`, `product_id`, `product_name`, `product_code`, `expected_quantity`, `actual_quantity`, `price`, `amount`, `area_id`, `location`, `batch_number`, `production_date`, `status`, `quality_status`, `remark`, `create_time`, `update_time`) VALUES ('1912053755013115906', '1912053754161672194', '1897311533005512706', 'iPhone 15 pro', 'iPhone-15-pro', 1, 1, 114514.00, 114514.00, '1898645979654766593', '[{\"shelfId\": \"1898707410911625217\", \"storageIds\": [\"1898787743397023747\"]}]', '2025041300000001', '2025-04-13', 3, 1, '', '2025-04-15 16:01:54', '2025-04-15 16:07:01');
INSERT INTO `order_out_item` (`id`, `order_id`, `product_id`, `product_name`, `product_code`, `expected_quantity`, `actual_quantity`, `price`, `amount`, `area_id`, `location`, `batch_number`, `production_date`, `status`, `quality_status`, `remark`, `create_time`, `update_time`) VALUES ('1912053755017310210', '1912053754161672194', '1897315660058042369', 'Galaxy', 'Sansung-01', 1, 1, 9699.00, 9699.00, '1898645979654766593', '[{\"shelfId\": \"1898700659026018306\", \"storageIds\": [\"1898787401099874306\"]}]', '2025041300000002', '2025-04-13', 3, 1, '', '2025-04-15 16:01:54', '2025-04-15 16:07:01');
INSERT INTO `order_out_item` (`id`, `order_id`, `product_id`, `product_name`, `product_code`, `expected_quantity`, `actual_quantity`, `price`, `amount`, `area_id`, `location`, `batch_number`, `production_date`, `status`, `quality_status`, `remark`, `create_time`, `update_time`) VALUES ('1912053755017310211', '1912053754161672194', '1901154713333276673', 'vivo X200', 'VIVO-X200', 1, 1, 3899.00, 3899.00, '1898645979654766593', '[{\"shelfId\": \"1898700659026018306\", \"storageIds\": [\"1898787361241403393\"]}]', '2025041300000003', '2025-04-13', 3, 1, '', '2025-04-15 16:01:54', '2025-04-15 16:07:01');
INSERT INTO `order_out_item` (`id`, `order_id`, `product_id`, `product_name`, `product_code`, `expected_quantity`, `actual_quantity`, `price`, `amount`, `area_id`, `location`, `batch_number`, `production_date`, `status`, `quality_status`, `remark`, `create_time`, `update_time`) VALUES ('1912053755017310212', '1912053754161672194', '1903068405488087041', 'HUAWEI Mate 60', 'HUAIWEI-MATE-60', 1, 1, 7899.00, 7899.00, '1898645979654766593', '[{\"shelfId\": \"1898700659026018306\", \"storageIds\": [\"1898772262124433410\"]}]', '2025041300000004', '2025-04-13', 3, 1, '', '2025-04-15 16:01:54', '2025-04-15 16:07:01');
INSERT INTO `order_out_item` (`id`, `order_id`, `product_id`, `product_name`, `product_code`, `expected_quantity`, `actual_quantity`, `price`, `amount`, `area_id`, `location`, `batch_number`, `production_date`, `status`, `quality_status`, `remark`, `create_time`, `update_time`) VALUES ('1912053755017310213', '1912053754161672194', '1897315128870412290', 'MacBook', 'Apple-03', 1, 1, 11999.00, 11999.00, '1898645979654766593', '[{\"shelfId\": \"1898700659026018306\", \"storageIds\": [\"1898770317204676609\"]}]', '2025041300000005', '2025-04-13', 3, 1, '', '2025-04-15 16:01:54', '2025-04-15 16:07:01');
INSERT INTO `order_out_item` (`id`, `order_id`, `product_id`, `product_name`, `product_code`, `expected_quantity`, `actual_quantity`, `price`, `amount`, `area_id`, `location`, `batch_number`, `production_date`, `status`, `quality_status`, `remark`, `create_time`, `update_time`) VALUES ('1912057274126446594', '1912057273744764930', '1897315660058042369', 'Galaxy', 'Sansung-01', 12, 0, 9699.00, 116388.00, '1898645979654766593', '[{\"shelfId\": \"1898700659026018306\", \"storageIds\": [\"1898787401099874306\"]}]', '2025041300000002', '2025-04-13', 2, 0, '审批通过', '2025-04-15 16:15:53', '2025-04-15 16:16:12');
INSERT INTO `order_out_item` (`id`, `order_id`, `product_id`, `product_name`, `product_code`, `expected_quantity`, `actual_quantity`, `price`, `amount`, `area_id`, `location`, `batch_number`, `production_date`, `status`, `quality_status`, `remark`, `create_time`, `update_time`) VALUES ('1912106383659118594', '1912106383000612865', '1897311533005512706', 'iPhone 15 pro', 'iPhone-15-pro', 12, 12, 114514.00, 1374168.00, '1898645979654766593', '[{\"shelfId\": \"1898700659026018306\", \"storageIds\": [\"1899421665568157698\", \"1899421665568157699\", \"1899421665568157700\"]}]', '2025041300000001', '2025-04-13', 3, 1, '2', '2025-04-15 19:31:02', '2025-04-15 19:36:18');
INSERT INTO `order_out_item` (`id`, `order_id`, `product_id`, `product_name`, `product_code`, `expected_quantity`, `actual_quantity`, `price`, `amount`, `area_id`, `location`, `batch_number`, `production_date`, `status`, `quality_status`, `remark`, `create_time`, `update_time`) VALUES ('1912106383701061633', '1912106383000612865', '1897315660058042369', 'Galaxy', 'Sansung-01', 4, 0, 9699.00, 38796.00, '1898645979654766593', '[{\"shelfId\": \"1898700659026018306\", \"storageIds\": [\"1898787401099874306\"]}]', '2025041300000002', '2025-04-13', 3, 2, '质量不合格', '2025-04-15 19:31:02', '2025-04-15 19:36:18');
INSERT INTO `order_out_item` (`id`, `order_id`, `product_id`, `product_name`, `product_code`, `expected_quantity`, `actual_quantity`, `price`, `amount`, `area_id`, `location`, `batch_number`, `production_date`, `status`, `quality_status`, `remark`, `create_time`, `update_time`) VALUES ('1912106507248480257', '1912106506954878977', '1901154713333276673', 'vivo X200', 'VIVO-X200', 1, 1, 3899.00, 3899.00, '1898645979654766593', '[{\"shelfId\": \"1898700659026018306\", \"storageIds\": [\"1898787361241403393\"]}]', '2025041300000003', '2025-04-13', 3, 1, '', '2025-04-15 19:31:31', '2025-04-15 19:35:31');
INSERT INTO `order_out_item` (`id`, `order_id`, `product_id`, `product_name`, `product_code`, `expected_quantity`, `actual_quantity`, `price`, `amount`, `area_id`, `location`, `batch_number`, `production_date`, `status`, `quality_status`, `remark`, `create_time`, `update_time`) VALUES ('1913460937244426241', '1913460936095186945', '1897311533005512706', 'iPhone 15 pro', 'iPhone-15-pro', 1, 0, 114514.00, 114514.00, NULL, NULL, '2025041300000001', '2025-04-13', 1, 0, '审批通过', '2025-04-19 13:13:32', '2025-04-19 13:13:42');
INSERT INTO `order_out_item` (`id`, `order_id`, `product_id`, `product_name`, `product_code`, `expected_quantity`, `actual_quantity`, `price`, `amount`, `area_id`, `location`, `batch_number`, `production_date`, `status`, `quality_status`, `remark`, `create_time`, `update_time`) VALUES ('1914654373059661825', '1914654370098483202', '1897311533005512706', 'iPhone 15 pro', 'iPhone-15-pro', 1, 0, 114514.00, 114514.00, NULL, NULL, '2025041300000001', '2025-04-13', 2, 0, '审批通过', '2025-04-22 20:15:50', '2025-04-22 20:16:15');
INSERT INTO `order_out_item` (`id`, `order_id`, `product_id`, `product_name`, `product_code`, `expected_quantity`, `actual_quantity`, `price`, `amount`, `area_id`, `location`, `batch_number`, `production_date`, `status`, `quality_status`, `remark`, `create_time`, `update_time`) VALUES ('1914655698975625217', '1914655698602332161', '1897315660058042369', 'Galaxy', 'Sansung-01', 4, 3, 9699.00, 38796.00, '1898645979654766593', '[{\"shelfId\": \"1898700659026018306\", \"storageIds\": [\"1898787401099874306\"]}]', '2025041300000002', '2025-04-13', 3, 1, '', '2025-04-22 20:21:06', '2025-04-22 20:22:52');
INSERT INTO `order_out_item` (`id`, `order_id`, `product_id`, `product_name`, `product_code`, `expected_quantity`, `actual_quantity`, `price`, `amount`, `area_id`, `location`, `batch_number`, `production_date`, `status`, `quality_status`, `remark`, `create_time`, `update_time`) VALUES ('1914657010479960065', '1914657010173775874', '1897315660058042369', 'Galaxy', 'Sansung-01', 5, 4, 9699.00, 48495.00, '1898645979654766593', '[{\"shelfId\": \"1898700659026018306\", \"storageIds\": [\"1898787401099874306\"]}]', '2025041300000002', '2025-04-13', 3, 1, '', '2025-04-22 20:26:19', '2025-04-30 10:29:08');
INSERT INTO `order_out_item` (`id`, `order_id`, `product_id`, `product_name`, `product_code`, `expected_quantity`, `actual_quantity`, `price`, `amount`, `area_id`, `location`, `batch_number`, `production_date`, `status`, `quality_status`, `remark`, `create_time`, `update_time`) VALUES ('1914662173894762497', '1914662173492109314', '1897315660058042369', 'Galaxy', 'Sansung-01', 6, 4, 9699.00, 58194.00, '1898645979654766593', '[{\"shelfId\": \"1898700659026018306\", \"storageIds\": [\"1898787401099874306\"]}]', '2025041300000002', '2025-04-13', 3, 1, '', '2025-04-22 20:46:50', '2025-04-22 20:48:22');
INSERT INTO `order_out_item` (`id`, `order_id`, `product_id`, `product_name`, `product_code`, `expected_quantity`, `actual_quantity`, `price`, `amount`, `area_id`, `location`, `batch_number`, `production_date`, `status`, `quality_status`, `remark`, `create_time`, `update_time`) VALUES ('1914662173915734018', '1914662173492109314', '1901154713333276673', 'vivo X200', 'VIVO-X200', 6, 4, 3899.00, 23394.00, '1898645979654766593', '[{\"shelfId\": \"1898700659026018306\", \"storageIds\": [\"1898787361241403393\"]}]', '2025041300000003', '2025-04-13', 3, 1, '', '2025-04-22 20:46:50', '2025-04-22 20:48:22');
INSERT INTO `order_out_item` (`id`, `order_id`, `product_id`, `product_name`, `product_code`, `expected_quantity`, `actual_quantity`, `price`, `amount`, `area_id`, `location`, `batch_number`, `production_date`, `status`, `quality_status`, `remark`, `create_time`, `update_time`) VALUES ('1916736037936123906', '1916736036686221313', '1897311533005512706', 'iPhone 15 pro', 'iPhone-15-pro', 1, 0, 114514.00, 114514.00, NULL, NULL, '2025041300000001', '2025-04-13', 2, 0, '审批通过', '2025-04-28 14:07:37', '2025-04-28 14:08:29');
INSERT INTO `order_out_item` (`id`, `order_id`, `product_id`, `product_name`, `product_code`, `expected_quantity`, `actual_quantity`, `price`, `amount`, `area_id`, `location`, `batch_number`, `production_date`, `status`, `quality_status`, `remark`, `create_time`, `update_time`) VALUES ('1916736037969678338', '1916736036686221313', '1897315660058042369', 'Galaxy', 'Sansung-01', 1, 0, 9699.00, 9699.00, NULL, NULL, '2025041300000002', '2025-04-13', 2, 0, '审批通过', '2025-04-28 14:07:37', '2025-04-28 14:08:29');
INSERT INTO `order_out_item` (`id`, `order_id`, `product_id`, `product_name`, `product_code`, `expected_quantity`, `actual_quantity`, `price`, `amount`, `area_id`, `location`, `batch_number`, `production_date`, `status`, `quality_status`, `remark`, `create_time`, `update_time`) VALUES ('1916736037969678339', '1916736036686221313', '1901154713333276673', 'vivo X200', 'VIVO-X200', 1, 0, 3899.00, 3899.00, NULL, NULL, '2025041300000003', '2025-04-13', 2, 0, '审批通过', '2025-04-28 14:07:37', '2025-04-28 14:08:29');
INSERT INTO `order_out_item` (`id`, `order_id`, `product_id`, `product_name`, `product_code`, `expected_quantity`, `actual_quantity`, `price`, `amount`, `area_id`, `location`, `batch_number`, `production_date`, `status`, `quality_status`, `remark`, `create_time`, `update_time`) VALUES ('1917405559495200769', '1917405556550799361', '1897311533005512706', 'iPhone 15 pro', 'iPhone-15-pro', 1, 0, 114514.00, 114514.00, '1898645979654766593', '[{\"shelfId\": \"1898700659026018306\", \"storageIds\": [\"1899421665568157699\", \"1899421665568157700\"]}]', '2025041300000001', '2025-04-13', 2, 0, '审批通过', '2025-04-30 10:28:04', '2025-04-30 10:28:23');
INSERT INTO `order_out_item` (`id`, `order_id`, `product_id`, `product_name`, `product_code`, `expected_quantity`, `actual_quantity`, `price`, `amount`, `area_id`, `location`, `batch_number`, `production_date`, `status`, `quality_status`, `remark`, `create_time`, `update_time`) VALUES ('1918566546269257730', '1918566544046276609', '1901154713333276673', 'vivo X200', 'VIVO-X200', 8, 8, 3899.00, 31192.00, '1898645979654766593', '[{\"shelfId\": \"1898700659026018306\", \"storageIds\": [\"1898787361241403393\"]}]', '2025041300000003', '2025-04-13', 3, 1, '', '2025-05-03 15:21:25', '2025-05-03 15:23:10');
INSERT INTO `order_out_item` (`id`, `order_id`, `product_id`, `product_name`, `product_code`, `expected_quantity`, `actual_quantity`, `price`, `amount`, `area_id`, `location`, `batch_number`, `production_date`, `status`, `quality_status`, `remark`, `create_time`, `update_time`) VALUES ('1918569632119373826', '1918569631435702274', '1903068405488087041', 'HUAWEI Mate 60', 'HUAIWEI-MATE-60', 4, 4, 7899.00, 31596.00, '1898645979654766593', '[{\"shelfId\": \"1898707410911625217\", \"storageIds\": [\"1898787743397023748\"]}]', '202504160000001', '2025-04-16', 3, 1, '', '2025-05-03 15:33:40', '2025-05-03 15:35:50');
INSERT INTO `order_out_item` (`id`, `order_id`, `product_id`, `product_name`, `product_code`, `expected_quantity`, `actual_quantity`, `price`, `amount`, `area_id`, `location`, `batch_number`, `production_date`, `status`, `quality_status`, `remark`, `create_time`, `update_time`) VALUES ('1918569632123568130', '1918569631435702274', '1897311533005512706', 'iPhone 15 pro', 'iPhone-15-pro', 4, 4, 114514.00, 458056.00, '1898645979654766593', '[{\"shelfId\": \"1898711159952617473\", \"storageIds\": [\"1898787743401218052\"]}]', '2025042200000001', '2025-04-22', 3, 1, '', '2025-05-03 15:33:40', '2025-05-03 15:35:50');
INSERT INTO `order_out_item` (`id`, `order_id`, `product_id`, `product_name`, `product_code`, `expected_quantity`, `actual_quantity`, `price`, `amount`, `area_id`, `location`, `batch_number`, `production_date`, `status`, `quality_status`, `remark`, `create_time`, `update_time`) VALUES ('1918569632131956738', '1918569631435702274', '1897314226491072514', 'Apple Watch', 'Apple-01', 11, 11, 3199.00, 35189.00, '1898645979654766593', '[{\"shelfId\": \"1898711159952617473\", \"storageIds\": [\"1898787743401218053\"]}]', '2025042200000002', '2025-04-22', 3, 1, '', '2025-05-03 15:33:40', '2025-05-03 15:35:50');
COMMIT;

-- ----------------------------
-- Table structure for picking_item
-- ----------------------------
DROP TABLE IF EXISTS `picking_item`;
CREATE TABLE `picking_item` (
  `id` varchar(32) NOT NULL COMMENT '明细ID',
  `picking_id` varchar(32) NOT NULL COMMENT '拣货单ID',
  `order_id` varchar(32) NOT NULL COMMENT '出库订单ID',
  `order_item_id` varchar(32) NOT NULL COMMENT '出库订单明细ID',
  `product_id` varchar(32) NOT NULL COMMENT '产品ID',
  `product_name` varchar(200) NOT NULL COMMENT '产品名称',
  `product_code` varchar(50) NOT NULL COMMENT '产品编码',
  `batch_number` varchar(100) NOT NULL COMMENT '批次号',
  `area_id` varchar(32) DEFAULT NULL COMMENT '区域ID',
  `location` json DEFAULT NULL COMMENT '出库的具体位置，格式\n[\n  {\n      shelfId:,\n      storageIds:[]\n  }\n]',
  `expected_quantity` int NOT NULL COMMENT '预期数量',
  `actual_quantity` int DEFAULT '0' COMMENT '实际拣货数量',
  `status` tinyint(1) NOT NULL DEFAULT '0' COMMENT '状态：0-待拣货，1-拣货中，2-已完成，3-异常\n',
  `remark` varchar(500) DEFAULT NULL COMMENT '备注',
  `picking_time` datetime DEFAULT NULL COMMENT '拣货时间',
  `create_time` datetime NOT NULL COMMENT '创建时间',
  `update_time` datetime NOT NULL COMMENT '更新时间',
  PRIMARY KEY (`id`),
  KEY `idx_picking_id` (`picking_id`),
  KEY `idx_product_id` (`product_id`),
  KEY `idx_order_id` (`order_id`),
  KEY `idx_order_item_id` (`order_item_id`),
  KEY `idx_batch_number` (`batch_number`),
  KEY `idx_status` (`status`)
) ENGINE=InnoDB DEFAULT CHARSET=utf8mb4 COLLATE=utf8mb4_0900_ai_ci COMMENT='拣货明细表';

-- ----------------------------
-- Records of picking_item
-- ----------------------------
BEGIN;
INSERT INTO `picking_item` (`id`, `picking_id`, `order_id`, `order_item_id`, `product_id`, `product_name`, `product_code`, `batch_number`, `area_id`, `location`, `expected_quantity`, `actual_quantity`, `status`, `remark`, `picking_time`, `create_time`, `update_time`) VALUES ('1911324947235110914', '1911324946710822913', '1911108643802816513', '1911108644176109569', '1897311533005512706', 'iPhone 15 pro', 'iPhone-15-pro', '2025041300000001', '1898645979654766593', '[{\"shelfId\": \"1898700659026018306\", \"storageIds\": [\"1899421665568157699\", \"1899421665568157700\", \"1899421665568157701\"]}]', 6, 6, 2, '', '2025-04-15 15:24:52', '2025-04-13 15:45:53', '2025-04-13 15:45:53');
INSERT INTO `picking_item` (`id`, `picking_id`, `order_id`, `order_item_id`, `product_id`, `product_name`, `product_code`, `batch_number`, `area_id`, `location`, `expected_quantity`, `actual_quantity`, `status`, `remark`, `picking_time`, `create_time`, `update_time`) VALUES ('1911325036930301953', '1911325036871581697', '1911096406098771970', '1911096406685974529', '1897311533005512706', 'iPhone 15 pro', 'iPhone-15-pro', '2025041300000001', '1898645979654766593', '[{\"shelfId\": \"1898700659026018306\", \"storageIds\": [\"1899421665568157698\", \"1899421665568157699\", \"1899421665568157700\", \"1899421665568157701\"]}]', 7, 7, 2, '去掉A-01-005', '2025-04-15 14:40:58', '2025-04-13 15:46:14', '2025-04-13 15:46:14');
INSERT INTO `picking_item` (`id`, `picking_id`, `order_id`, `order_item_id`, `product_id`, `product_name`, `product_code`, `batch_number`, `area_id`, `location`, `expected_quantity`, `actual_quantity`, `status`, `remark`, `picking_time`, `create_time`, `update_time`) VALUES ('1911325037022576641', '1911325036871581697', '1911108493055336449', '1911108495341232129', '1897311533005512706', 'iPhone 15 pro', 'iPhone-15-pro', '2025041300000001', '1898645979654766593', '[{\"shelfId\": \"1898700659026018306\", \"storageIds\": [\"1899421665568157699\", \"1899421665568157700\", \"1899421665568157701\"]}, {\"shelfId\": \"1898707410911625217\", \"storageIds\": [\"1898787743397023746\", \"1898787743397023747\"]}]', 12, 12, 2, '1', '2025-04-15 15:13:44', '2025-04-13 15:46:14', '2025-04-13 15:46:14');
INSERT INTO `picking_item` (`id`, `picking_id`, `order_id`, `order_item_id`, `product_id`, `product_name`, `product_code`, `batch_number`, `area_id`, `location`, `expected_quantity`, `actual_quantity`, `status`, `remark`, `picking_time`, `create_time`, `update_time`) VALUES ('1911325037030965250', '1911325036871581697', '1911108493055336449', '1911108495383175170', '1897315660058042369', 'Galaxy', 'Sansung-01', '2025041300000002', '1898645979654766593', '[{\"shelfId\": \"1898700659026018306\", \"storageIds\": [\"1898787401099874306\"]}]', 1, 1, 2, '2', '2025-04-15 15:13:44', '2025-04-13 15:46:14', '2025-04-13 15:46:14');
INSERT INTO `picking_item` (`id`, `picking_id`, `order_id`, `order_item_id`, `product_id`, `product_name`, `product_code`, `batch_number`, `area_id`, `location`, `expected_quantity`, `actual_quantity`, `status`, `remark`, `picking_time`, `create_time`, `update_time`) VALUES ('1911973273739083778', '1911973273135104002', '1911970817974198273', '1911970820394311681', '1897311533005512706', 'iPhone 15 pro', 'iPhone-15-pro', '2025041300000001', '1898645979654766593', '[{\"shelfId\": \"1898700659026018306\", \"storageIds\": [\"1899421665568157699\"]}]', 12, 12, 2, '2', '2025-04-15 15:20:07', '2025-04-15 10:42:06', '2025-04-15 10:42:06');
INSERT INTO `picking_item` (`id`, `picking_id`, `order_id`, `order_item_id`, `product_id`, `product_name`, `product_code`, `batch_number`, `area_id`, `location`, `expected_quantity`, `actual_quantity`, `status`, `remark`, `picking_time`, `create_time`, `update_time`) VALUES ('1912046627590377474', '1912046627468742657', '1912046481322414081', '1912046481771204609', '1897311533005512706', 'iPhone 15 pro', 'iPhone-15-pro', '2025041300000001', '1898645979654766593', '[{\"shelfId\": \"1898700659026018306\", \"storageIds\": [\"1899421665568157699\"]}, {\"shelfId\": \"1898707410911625217\", \"storageIds\": [\"1898787743397023747\"]}]', 4, 3, 2, '1', '2025-04-15 15:34:02', '2025-04-15 15:33:35', '2025-04-15 15:33:35');
INSERT INTO `picking_item` (`id`, `picking_id`, `order_id`, `order_item_id`, `product_id`, `product_name`, `product_code`, `batch_number`, `area_id`, `location`, `expected_quantity`, `actual_quantity`, `status`, `remark`, `picking_time`, `create_time`, `update_time`) VALUES ('1912046627640709122', '1912046627468742657', '1912046481322414081', '1912046481771204610', '1897315660058042369', 'Galaxy', 'Sansung-01', '2025041300000002', '1898645979654766593', '[{\"shelfId\": \"1898700659026018306\", \"storageIds\": [\"1898787401099874306\"]}]', 4, 3, 2, '2', '2025-04-15 15:34:02', '2025-04-15 15:33:35', '2025-04-15 15:33:35');
INSERT INTO `picking_item` (`id`, `picking_id`, `order_id`, `order_item_id`, `product_id`, `product_name`, `product_code`, `batch_number`, `area_id`, `location`, `expected_quantity`, `actual_quantity`, `status`, `remark`, `picking_time`, `create_time`, `update_time`) VALUES ('1912054045141512194', '1912054045028265986', '1912053465807466498', '1912053466428223490', '1897311533005512706', 'iPhone 15 pro', 'iPhone-15-pro', '2025041300000001', '1898645979654766593', '[{\"shelfId\": \"1898707410911625217\", \"storageIds\": [\"1898787743397023747\"]}]', 5, 5, 2, '', '2025-04-15 16:04:20', '2025-04-15 16:03:03', '2025-04-15 16:03:03');
INSERT INTO `picking_item` (`id`, `picking_id`, `order_id`, `order_item_id`, `product_id`, `product_name`, `product_code`, `batch_number`, `area_id`, `location`, `expected_quantity`, `actual_quantity`, `status`, `remark`, `picking_time`, `create_time`, `update_time`) VALUES ('1912054045200232450', '1912054045028265986', '1912053465807466498', '1912053466436612097', '1897315660058042369', 'Galaxy', 'Sansung-01', '2025041300000002', '1898645979654766593', '[{\"shelfId\": \"1898700659026018306\", \"storageIds\": [\"1898787401099874306\"]}]', 1, 1, 2, '', '2025-04-15 16:04:20', '2025-04-15 16:03:03', '2025-04-15 16:03:03');
INSERT INTO `picking_item` (`id`, `picking_id`, `order_id`, `order_item_id`, `product_id`, `product_name`, `product_code`, `batch_number`, `area_id`, `location`, `expected_quantity`, `actual_quantity`, `status`, `remark`, `picking_time`, `create_time`, `update_time`) VALUES ('1912054045300895746', '1912054045028265986', '1912053623416827906', '1912053623723012097', '1897315660058042369', 'Galaxy', 'Sansung-01', '2025041300000002', '1898645979654766593', '[{\"shelfId\": \"1898700659026018306\", \"storageIds\": [\"1898787401099874306\"]}]', 10, 10, 2, '', '2025-04-15 16:04:41', '2025-04-15 16:03:03', '2025-04-15 16:03:03');
INSERT INTO `picking_item` (`id`, `picking_id`, `order_id`, `order_item_id`, `product_id`, `product_name`, `product_code`, `batch_number`, `area_id`, `location`, `expected_quantity`, `actual_quantity`, `status`, `remark`, `picking_time`, `create_time`, `update_time`) VALUES ('1912054045388976130', '1912054045028265986', '1912053754161672194', '1912053755013115906', '1897311533005512706', 'iPhone 15 pro', 'iPhone-15-pro', '2025041300000001', '1898645979654766593', '[{\"shelfId\": \"1898707410911625217\", \"storageIds\": [\"1898787743397023747\"]}]', 1, 1, 2, '', '2025-04-15 16:05:17', '2025-04-15 16:03:03', '2025-04-15 16:03:03');
INSERT INTO `picking_item` (`id`, `picking_id`, `order_id`, `order_item_id`, `product_id`, `product_name`, `product_code`, `batch_number`, `area_id`, `location`, `expected_quantity`, `actual_quantity`, `status`, `remark`, `picking_time`, `create_time`, `update_time`) VALUES ('1912054045393170433', '1912054045028265986', '1912053754161672194', '1912053755017310210', '1897315660058042369', 'Galaxy', 'Sansung-01', '2025041300000002', '1898645979654766593', '[{\"shelfId\": \"1898700659026018306\", \"storageIds\": [\"1898787401099874306\"]}]', 1, 1, 2, '', '2025-04-15 16:05:17', '2025-04-15 16:03:03', '2025-04-15 16:03:03');
INSERT INTO `picking_item` (`id`, `picking_id`, `order_id`, `order_item_id`, `product_id`, `product_name`, `product_code`, `batch_number`, `area_id`, `location`, `expected_quantity`, `actual_quantity`, `status`, `remark`, `picking_time`, `create_time`, `update_time`) VALUES ('1912054045397364737', '1912054045028265986', '1912053754161672194', '1912053755017310211', '1901154713333276673', 'vivo X200', 'VIVO-X200', '2025041300000003', '1898645979654766593', '[{\"shelfId\": \"1898700659026018306\", \"storageIds\": [\"1898787361241403393\"]}]', 1, 1, 2, '', '2025-04-15 16:05:17', '2025-04-15 16:03:03', '2025-04-15 16:03:03');
INSERT INTO `picking_item` (`id`, `picking_id`, `order_id`, `order_item_id`, `product_id`, `product_name`, `product_code`, `batch_number`, `area_id`, `location`, `expected_quantity`, `actual_quantity`, `status`, `remark`, `picking_time`, `create_time`, `update_time`) VALUES ('1912054045397364738', '1912054045028265986', '1912053754161672194', '1912053755017310212', '1903068405488087041', 'HUAWEI Mate 60', 'HUAIWEI-MATE-60', '2025041300000004', '1898645979654766593', '[{\"shelfId\": \"1898700659026018306\", \"storageIds\": [\"1898772262124433410\"]}]', 1, 1, 2, '', '2025-04-15 16:05:17', '2025-04-15 16:03:03', '2025-04-15 16:03:03');
INSERT INTO `picking_item` (`id`, `picking_id`, `order_id`, `order_item_id`, `product_id`, `product_name`, `product_code`, `batch_number`, `area_id`, `location`, `expected_quantity`, `actual_quantity`, `status`, `remark`, `picking_time`, `create_time`, `update_time`) VALUES ('1912054045401559042', '1912054045028265986', '1912053754161672194', '1912053755017310213', '1897315128870412290', 'MacBook', 'Apple-03', '2025041300000005', '1898645979654766593', '[{\"shelfId\": \"1898700659026018306\", \"storageIds\": [\"1898770317204676609\"]}]', 1, 1, 2, '', '2025-04-15 16:05:17', '2025-04-15 16:03:03', '2025-04-15 16:03:03');
INSERT INTO `picking_item` (`id`, `picking_id`, `order_id`, `order_item_id`, `product_id`, `product_name`, `product_code`, `batch_number`, `area_id`, `location`, `expected_quantity`, `actual_quantity`, `status`, `remark`, `picking_time`, `create_time`, `update_time`) VALUES ('1912057353419763714', '1912057353373626370', '1912057273744764930', '1912057274126446594', '1897315660058042369', 'Galaxy', 'Sansung-01', '2025041300000002', '1898645979654766593', '[{\"shelfId\": \"1898700659026018306\", \"storageIds\": [\"1898787401099874306\"]}]', 12, 12, 2, '', '2025-04-15 16:20:29', '2025-04-15 16:16:12', '2025-04-15 16:16:12');
INSERT INTO `picking_item` (`id`, `picking_id`, `order_id`, `order_item_id`, `product_id`, `product_name`, `product_code`, `batch_number`, `area_id`, `location`, `expected_quantity`, `actual_quantity`, `status`, `remark`, `picking_time`, `create_time`, `update_time`) VALUES ('1912106676769665025', '1912106676710944769', '1912106383000612865', '1912106383659118594', '1897311533005512706', 'iPhone 15 pro', 'iPhone-15-pro', '2025041300000001', '1898645979654766593', '[{\"shelfId\": \"1898700659026018306\", \"storageIds\": [\"1899421665568157698\", \"1899421665568157699\", \"1899421665568157700\"]}]', 12, 12, 2, '1', '2025-04-15 19:33:33', '2025-04-15 19:32:12', '2025-04-15 19:32:12');
INSERT INTO `picking_item` (`id`, `picking_id`, `order_id`, `order_item_id`, `product_id`, `product_name`, `product_code`, `batch_number`, `area_id`, `location`, `expected_quantity`, `actual_quantity`, `status`, `remark`, `picking_time`, `create_time`, `update_time`) VALUES ('1912106676819996674', '1912106676710944769', '1912106383000612865', '1912106383701061633', '1897315660058042369', 'Galaxy', 'Sansung-01', '2025041300000002', '1898645979654766593', '[{\"shelfId\": \"1898700659026018306\", \"storageIds\": [\"1898787401099874306\"]}]', 4, 4, 2, '2', '2025-04-15 19:33:34', '2025-04-15 19:32:12', '2025-04-15 19:32:12');
INSERT INTO `picking_item` (`id`, `picking_id`, `order_id`, `order_item_id`, `product_id`, `product_name`, `product_code`, `batch_number`, `area_id`, `location`, `expected_quantity`, `actual_quantity`, `status`, `remark`, `picking_time`, `create_time`, `update_time`) VALUES ('1912106676916465665', '1912106676710944769', '1912106506954878977', '1912106507248480257', '1901154713333276673', 'vivo X200', 'VIVO-X200', '2025041300000003', '1898645979654766593', '[{\"shelfId\": \"1898700659026018306\", \"storageIds\": [\"1898787361241403393\"]}]', 1, 1, 2, '', '2025-04-15 19:34:22', '2025-04-15 19:32:12', '2025-04-15 19:32:12');
INSERT INTO `picking_item` (`id`, `picking_id`, `order_id`, `order_item_id`, `product_id`, `product_name`, `product_code`, `batch_number`, `area_id`, `location`, `expected_quantity`, `actual_quantity`, `status`, `remark`, `picking_time`, `create_time`, `update_time`) VALUES ('1914654476411506690', '1914654476281483265', '1914654370098483202', '1914654373059661825', '1897311533005512706', 'iPhone 15 pro', 'iPhone-15-pro', '2025041300000001', NULL, NULL, 1, 0, 0, NULL, NULL, '2025-04-22 20:16:14', '2025-04-22 20:16:14');
INSERT INTO `picking_item` (`id`, `picking_id`, `order_id`, `order_item_id`, `product_id`, `product_name`, `product_code`, `batch_number`, `area_id`, `location`, `expected_quantity`, `actual_quantity`, `status`, `remark`, `picking_time`, `create_time`, `update_time`) VALUES ('1914655773323857922', '1914655773256749057', '1914655698602332161', '1914655698975625217', '1897315660058042369', 'Galaxy', 'Sansung-01', '2025041300000002', '1898645979654766593', '[{\"shelfId\": \"1898700659026018306\", \"storageIds\": [\"1898787401099874306\"]}]', 4, 2, 2, '', '2025-04-22 20:21:37', '2025-04-22 20:21:24', '2025-04-22 20:21:24');
INSERT INTO `picking_item` (`id`, `picking_id`, `order_id`, `order_item_id`, `product_id`, `product_name`, `product_code`, `batch_number`, `area_id`, `location`, `expected_quantity`, `actual_quantity`, `status`, `remark`, `picking_time`, `create_time`, `update_time`) VALUES ('1914657067837067266', '1914657067790929921', '1914657010173775874', '1914657010479960065', '1897315660058042369', 'Galaxy', 'Sansung-01', '2025041300000002', '1898645979654766593', '[{\"shelfId\": \"1898700659026018306\", \"storageIds\": [\"1898787401099874306\"]}]', 5, 4, 2, '', '2025-04-22 20:27:53', '2025-04-22 20:26:32', '2025-04-22 20:26:32');
INSERT INTO `picking_item` (`id`, `picking_id`, `order_id`, `order_item_id`, `product_id`, `product_name`, `product_code`, `batch_number`, `area_id`, `location`, `expected_quantity`, `actual_quantity`, `status`, `remark`, `picking_time`, `create_time`, `update_time`) VALUES ('1914662240785522689', '1914662240668082177', '1914662173492109314', '1914662173894762497', '1897315660058042369', 'Galaxy', 'Sansung-01', '2025041300000002', '1898645979654766593', '[{\"shelfId\": \"1898700659026018306\", \"storageIds\": [\"1898787401099874306\"]}]', 6, 4, 2, '', '2025-04-22 20:47:41', '2025-04-22 20:47:06', '2025-04-22 20:47:06');
INSERT INTO `picking_item` (`id`, `picking_id`, `order_id`, `order_item_id`, `product_id`, `product_name`, `product_code`, `batch_number`, `area_id`, `location`, `expected_quantity`, `actual_quantity`, `status`, `remark`, `picking_time`, `create_time`, `update_time`) VALUES ('1914662240835854337', '1914662240668082177', '1914662173492109314', '1914662173915734018', '1901154713333276673', 'vivo X200', 'VIVO-X200', '2025041300000003', '1898645979654766593', '[{\"shelfId\": \"1898700659026018306\", \"storageIds\": [\"1898787361241403393\"]}]', 6, 4, 2, '', '2025-04-22 20:47:44', '2025-04-22 20:47:06', '2025-04-22 20:47:06');
INSERT INTO `picking_item` (`id`, `picking_id`, `order_id`, `order_item_id`, `product_id`, `product_name`, `product_code`, `batch_number`, `area_id`, `location`, `expected_quantity`, `actual_quantity`, `status`, `remark`, `picking_time`, `create_time`, `update_time`) VALUES ('1916736252965507073', '1916736252864843777', '1916736036686221313', '1916736037936123906', '1897311533005512706', 'iPhone 15 pro', 'iPhone-15-pro', '2025041300000001', NULL, NULL, 1, 0, 0, NULL, NULL, '2025-04-28 14:08:29', '2025-04-28 14:08:29');
INSERT INTO `picking_item` (`id`, `picking_id`, `order_id`, `order_item_id`, `product_id`, `product_name`, `product_code`, `batch_number`, `area_id`, `location`, `expected_quantity`, `actual_quantity`, `status`, `remark`, `picking_time`, `create_time`, `update_time`) VALUES ('1916736253011644417', '1916736252864843777', '1916736036686221313', '1916736037969678338', '1897315660058042369', 'Galaxy', 'Sansung-01', '2025041300000002', NULL, NULL, 1, 0, 0, NULL, NULL, '2025-04-28 14:08:29', '2025-04-28 14:08:29');
INSERT INTO `picking_item` (`id`, `picking_id`, `order_id`, `order_item_id`, `product_id`, `product_name`, `product_code`, `batch_number`, `area_id`, `location`, `expected_quantity`, `actual_quantity`, `status`, `remark`, `picking_time`, `create_time`, `update_time`) VALUES ('1916736253015838722', '1916736252864843777', '1916736036686221313', '1916736037969678339', '1901154713333276673', 'vivo X200', 'VIVO-X200', '2025041300000003', NULL, NULL, 1, 0, 0, NULL, NULL, '2025-04-28 14:08:29', '2025-04-28 14:08:29');
INSERT INTO `picking_item` (`id`, `picking_id`, `order_id`, `order_item_id`, `product_id`, `product_name`, `product_code`, `batch_number`, `area_id`, `location`, `expected_quantity`, `actual_quantity`, `status`, `remark`, `picking_time`, `create_time`, `update_time`) VALUES ('1917405638578802690', '1917405638486528002', '1917405556550799361', '1917405559495200769', '1897311533005512706', 'iPhone 15 pro', 'iPhone-15-pro', '2025041300000001', '1898645979654766593', '[{\"shelfId\": \"1898700659026018306\", \"storageIds\": [\"1899421665568157699\", \"1899421665568157700\"]}]', 1, 1, 2, '1', '2025-04-30 10:29:00', '2025-04-30 10:28:23', '2025-04-30 10:28:23');
INSERT INTO `picking_item` (`id`, `picking_id`, `order_id`, `order_item_id`, `product_id`, `product_name`, `product_code`, `batch_number`, `area_id`, `location`, `expected_quantity`, `actual_quantity`, `status`, `remark`, `picking_time`, `create_time`, `update_time`) VALUES ('1918566715647836161', '1918566715513618434', '1918566544046276609', '1918566546269257730', '1901154713333276673', 'vivo X200', 'VIVO-X200', '2025041300000003', '1898645979654766593', '[{\"shelfId\": \"1898700659026018306\", \"storageIds\": [\"1898787361241403393\"]}]', 8, 8, 2, '', '2025-05-03 15:22:54', '2025-05-03 15:22:05', '2025-05-03 15:22:05');
INSERT INTO `picking_item` (`id`, `picking_id`, `order_id`, `order_item_id`, `product_id`, `product_name`, `product_code`, `batch_number`, `area_id`, `location`, `expected_quantity`, `actual_quantity`, `status`, `remark`, `picking_time`, `create_time`, `update_time`) VALUES ('1918569723676835841', '1918569723609726978', '1918569631435702274', '1918569632119373826', '1903068405488087041', 'HUAWEI Mate 60', 'HUAIWEI-MATE-60', '202504160000001', '1898645979654766593', '[{\"shelfId\": \"1898707410911625217\", \"storageIds\": [\"1898787743397023748\"]}]', 4, 4, 2, '', '2025-05-03 15:35:10', '2025-05-03 15:34:02', '2025-05-03 15:34:02');
INSERT INTO `picking_item` (`id`, `picking_id`, `order_id`, `order_item_id`, `product_id`, `product_name`, `product_code`, `batch_number`, `area_id`, `location`, `expected_quantity`, `actual_quantity`, `status`, `remark`, `picking_time`, `create_time`, `update_time`) VALUES ('1918569723743944705', '1918569723609726978', '1918569631435702274', '1918569632123568130', '1897311533005512706', 'iPhone 15 pro', 'iPhone-15-pro', '2025042200000001', '1898645979654766593', '[{\"shelfId\": \"1898711159952617473\", \"storageIds\": [\"1898787743401218052\"]}]', 4, 4, 2, '', '2025-05-03 15:35:10', '2025-05-03 15:34:02', '2025-05-03 15:34:02');
INSERT INTO `picking_item` (`id`, `picking_id`, `order_id`, `order_item_id`, `product_id`, `product_name`, `product_code`, `batch_number`, `area_id`, `location`, `expected_quantity`, `actual_quantity`, `status`, `remark`, `picking_time`, `create_time`, `update_time`) VALUES ('1918569723743944706', '1918569723609726978', '1918569631435702274', '1918569632131956738', '1897314226491072514', 'Apple Watch', 'Apple-01', '2025042200000002', '1898645979654766593', '[{\"shelfId\": \"1898711159952617473\", \"storageIds\": [\"1898787743401218053\"]}]', 11, 11, 2, '', '2025-05-03 15:35:10', '2025-05-03 15:34:02', '2025-05-03 15:34:02');
COMMIT;

-- ----------------------------
-- Table structure for picking_order
-- ----------------------------
DROP TABLE IF EXISTS `picking_order`;
CREATE TABLE `picking_order` (
  `id` varchar(32) NOT NULL COMMENT '拣货单ID',
  `picking_no` varchar(32) NOT NULL COMMENT '拣货单号',
  `picker` varchar(50) NOT NULL COMMENT '拣货人员',
  `status` tinyint(1) NOT NULL DEFAULT '0' COMMENT '状态：0-待拣货，1-拣货中，2-已完成，3-异常',
  `remark` varchar(500) DEFAULT NULL COMMENT '备注',
  `total_orders` int NOT NULL DEFAULT '0' COMMENT '包含订单数量',
  `total_items` int NOT NULL DEFAULT '0' COMMENT '包含商品种类数',
  `total_quantity` int NOT NULL DEFAULT '0' COMMENT '总拣货数量',
  `create_time` datetime NOT NULL COMMENT '创建时间',
  `update_time` datetime NOT NULL COMMENT '更新时间',
  PRIMARY KEY (`id`),
  UNIQUE KEY `uk_picking_no` (`picking_no`),
  KEY `idx_status` (`status`),
  KEY `idx_picker` (`picker`)
) ENGINE=InnoDB DEFAULT CHARSET=utf8mb4 COLLATE=utf8mb4_0900_ai_ci COMMENT='拣货单表';

-- ----------------------------
-- Records of picking_order
-- ----------------------------
BEGIN;
INSERT INTO `picking_order` (`id`, `picking_no`, `picker`, `status`, `remark`, `total_orders`, `total_items`, `total_quantity`, `create_time`, `update_time`) VALUES ('1911324946710822913', 'PO20250413000005', '1896450516030771201', 2, NULL, 1, 1, 6, '2025-04-13 15:45:53', '2025-04-13 15:45:53');
INSERT INTO `picking_order` (`id`, `picking_no`, `picker`, `status`, `remark`, `total_orders`, `total_items`, `total_quantity`, `create_time`, `update_time`) VALUES ('1911325036871581697', 'PO20250413000006', '1896450516030771201', 2, NULL, 2, 3, 20, '2025-04-13 15:46:14', '2025-04-13 15:46:14');
INSERT INTO `picking_order` (`id`, `picking_no`, `picker`, `status`, `remark`, `total_orders`, `total_items`, `total_quantity`, `create_time`, `update_time`) VALUES ('1911973273135104002', 'PO20250415000001', '1896450516030771201', 2, 'test1', 1, 1, 12, '2025-04-15 10:42:06', '2025-04-15 10:42:06');
INSERT INTO `picking_order` (`id`, `picking_no`, `picker`, `status`, `remark`, `total_orders`, `total_items`, `total_quantity`, `create_time`, `update_time`) VALUES ('1912046627468742657', 'PO20250415000002', '1896450516030771201', 2, '111', 1, 2, 8, '2025-04-15 15:33:35', '2025-04-15 15:33:35');
INSERT INTO `picking_order` (`id`, `picking_no`, `picker`, `status`, `remark`, `total_orders`, `total_items`, `total_quantity`, `create_time`, `update_time`) VALUES ('1912054045028265986', 'PO20250415000003', '1896450516030771201', 2, '', 3, 8, 21, '2025-04-15 16:03:03', '2025-04-15 16:03:03');
INSERT INTO `picking_order` (`id`, `picking_no`, `picker`, `status`, `remark`, `total_orders`, `total_items`, `total_quantity`, `create_time`, `update_time`) VALUES ('1912057353373626370', 'PO20250415000004', '1896450516030771201', 2, '1', 1, 1, 12, '2025-04-15 16:16:12', '2025-04-15 16:16:12');
INSERT INTO `picking_order` (`id`, `picking_no`, `picker`, `status`, `remark`, `total_orders`, `total_items`, `total_quantity`, `create_time`, `update_time`) VALUES ('1912106676710944769', 'PO20250415000005', '1896450516030771201', 2, '12', 2, 3, 17, '2025-04-15 19:32:12', '2025-04-15 19:32:12');
INSERT INTO `picking_order` (`id`, `picking_no`, `picker`, `status`, `remark`, `total_orders`, `total_items`, `total_quantity`, `create_time`, `update_time`) VALUES ('1914654476281483265', 'PO20250422000001', '1896450516030771201', 0, '', 1, 1, 1, '2025-04-22 20:16:14', '2025-04-22 20:16:14');
INSERT INTO `picking_order` (`id`, `picking_no`, `picker`, `status`, `remark`, `total_orders`, `total_items`, `total_quantity`, `create_time`, `update_time`) VALUES ('1914655773256749057', 'PO20250422000002', '1896450516030771201', 2, '', 1, 1, 4, '2025-04-22 20:21:24', '2025-04-22 20:21:24');
INSERT INTO `picking_order` (`id`, `picking_no`, `picker`, `status`, `remark`, `total_orders`, `total_items`, `total_quantity`, `create_time`, `update_time`) VALUES ('1914657067790929921', 'PO20250422000003', '1896450516030771201', 2, '', 1, 1, 5, '2025-04-22 20:26:32', '2025-04-22 20:26:32');
INSERT INTO `picking_order` (`id`, `picking_no`, `picker`, `status`, `remark`, `total_orders`, `total_items`, `total_quantity`, `create_time`, `update_time`) VALUES ('1914662240668082177', 'PO20250422000004', '1896450516030771201', 2, '', 1, 2, 12, '2025-04-22 20:47:06', '2025-04-22 20:47:06');
INSERT INTO `picking_order` (`id`, `picking_no`, `picker`, `status`, `remark`, `total_orders`, `total_items`, `total_quantity`, `create_time`, `update_time`) VALUES ('1916736252864843777', 'PO20250428000001', '1896450516030771201', 0, '', 1, 3, 3, '2025-04-28 14:08:29', '2025-04-28 14:08:29');
INSERT INTO `picking_order` (`id`, `picking_no`, `picker`, `status`, `remark`, `total_orders`, `total_items`, `total_quantity`, `create_time`, `update_time`) VALUES ('1917405638486528002', 'PO20250430000001', '1896450516030771201', 2, '', 1, 1, 1, '2025-04-30 10:28:23', '2025-04-30 10:28:23');
INSERT INTO `picking_order` (`id`, `picking_no`, `picker`, `status`, `remark`, `total_orders`, `total_items`, `total_quantity`, `create_time`, `update_time`) VALUES ('1918566715513618434', 'PO20250503000001', '1896450516030771201', 2, '443', 1, 1, 8, '2025-05-03 15:22:05', '2025-05-03 15:22:05');
INSERT INTO `picking_order` (`id`, `picking_no`, `picker`, `status`, `remark`, `total_orders`, `total_items`, `total_quantity`, `create_time`, `update_time`) VALUES ('1918569723609726978', 'PO20250503000002', '1896450516030771201', 2, '2', 1, 3, 19, '2025-05-03 15:34:02', '2025-05-03 15:34:02');
COMMIT;

-- ----------------------------
-- Table structure for picking_order_relation
-- ----------------------------
DROP TABLE IF EXISTS `picking_order_relation`;
CREATE TABLE `picking_order_relation` (
  `id` varchar(32) NOT NULL COMMENT '关联ID',
  `picking_id` varchar(32) NOT NULL COMMENT '拣货单ID',
  `picking_no` varchar(32) NOT NULL COMMENT '拣货编号',
  `order_id` varchar(32) NOT NULL COMMENT '出库订单ID',
  `order_no` varchar(32) NOT NULL COMMENT '出库订单编号',
  `status` tinyint(1) NOT NULL DEFAULT '0' COMMENT '状态：0-待拣货，1-拣货中，2-已完成，3-异常',
  `create_time` datetime NOT NULL COMMENT '创建时间',
  `update_time` datetime NOT NULL COMMENT '更新时间',
  PRIMARY KEY (`id`),
  UNIQUE KEY `uk_picking_order` (`picking_id`,`order_id`),
  KEY `idx_picking_id` (`picking_id`),
  KEY `idx_order_id` (`order_id`),
  KEY `idx_status` (`status`)
) ENGINE=InnoDB DEFAULT CHARSET=utf8mb4 COLLATE=utf8mb4_0900_ai_ci COMMENT='拣货单-订单关联表';

-- ----------------------------
-- Records of picking_order_relation
-- ----------------------------
BEGIN;
INSERT INTO `picking_order_relation` (`id`, `picking_id`, `picking_no`, `order_id`, `order_no`, `status`, `create_time`, `update_time`) VALUES ('1911324947667124225', '1911324946710822913', 'PO20250413000005', '1911108643802816513', 'IR20250413000003', 0, '2025-04-13 15:45:53', '2025-04-13 15:45:53');
INSERT INTO `picking_order_relation` (`id`, `picking_id`, `picking_no`, `order_id`, `order_no`, `status`, `create_time`, `update_time`) VALUES ('1911325037131628546', '1911325036871581697', 'PO20250413000006', '1911096406098771970', 'IR20250413000001', 0, '2025-04-13 15:46:14', '2025-04-13 15:46:14');
INSERT INTO `picking_order_relation` (`id`, `picking_id`, `picking_no`, `order_id`, `order_no`, `status`, `create_time`, `update_time`) VALUES ('1911325037135822850', '1911325036871581697', 'PO20250413000006', '1911108493055336449', 'IR20250413000002', 0, '2025-04-13 15:46:14', '2025-04-13 15:46:14');
INSERT INTO `picking_order_relation` (`id`, `picking_id`, `picking_no`, `order_id`, `order_no`, `status`, `create_time`, `update_time`) VALUES ('1911973274124959745', '1911973273135104002', 'PO20250415000001', '1911970817974198273', 'IR20250415000001', 0, '2025-04-15 10:42:06', '2025-04-15 10:42:06');
INSERT INTO `picking_order_relation` (`id`, `picking_id`, `picking_no`, `order_id`, `order_no`, `status`, `create_time`, `update_time`) VALUES ('1912046627812675586', '1912046627468742657', 'PO20250415000002', '1912046481322414081', 'IR20250415000003', 0, '2025-04-15 15:33:35', '2025-04-15 15:33:35');
INSERT INTO `picking_order_relation` (`id`, `picking_id`, `picking_no`, `order_id`, `order_no`, `status`, `create_time`, `update_time`) VALUES ('1912054045565136897', '1912054045028265986', 'PO20250415000003', '1912053465807466498', 'IR20250415000004', 0, '2025-04-15 16:03:03', '2025-04-15 16:03:03');
INSERT INTO `picking_order_relation` (`id`, `picking_id`, `picking_no`, `order_id`, `order_no`, `status`, `create_time`, `update_time`) VALUES ('1912054045598691329', '1912054045028265986', 'PO20250415000003', '1912053623416827906', 'IR20250415000005', 0, '2025-04-15 16:03:03', '2025-04-15 16:03:03');
INSERT INTO `picking_order_relation` (`id`, `picking_id`, `picking_no`, `order_id`, `order_no`, `status`, `create_time`, `update_time`) VALUES ('1912054045598691330', '1912054045028265986', 'PO20250415000003', '1912053754161672194', 'IR20250415000006', 0, '2025-04-15 16:03:03', '2025-04-15 16:03:03');
INSERT INTO `picking_order_relation` (`id`, `picking_id`, `picking_no`, `order_id`, `order_no`, `status`, `create_time`, `update_time`) VALUES ('1912057353642061825', '1912057353373626370', 'PO20250415000004', '1912057273744764930', 'IR20250415000007', 0, '2025-04-15 16:16:12', '2025-04-15 16:16:12');
INSERT INTO `picking_order_relation` (`id`, `picking_id`, `picking_no`, `order_id`, `order_no`, `status`, `create_time`, `update_time`) VALUES ('1912106677029711874', '1912106676710944769', 'PO20250415000005', '1912106383000612865', 'IR20250415000008', 0, '2025-04-15 19:32:12', '2025-04-15 19:32:12');
INSERT INTO `picking_order_relation` (`id`, `picking_id`, `picking_no`, `order_id`, `order_no`, `status`, `create_time`, `update_time`) VALUES ('1912106677063266305', '1912106676710944769', 'PO20250415000005', '1912106506954878977', 'IR20250415000009', 0, '2025-04-15 19:32:12', '2025-04-15 19:32:12');
INSERT INTO `picking_order_relation` (`id`, `picking_id`, `picking_no`, `order_id`, `order_no`, `status`, `create_time`, `update_time`) VALUES ('1914654476759633921', '1914654476281483265', 'PO20250422000001', '1914654370098483202', 'IR20250422000001', 0, '2025-04-22 20:16:14', '2025-04-22 20:16:14');
INSERT INTO `picking_order_relation` (`id`, `picking_id`, `picking_no`, `order_id`, `order_no`, `status`, `create_time`, `update_time`) VALUES ('1914655773491630081', '1914655773256749057', 'PO20250422000002', '1914655698602332161', 'IR20250422000002', 0, '2025-04-22 20:21:24', '2025-04-22 20:21:24');
INSERT INTO `picking_order_relation` (`id`, `picking_id`, `picking_no`, `order_id`, `order_no`, `status`, `create_time`, `update_time`) VALUES ('1914657067983867905', '1914657067790929921', 'PO20250422000003', '1914657010173775874', 'IR20250422000003', 0, '2025-04-22 20:26:32', '2025-04-22 20:26:32');
INSERT INTO `picking_order_relation` (`id`, `picking_id`, `picking_no`, `order_id`, `order_no`, `status`, `create_time`, `update_time`) VALUES ('1914662240974266370', '1914662240668082177', 'PO20250422000004', '1914662173492109314', 'IR20250422000004', 0, '2025-04-22 20:47:06', '2025-04-22 20:47:06');
INSERT INTO `picking_order_relation` (`id`, `picking_id`, `picking_no`, `order_id`, `order_no`, `status`, `create_time`, `update_time`) VALUES ('1916736253191999490', '1916736252864843777', 'PO20250428000001', '1916736036686221313', 'IR20250428000001', 0, '2025-04-28 14:08:29', '2025-04-28 14:08:29');
INSERT INTO `picking_order_relation` (`id`, `picking_id`, `picking_no`, `order_id`, `order_no`, `status`, `create_time`, `update_time`) VALUES ('1917405638750769153', '1917405638486528002', 'PO20250430000001', '1917405556550799361', 'IR20250430000001', 0, '2025-04-30 10:28:23', '2025-04-30 10:28:23');
INSERT INTO `picking_order_relation` (`id`, `picking_id`, `picking_no`, `order_id`, `order_no`, `status`, `create_time`, `update_time`) VALUES ('1918566715895300097', '1918566715513618434', 'PO20250503000001', '1918566544046276609', 'IR20250503000001', 0, '2025-05-03 15:22:05', '2025-05-03 15:22:05');
INSERT INTO `picking_order_relation` (`id`, `picking_id`, `picking_no`, `order_id`, `order_no`, `status`, `create_time`, `update_time`) VALUES ('1918569723941076994', '1918569723609726978', 'PO20250503000002', '1918569631435702274', 'IR20250503000002', 0, '2025-05-03 15:34:02', '2025-05-03 15:34:02');
COMMIT;

-- ----------------------------
-- Table structure for product
-- ----------------------------
DROP TABLE IF EXISTS `product`;
CREATE TABLE `product` (
  `id` varchar(32) NOT NULL COMMENT '产品ID',
  `product_name` varchar(200) NOT NULL COMMENT '产品名称',
  `product_code` varchar(50) NOT NULL COMMENT '产品编码',
  `category_id` varchar(32) DEFAULT NULL COMMENT '分类ID',
  `brand` varchar(100) DEFAULT NULL COMMENT '品牌',
  `model` varchar(100) DEFAULT NULL COMMENT '型号',
  `spec` varchar(200) DEFAULT NULL COMMENT '规格',
  `price` decimal(10,2) DEFAULT NULL COMMENT '价格',
  `description` text COMMENT '描述',
  `create_time` datetime NOT NULL COMMENT '创建时间',
  `update_time` datetime NOT NULL COMMENT '更新时间',
  PRIMARY KEY (`id`),
  UNIQUE KEY `uk_product_code` (`product_code`),
  KEY `idx_category_id` (`category_id`)
) ENGINE=InnoDB DEFAULT CHARSET=utf8mb4 COLLATE=utf8mb4_0900_ai_ci COMMENT='产品表';

-- ----------------------------
-- Records of product
-- ----------------------------
BEGIN;
INSERT INTO `product` (`id`, `product_name`, `product_code`, `category_id`, `brand`, `model`, `spec`, `price`, `description`, `create_time`, `update_time`) VALUES ('10', '小米手机', 'XIAOMI-04', '1897216435166351362', '小米', '小米 15', '256+12', 4499.00, '这是一台小米手机', '2008-09-13 05:46:27', '2025-03-22 00:27:15');
INSERT INTO `product` (`id`, `product_name`, `product_code`, `category_id`, `brand`, `model`, `spec`, `price`, `description`, `create_time`, `update_time`) VALUES ('1897311533005512706', 'iPhone 15 pro', 'iPhone-15-pro', '1896968524388765697', '苹果', 'pro', '256', 114514.00, 'iphone', '2025-03-05 23:41:34', '2025-03-22 00:21:02');
INSERT INTO `product` (`id`, `product_name`, `product_code`, `category_id`, `brand`, `model`, `spec`, `price`, `description`, `create_time`, `update_time`) VALUES ('1897312189133070338', '小米电脑', 'XIAOMI-03', '1897309348356136962', '小米', 'REDMIBOOKPRO14', '512+16', 5699.00, '这是一台小米笔记本', '2025-03-05 23:44:11', '2025-03-22 00:27:13');
INSERT INTO `product` (`id`, `product_name`, `product_code`, `category_id`, `brand`, `model`, `spec`, `price`, `description`, `create_time`, `update_time`) VALUES ('1897312489487179777', '小米充电宝', 'XIAOMI-02', '1897310915058704385', '小米', '小米自带线充电宝', '20000 33W', 149.00, '这是个小米充电宝', '2025-03-05 23:45:23', '2025-03-22 00:27:11');
INSERT INTO `product` (`id`, `product_name`, `product_code`, `category_id`, `brand`, `model`, `spec`, `price`, `description`, `create_time`, `update_time`) VALUES ('1897312735277588481', '小米手环', 'XIAOMI-01', '1897309279468888066', '小米', '小米手环9', '白色', 239.00, NULL, '2025-03-05 23:46:21', '2025-03-22 00:27:08');
INSERT INTO `product` (`id`, `product_name`, `product_code`, `category_id`, `brand`, `model`, `spec`, `price`, `description`, `create_time`, `update_time`) VALUES ('1897313553900871682', 'VIVO手机', 'VIVO-01', '1897216478392848385', 'VIVO', 'vivo X200 Pro', '12G+256', 5189.00, '这是一台vivo X200 Pro 2亿超级长焦镜头', '2025-03-05 23:49:36', '2025-03-22 00:27:18');
INSERT INTO `product` (`id`, `product_name`, `product_code`, `category_id`, `brand`, `model`, `spec`, `price`, `description`, `create_time`, `update_time`) VALUES ('1897313956239482881', 'OPPO手机', 'OPPO-01', '1897216516095447042', 'OPPO', 'OPPO Find N5', '16+512', 9999.00, '这是一台OPPO Find N5折叠旗舰', '2025-03-05 23:51:12', '2025-03-22 00:27:21');
INSERT INTO `product` (`id`, `product_name`, `product_code`, `category_id`, `brand`, `model`, `spec`, `price`, `description`, `create_time`, `update_time`) VALUES ('1897314226491072514', 'Apple Watch', 'Apple-01', '1896971847028326401', '苹果', 'Apple Watch s10', 'WIFI版本', 3199.00, '这是一台Apple Watch手表，美丽的废物', '2025-03-05 23:52:17', '2025-03-22 00:27:23');
INSERT INTO `product` (`id`, `product_name`, `product_code`, `category_id`, `brand`, `model`, `spec`, `price`, `description`, `create_time`, `update_time`) VALUES ('1897314424227340290', 'iPhone 15', 'Apple-02', '1896968524388765697', 'Apple', 'iPhone 15 Pro', '256', 6899.00, '', '2025-03-05 23:53:04', '2025-03-05 23:53:04');
INSERT INTO `product` (`id`, `product_name`, `product_code`, `category_id`, `brand`, `model`, `spec`, `price`, `description`, `create_time`, `update_time`) VALUES ('1897315128870412290', 'MacBook', 'Apple-03', '1896968763237601282', 'Apple', 'Macbook air', '256', 11999.00, '这是一台MacBook Air笔记本', '2025-03-05 23:55:52', '2025-03-22 00:27:02');
INSERT INTO `product` (`id`, `product_name`, `product_code`, `category_id`, `brand`, `model`, `spec`, `price`, `description`, `create_time`, `update_time`) VALUES ('1897315660058042369', 'Galaxy', 'Sansung-01', '1897217199603421185', '三星', 'Galaxy S25 Ultra', '12+512', 9699.00, '三星手机', '2025-03-05 23:57:58', '2025-03-22 00:27:00');
INSERT INTO `product` (`id`, `product_name`, `product_code`, `category_id`, `brand`, `model`, `spec`, `price`, `description`, `create_time`, `update_time`) VALUES ('1897315963788566529', 'Galaxy Ring', 'Sansung-02', '1897309641751896066', '三星', 'Galaxy Ring', '10号（直径19.8毫米）', 2599.00, NULL, '2025-03-05 23:59:11', '2025-03-22 00:26:54');
INSERT INTO `product` (`id`, `product_name`, `product_code`, `category_id`, `brand`, `model`, `spec`, `price`, `description`, `create_time`, `update_time`) VALUES ('1901150656145268737', 'RedMi', 'RedMi', '1897216435166351362', '小米', 'RedMi', 'RedMi', 222.00, 'Redmi', '2025-03-16 13:56:52', '2025-03-22 00:26:49');
INSERT INTO `product` (`id`, `product_name`, `product_code`, `category_id`, `brand`, `model`, `spec`, `price`, `description`, `create_time`, `update_time`) VALUES ('1901150656321429505', '小米手环', 'XIAOMI-BAND-01', '1897309279468888066', 'XIAOMI', '小米手环9', 'S9', 239.00, '小米手环9', '2025-03-16 13:56:52', '2025-03-22 00:26:41');
INSERT INTO `product` (`id`, `product_name`, `product_code`, `category_id`, `brand`, `model`, `spec`, `price`, `description`, `create_time`, `update_time`) VALUES ('1901154713333276673', 'vivo X200', 'VIVO-X200', '1896968296944242689', 'VIVO', 'X200', '12+256', 3899.00, '', '2025-03-16 14:13:00', '2025-03-22 00:25:21');
INSERT INTO `product` (`id`, `product_name`, `product_code`, `category_id`, `brand`, `model`, `spec`, `price`, `description`, `create_time`, `update_time`) VALUES ('1903043837746679810', 'HUAWEI Mate 70', 'HUAIWEI-MATE-70', '1903040945136537601', 'HUAWEI', 'Mate', '512', 9.00, '', '2025-03-21 19:19:42', '2025-03-22 00:21:04');
INSERT INTO `product` (`id`, `product_name`, `product_code`, `category_id`, `brand`, `model`, `spec`, `price`, `description`, `create_time`, `update_time`) VALUES ('1903065079589572609', 'Apple Watch S9', 'APPLE-SWATH-S9', '1896971847028326401', 'Apple', 'S9', 'S9', 3799.00, '', '2025-03-21 20:44:06', '2025-03-22 00:24:22');
INSERT INTO `product` (`id`, `product_name`, `product_code`, `category_id`, `brand`, `model`, `spec`, `price`, `description`, `create_time`, `update_time`) VALUES ('1903066668219953153', '小米（MI）笔记本电脑', 'XIAOMI-BOOK', '1897309348356136962', 'REDMI', '2024', '13 i5', 3699.00, '', '2025-03-21 20:50:25', '2025-03-22 00:23:47');
INSERT INTO `product` (`id`, `product_name`, `product_code`, `category_id`, `brand`, `model`, `spec`, `price`, `description`, `create_time`, `update_time`) VALUES ('1903068405374840833', '一加 Ace 5', 'OPPP-ONEPLUS', '1897216516095447042', '一加', 'Ace', '12+256', 2299.00, '', '2025-03-21 20:57:19', '2025-03-22 00:22:55');
INSERT INTO `product` (`id`, `product_name`, `product_code`, `category_id`, `brand`, `model`, `spec`, `price`, `description`, `create_time`, `update_time`) VALUES ('1903068405488087041', 'HUAWEI Mate 60', 'HUAIWEI-MATE-60', '1903040945136537601', 'HUAWEI', 'pro', '256', 7899.00, '', '2025-03-21 20:57:19', '2025-03-22 00:21:08');
INSERT INTO `product` (`id`, `product_name`, `product_code`, `category_id`, `brand`, `model`, `spec`, `price`, `description`, `create_time`, `update_time`) VALUES ('1904375636703715330', '小米(MI)平板', 'XIAOMI-PAD', '1896968270889226241', '小米', '小米', '16+256', 1999.00, '', '2025-03-25 11:31:48', '2025-03-25 13:56:33');
INSERT INTO `product` (`id`, `product_name`, `product_code`, `category_id`, `brand`, `model`, `spec`, `price`, `description`, `create_time`, `update_time`) VALUES ('1904412874011451393', '华为笔记本', 'HUAWI-WEI', '1903040636817444866', 'HUAWEI', 'HUAWEI PRO', '16+512', 2999.00, '', '2025-03-25 13:59:46', '2025-03-25 13:59:46');
INSERT INTO `product` (`id`, `product_name`, `product_code`, `category_id`, `brand`, `model`, `spec`, `price`, `description`, `create_time`, `update_time`) VALUES ('1905136754029424642', '华为笔记本', 'HUAEIWEI-BJB', '1903040636817444866', 'HUAWEI', 'PRO ', '512', 22220.00, '', '2025-03-27 13:56:12', '2025-03-27 13:56:12');
INSERT INTO `product` (`id`, `product_name`, `product_code`, `category_id`, `brand`, `model`, `spec`, `price`, `description`, `create_time`, `update_time`) VALUES ('1905983382870437890', '联想内存条', 'Lenovo-MEM', '1905976816570118145', '联想', '长江颗粒', '8G', 222.00, '', '2025-03-29 22:00:24', '2025-03-29 22:03:15');
INSERT INTO `product` (`id`, `product_name`, `product_code`, `category_id`, `brand`, `model`, `spec`, `price`, `description`, `create_time`, `update_time`) VALUES ('1906007547547643906', '联想硬盘', 'Lenevo-DISK', '1905974555479531521', '联想', 'P', '1T', 799.00, '', '2025-03-29 23:36:25', '2025-03-29 23:36:25');
INSERT INTO `product` (`id`, `product_name`, `product_code`, `category_id`, `brand`, `model`, `spec`, `price`, `description`, `create_time`, `update_time`) VALUES ('1906253021684862977', '联想拯救者', 'Legion-R7000', '1905976461375483906', '联系', 'R7000', '16+512', 8599.00, '', '2025-03-30 15:51:51', '2025-03-30 15:51:51');
INSERT INTO `product` (`id`, `product_name`, `product_code`, `category_id`, `brand`, `model`, `spec`, `price`, `description`, `create_time`, `update_time`) VALUES ('1912134828359356417', 'OPPO Find X8', 'OPPO-02', '1897216516095447042', 'OPPO', 'Pro', '512', 6799.00, NULL, '2025-04-15 21:24:03', '2025-04-15 21:24:25');
INSERT INTO `product` (`id`, `product_name`, `product_code`, `category_id`, `brand`, `model`, `spec`, `price`, `description`, `create_time`, `update_time`) VALUES ('1915020349626322946', 'inter i5 ', 'inter-i5-001', '1915020484905226242', 'Inter', 'i5', '14799KF', 1499.00, '', '2025-04-23 20:30:05', '2025-04-23 20:30:47');
COMMIT;

-- ----------------------------
-- Table structure for product_cat
-- ----------------------------
DROP TABLE IF EXISTS `product_cat`;
CREATE TABLE `product_cat` (
  `id` varchar(32) NOT NULL COMMENT '分类ID',
  `category_name` varchar(100) NOT NULL COMMENT '分类名称',
  `category_code` varchar(50) NOT NULL COMMENT '分类编码',
  `parent_id` varchar(32) DEFAULT NULL COMMENT '父级ID',
  `sort` int DEFAULT '0' COMMENT '排序',
  `create_time` datetime NOT NULL COMMENT '创建时间',
  `update_time` datetime NOT NULL COMMENT '更新时间',
  PRIMARY KEY (`id`),
  UNIQUE KEY `category_code` (`category_code`,`parent_id`) USING BTREE
) ENGINE=InnoDB DEFAULT CHARSET=utf8mb4 COLLATE=utf8mb4_0900_ai_ci COMMENT='产品分类表';

-- ----------------------------
-- Records of product_cat
-- ----------------------------
BEGIN;
INSERT INTO `product_cat` (`id`, `category_name`, `category_code`, `parent_id`, `sort`, `create_time`, `update_time`) VALUES ('1896968270889226241', '小米', 'XIAOMI', NULL, 0, '2025-03-05 00:00:00', '2025-03-31 00:00:00');
INSERT INTO `product_cat` (`id`, `category_name`, `category_code`, `parent_id`, `sort`, `create_time`, `update_time`) VALUES ('1896968296944242689', 'VIVO', 'VIVO', NULL, 1, '2025-03-05 00:00:00', '2025-03-29 00:00:00');
INSERT INTO `product_cat` (`id`, `category_name`, `category_code`, `parent_id`, `sort`, `create_time`, `update_time`) VALUES ('1896968332419665921', 'OPPO', 'OPPO', NULL, 2, '2025-03-05 00:00:00', '2025-03-29 00:00:00');
INSERT INTO `product_cat` (`id`, `category_name`, `category_code`, `parent_id`, `sort`, `create_time`, `update_time`) VALUES ('1896968383002972161', '苹果', 'APPLE', NULL, 3, '2025-03-05 00:00:00', '2025-03-29 00:00:00');
INSERT INTO `product_cat` (`id`, `category_name`, `category_code`, `parent_id`, `sort`, `create_time`, `update_time`) VALUES ('1896968524388765697', '手机', 'IPhone', '1896968383002972161', 1, '2025-03-05 00:58:35', '2025-03-05 00:58:35');
INSERT INTO `product_cat` (`id`, `category_name`, `category_code`, `parent_id`, `sort`, `create_time`, `update_time`) VALUES ('1896968763237601282', '笔记本', 'mac', '1896968383002972161', 2, '2025-03-05 00:59:32', '2025-03-05 23:34:22');
INSERT INTO `product_cat` (`id`, `category_name`, `category_code`, `parent_id`, `sort`, `create_time`, `update_time`) VALUES ('1896971847028326401', '手表', 'APPLE_WATCH', '1896968383002972161', 0, '2025-03-05 01:11:47', '2025-03-05 01:12:07');
INSERT INTO `product_cat` (`id`, `category_name`, `category_code`, `parent_id`, `sort`, `create_time`, `update_time`) VALUES ('1897216435166351362', '手机', 'Phone', '1896968270889226241', 0, '2025-03-05 17:23:41', '2025-03-05 17:23:41');
INSERT INTO `product_cat` (`id`, `category_name`, `category_code`, `parent_id`, `sort`, `create_time`, `update_time`) VALUES ('1897216478392848385', '手机', 'Phone', '1896968296944242689', 0, '2025-03-05 17:23:52', '2025-03-05 17:23:52');
INSERT INTO `product_cat` (`id`, `category_name`, `category_code`, `parent_id`, `sort`, `create_time`, `update_time`) VALUES ('1897216516095447042', '手机', 'Phone', '1896968332419665921', 0, '2025-03-05 17:24:01', '2025-03-05 17:24:01');
INSERT INTO `product_cat` (`id`, `category_name`, `category_code`, `parent_id`, `sort`, `create_time`, `update_time`) VALUES ('1897217130401599490', '三星', 'SAMSUNG', NULL, 4, '2025-03-05 00:00:00', '2025-03-29 00:00:00');
INSERT INTO `product_cat` (`id`, `category_name`, `category_code`, `parent_id`, `sort`, `create_time`, `update_time`) VALUES ('1897217199603421185', '手机', 'Phone', '1897217130401599490', 0, '2025-03-05 17:26:44', '2025-03-05 17:26:44');
INSERT INTO `product_cat` (`id`, `category_name`, `category_code`, `parent_id`, `sort`, `create_time`, `update_time`) VALUES ('1897309279468888066', '手环', 'Smart_band', '1896968270889226241', 1, '2025-03-05 23:32:37', '2025-03-05 23:33:03');
INSERT INTO `product_cat` (`id`, `category_name`, `category_code`, `parent_id`, `sort`, `create_time`, `update_time`) VALUES ('1897309348356136962', '笔记本电脑', 'laptop', '1896968270889226241', 0, '2025-03-05 23:32:54', '2025-03-05 23:33:24');
INSERT INTO `product_cat` (`id`, `category_name`, `category_code`, `parent_id`, `sort`, `create_time`, `update_time`) VALUES ('1897309641751896066', '智能戒指', 'smart_ring', '1897217130401599490', 1, '2025-03-05 23:34:04', '2025-03-05 23:34:04');
INSERT INTO `product_cat` (`id`, `category_name`, `category_code`, `parent_id`, `sort`, `create_time`, `update_time`) VALUES ('1897310915058704385', '充电宝', 'powerbank', '1896968270889226241', 0, '2025-03-05 23:39:07', '2025-03-05 23:39:07');
INSERT INTO `product_cat` (`id`, `category_name`, `category_code`, `parent_id`, `sort`, `create_time`, `update_time`) VALUES ('1903040636817444866', '华为', 'HUAIWEI', NULL, 5, '2025-03-21 00:00:00', '2025-03-29 00:00:00');
INSERT INTO `product_cat` (`id`, `category_name`, `category_code`, `parent_id`, `sort`, `create_time`, `update_time`) VALUES ('1903040945136537601', '手机', 'HUAIWEI-PHONE', '1903040636817444866', 1, '2025-03-21 00:00:00', '2025-03-21 00:00:00');
INSERT INTO `product_cat` (`id`, `category_name`, `category_code`, `parent_id`, `sort`, `create_time`, `update_time`) VALUES ('1905974555479531521', '联想', 'Lenovo', NULL, 4, '2025-03-29 00:00:00', '2025-03-29 00:00:00');
INSERT INTO `product_cat` (`id`, `category_name`, `category_code`, `parent_id`, `sort`, `create_time`, `update_time`) VALUES ('1905976461375483906', '电脑', 'PC', '1905974555479531521', 0, '2025-03-29 00:00:00', '2025-03-29 00:00:00');
INSERT INTO `product_cat` (`id`, `category_name`, `category_code`, `parent_id`, `sort`, `create_time`, `update_time`) VALUES ('1905976816570118145', '内存条', 'Memoey', '1905974555479531521', 1, '2025-03-29 00:00:00', '2025-03-29 00:00:00');
INSERT INTO `product_cat` (`id`, `category_name`, `category_code`, `parent_id`, `sort`, `create_time`, `update_time`) VALUES ('1915020484905226242', '英特尔', 'inter', NULL, 6, '2025-04-23 00:00:00', '2025-04-23 00:00:00');
COMMIT;

-- ----------------------------
-- Table structure for quality_inspection
-- ----------------------------
DROP TABLE IF EXISTS `quality_inspection`;
CREATE TABLE `quality_inspection` (
  `id` varchar(32) NOT NULL COMMENT '质检ID',
  `inspection_no` varchar(32) NOT NULL COMMENT '质检编号',
  `inspection_type` tinyint(1) NOT NULL COMMENT '质检类型：1-入库质检，2-出库质检，3-库存质检',
  `related_order_id` varchar(32) DEFAULT NULL COMMENT '关联订单ID',
  `related_order_no` varchar(32) DEFAULT NULL COMMENT '关联订单编号',
  `inspector` varchar(50) NOT NULL COMMENT '质检员',
  `inspection_time` datetime DEFAULT NULL COMMENT '质检时间',
  `status` tinyint(1) NOT NULL COMMENT '0-未质检，1-通过，2-不通过，3-部分异常',
  `receive_status` tinyint NOT NULL DEFAULT '0' COMMENT '上架状态：0-未上架,1-已完成,2-进行中',
  `remark` varchar(500) DEFAULT NULL COMMENT '备注',
  `create_time` datetime NOT NULL COMMENT '创建时间',
  `update_time` datetime NOT NULL COMMENT '更新时间',
  PRIMARY KEY (`id`),
  UNIQUE KEY `uk_inspection_no` (`inspection_no`),
  KEY `idx_related_order_id` (`related_order_id`)
) ENGINE=InnoDB DEFAULT CHARSET=utf8mb4 COLLATE=utf8mb4_0900_ai_ci COMMENT='质检记录表';

-- ----------------------------
-- Records of quality_inspection
-- ----------------------------
BEGIN;
INSERT INTO `quality_inspection` (`id`, `inspection_no`, `inspection_type`, `related_order_id`, `related_order_no`, `inspector`, `inspection_time`, `status`, `receive_status`, `remark`, `create_time`, `update_time`) VALUES ('1911093955157229569', 'QI20250413000001', 1, '1911093586821840898', 'OR20250413000005', '1896450516030771201', '2025-04-13 00:29:27', 1, 1, '', '2025-04-13 00:28:00', '2025-04-13 00:29:27');
INSERT INTO `quality_inspection` (`id`, `inspection_no`, `inspection_type`, `related_order_id`, `related_order_no`, `inspector`, `inspection_time`, `status`, `receive_status`, `remark`, `create_time`, `update_time`) VALUES ('1911093963428397057', 'QI20250413000002', 1, '1911093507880845314', 'OR20250413000004', '1896450516030771201', '2025-04-13 00:29:17', 1, 1, '', '2025-04-13 00:28:02', '2025-04-13 00:29:17');
INSERT INTO `quality_inspection` (`id`, `inspection_no`, `inspection_type`, `related_order_id`, `related_order_no`, `inspector`, `inspection_time`, `status`, `receive_status`, `remark`, `create_time`, `update_time`) VALUES ('1911093972685225986', 'QI20250413000003', 1, '1911093403392344066', 'OR20250413000003', '1896450516030771201', '2025-04-13 00:29:08', 1, 1, '', '2025-04-13 00:28:04', '2025-04-13 00:29:08');
INSERT INTO `quality_inspection` (`id`, `inspection_no`, `inspection_type`, `related_order_id`, `related_order_no`, `inspector`, `inspection_time`, `status`, `receive_status`, `remark`, `create_time`, `update_time`) VALUES ('1911093984085344257', 'QI20250413000004', 1, '1911093260446269441', 'OR20250413000002', '1896450516030771201', '2025-04-13 00:28:59', 1, 1, '', '2025-04-13 00:28:07', '2025-04-13 00:28:59');
INSERT INTO `quality_inspection` (`id`, `inspection_no`, `inspection_type`, `related_order_id`, `related_order_no`, `inspector`, `inspection_time`, `status`, `receive_status`, `remark`, `create_time`, `update_time`) VALUES ('1911093992943714306', 'QI20250413000005', 1, '1911093194214014978', 'OR20250413000001', '1896450516030771201', '2025-04-13 00:28:45', 1, 1, '', '2025-04-13 00:28:09', '2025-04-13 00:28:45');
INSERT INTO `quality_inspection` (`id`, `inspection_no`, `inspection_type`, `related_order_id`, `related_order_no`, `inspector`, `inspection_time`, `status`, `receive_status`, `remark`, `create_time`, `update_time`) VALUES ('1912033386088808449', 'QO20250415000002', 2, '1911096406098771970', 'IR20250413000001', '1896450516030771201', '2025-04-15 15:58:11', 1, 0, '', '2025-04-15 14:40:58', '2025-04-15 15:58:11');
INSERT INTO `quality_inspection` (`id`, `inspection_no`, `inspection_type`, `related_order_id`, `related_order_no`, `inspector`, `inspection_time`, `status`, `receive_status`, `remark`, `create_time`, `update_time`) VALUES ('1912041632933535746', 'QO20250415000003', 2, '1911108493055336449', 'IR20250413000002', '1896450516030771201', '2025-04-15 15:58:03', 1, 0, '', '2025-04-15 15:13:44', '2025-04-15 15:58:03');
INSERT INTO `quality_inspection` (`id`, `inspection_no`, `inspection_type`, `related_order_id`, `related_order_no`, `inspector`, `inspection_time`, `status`, `receive_status`, `remark`, `create_time`, `update_time`) VALUES ('1912043432503861249', 'QO20250415000004', 2, '1911970817974198273', 'IR20250415000001', '1896450516030771201', '2025-04-15 15:57:43', 1, 0, '12', '2025-04-15 15:20:53', '2025-04-15 15:57:43');
INSERT INTO `quality_inspection` (`id`, `inspection_no`, `inspection_type`, `related_order_id`, `related_order_no`, `inspector`, `inspection_time`, `status`, `receive_status`, `remark`, `create_time`, `update_time`) VALUES ('1912044437299662849', 'QO20250415000005', 2, '1911108643802816513', 'IR20250413000003', '1896450516030771201', '2025-04-15 15:28:12', 1, 0, '', '2025-04-15 15:24:53', '2025-04-15 15:28:12');
INSERT INTO `quality_inspection` (`id`, `inspection_no`, `inspection_type`, `related_order_id`, `related_order_no`, `inspector`, `inspection_time`, `status`, `receive_status`, `remark`, `create_time`, `update_time`) VALUES ('1912046744082976769', 'QO20250415000006', 2, '1912046481322414081', 'IR20250415000003', '1896450516030771201', '2025-04-15 15:51:57', 3, 0, '', '2025-04-15 15:34:03', '2025-04-15 15:51:57');
INSERT INTO `quality_inspection` (`id`, `inspection_no`, `inspection_type`, `related_order_id`, `related_order_no`, `inspector`, `inspection_time`, `status`, `receive_status`, `remark`, `create_time`, `update_time`) VALUES ('1912054367951925249', 'QO20250415000007', 2, '1912053465807466498', 'IR20250415000004', '1896450516030771201', NULL, 0, 0, NULL, '2025-04-15 16:04:20', '2025-04-15 16:04:20');
INSERT INTO `quality_inspection` (`id`, `inspection_no`, `inspection_type`, `related_order_id`, `related_order_no`, `inspector`, `inspection_time`, `status`, `receive_status`, `remark`, `create_time`, `update_time`) VALUES ('1912054456485294082', 'QO20250415000008', 2, '1912053623416827906', 'IR20250415000005', '1896450516030771201', NULL, 0, 0, NULL, '2025-04-15 16:04:41', '2025-04-15 16:04:41');
INSERT INTO `quality_inspection` (`id`, `inspection_no`, `inspection_type`, `related_order_id`, `related_order_no`, `inspector`, `inspection_time`, `status`, `receive_status`, `remark`, `create_time`, `update_time`) VALUES ('1912054608226824194', 'QO20250415000009', 2, '1912053754161672194', 'IR20250415000006', '1896450516030771201', '2025-04-15 16:06:53', 1, 0, '', '2025-04-15 16:05:18', '2025-04-15 16:06:53');
INSERT INTO `quality_inspection` (`id`, `inspection_no`, `inspection_type`, `related_order_id`, `related_order_no`, `inspector`, `inspection_time`, `status`, `receive_status`, `remark`, `create_time`, `update_time`) VALUES ('1912058431573995521', 'QO20250415000010', 2, '1912057273744764930', 'IR20250415000007', '1896450516030771201', NULL, 0, 0, NULL, '2025-04-15 16:20:29', '2025-04-15 16:20:29');
INSERT INTO `quality_inspection` (`id`, `inspection_no`, `inspection_type`, `related_order_id`, `related_order_no`, `inspector`, `inspection_time`, `status`, `receive_status`, `remark`, `create_time`, `update_time`) VALUES ('1912105919379025922', 'QI20250415000001', 1, '1912105697550675970', 'OR20250415000001', '1896450516030771201', '2025-04-15 19:29:21', 1, 1, '', '2025-04-15 19:29:11', '2025-04-15 19:29:21');
INSERT INTO `quality_inspection` (`id`, `inspection_no`, `inspection_type`, `related_order_id`, `related_order_no`, `inspector`, `inspection_time`, `status`, `receive_status`, `remark`, `create_time`, `update_time`) VALUES ('1912107020421574658', 'QO20250415000011', 2, '1912106383000612865', 'IR20250415000008', '1896450516030771201', '2025-04-15 19:35:57', 3, 0, '', '2025-04-15 19:33:34', '2025-04-15 19:35:57');
INSERT INTO `quality_inspection` (`id`, `inspection_no`, `inspection_type`, `related_order_id`, `related_order_no`, `inspector`, `inspection_time`, `status`, `receive_status`, `remark`, `create_time`, `update_time`) VALUES ('1912107225116192769', 'QO20250415000012', 2, '1912106506954878977', 'IR20250415000009', '1896450516030771201', '2025-04-15 19:35:13', 1, 0, '1', '2025-04-15 19:34:22', '2025-04-15 19:35:13');
INSERT INTO `quality_inspection` (`id`, `inspection_no`, `inspection_type`, `related_order_id`, `related_order_no`, `inspector`, `inspection_time`, `status`, `receive_status`, `remark`, `create_time`, `update_time`) VALUES ('1913459782468648962', 'QI20250419000001', 1, '1913458612782120961', 'OR20250419000001', '1896450516030771201', '2025-04-28 14:07:08', 1, 0, '', '2025-04-19 13:08:57', '2025-04-28 14:07:08');
INSERT INTO `quality_inspection` (`id`, `inspection_no`, `inspection_type`, `related_order_id`, `related_order_no`, `inspector`, `inspection_time`, `status`, `receive_status`, `remark`, `create_time`, `update_time`) VALUES ('1914655828734808065', 'QO20250422000001', 2, '1914655698602332161', 'IR20250422000002', '1896450516030771201', '2025-04-22 20:22:36', 1, 0, '', '2025-04-22 20:21:37', '2025-04-22 20:22:36');
INSERT INTO `quality_inspection` (`id`, `inspection_no`, `inspection_type`, `related_order_id`, `related_order_no`, `inspector`, `inspection_time`, `status`, `receive_status`, `remark`, `create_time`, `update_time`) VALUES ('1914657633128669185', 'QO20250422000002', 2, '1914657010173775874', 'IR20250422000003', '1896450516030771201', '2025-04-28 19:29:32', 1, 0, '', '2025-04-22 20:28:47', '2025-04-28 19:29:32');
INSERT INTO `quality_inspection` (`id`, `inspection_no`, `inspection_type`, `related_order_id`, `related_order_no`, `inspector`, `inspection_time`, `status`, `receive_status`, `remark`, `create_time`, `update_time`) VALUES ('1914661951072362497', 'QI20250422000001', 1, '1914661832927207426', 'OR20250422000001', '1896450516030771201', '2025-04-22 20:46:10', 1, 1, '', '2025-04-22 20:45:56', '2025-04-22 20:46:10');
INSERT INTO `quality_inspection` (`id`, `inspection_no`, `inspection_type`, `related_order_id`, `related_order_no`, `inspector`, `inspection_time`, `status`, `receive_status`, `remark`, `create_time`, `update_time`) VALUES ('1914662416572997633', 'QO20250422000003', 2, '1914662173492109314', 'IR20250422000004', '1896450516030771201', '2025-04-22 20:48:19', 1, 0, '', '2025-04-22 20:47:47', '2025-04-22 20:48:19');
INSERT INTO `quality_inspection` (`id`, `inspection_no`, `inspection_type`, `related_order_id`, `related_order_no`, `inspector`, `inspection_time`, `status`, `receive_status`, `remark`, `create_time`, `update_time`) VALUES ('1916735871271260161', 'QI20250428000001', 1, '1916735774462529537', 'OR20250428000002', '1896450516030771201', NULL, 0, 0, NULL, '2025-04-28 14:06:58', '2025-04-28 14:06:58');
INSERT INTO `quality_inspection` (`id`, `inspection_no`, `inspection_type`, `related_order_id`, `related_order_no`, `inspector`, `inspection_time`, `status`, `receive_status`, `remark`, `create_time`, `update_time`) VALUES ('1916817087998443522', 'QI20250428000002', 1, '1916735584699633666', 'OR20250428000001', '1896450516030771201', '2025-04-30 10:28:29', 1, 0, '', '2025-04-28 19:29:41', '2025-04-30 10:28:29');
INSERT INTO `quality_inspection` (`id`, `inspection_no`, `inspection_type`, `related_order_id`, `related_order_no`, `inspector`, `inspection_time`, `status`, `receive_status`, `remark`, `create_time`, `update_time`) VALUES ('1917405797987520514', 'QO20250430000001', 2, '1917405556550799361', 'IR20250430000001', '1896450516030771201', NULL, 0, 0, NULL, '2025-04-30 10:29:01', '2025-04-30 10:29:01');
INSERT INTO `quality_inspection` (`id`, `inspection_no`, `inspection_type`, `related_order_id`, `related_order_no`, `inspector`, `inspection_time`, `status`, `receive_status`, `remark`, `create_time`, `update_time`) VALUES ('1918532478852878337', 'QI20250503000001', 1, '1918532364075749378', 'OR20250503000001', '1896450516030771201', '2025-05-03 13:06:41', 1, 1, '', '2025-05-03 13:06:02', '2025-05-03 13:06:41');
INSERT INTO `quality_inspection` (`id`, `inspection_no`, `inspection_type`, `related_order_id`, `related_order_no`, `inspector`, `inspection_time`, `status`, `receive_status`, `remark`, `create_time`, `update_time`) VALUES ('1918558784797790209', 'QI20250503000004', 1, '1918558682469355522', 'OR20250503000007', '1896450516030771201', '2025-05-03 14:50:48', 1, 1, '', '2025-05-03 14:50:34', '2025-05-03 14:50:48');
INSERT INTO `quality_inspection` (`id`, `inspection_no`, `inspection_type`, `related_order_id`, `related_order_no`, `inspector`, `inspection_time`, `status`, `receive_status`, `remark`, `create_time`, `update_time`) VALUES ('1918561880638636033', 'QI20250503000005', 1, '1918561807435448321', 'OR20250503000008', '1896450516030771201', '2025-05-03 15:02:59', 1, 1, '', '2025-05-03 15:02:52', '2025-05-03 15:02:59');
INSERT INTO `quality_inspection` (`id`, `inspection_no`, `inspection_type`, `related_order_id`, `related_order_no`, `inspector`, `inspection_time`, `status`, `receive_status`, `remark`, `create_time`, `update_time`) VALUES ('1918566920229208065', 'QO20250503000001', 2, '1918566544046276609', 'IR20250503000001', '1896450516030771201', '2025-05-03 15:23:02', 1, 0, '', '2025-05-03 15:22:54', '2025-05-03 15:23:02');
INSERT INTO `quality_inspection` (`id`, `inspection_no`, `inspection_type`, `related_order_id`, `related_order_no`, `inspector`, `inspection_time`, `status`, `receive_status`, `remark`, `create_time`, `update_time`) VALUES ('1918567375000813570', 'QI20250503000006', 1, '1918567298551234561', 'OR20250503000009', '1896450516030771201', '2025-05-03 15:24:52', 1, 1, '', '2025-05-03 15:24:42', '2025-05-03 15:24:52');
INSERT INTO `quality_inspection` (`id`, `inspection_no`, `inspection_type`, `related_order_id`, `related_order_no`, `inspector`, `inspection_time`, `status`, `receive_status`, `remark`, `create_time`, `update_time`) VALUES ('1918570008742707202', 'QO20250503000002', 2, '1918569631435702274', 'IR20250503000002', '1896450516030771201', '2025-05-03 15:35:21', 1, 0, '', '2025-05-03 15:35:10', '2025-05-03 15:35:21');
COMMIT;

-- ----------------------------
-- Table structure for quality_inspection_item
-- ----------------------------
DROP TABLE IF EXISTS `quality_inspection_item`;
CREATE TABLE `quality_inspection_item` (
  `id` varchar(32) NOT NULL COMMENT '明细ID',
  `inspection_id` varchar(32) NOT NULL COMMENT '质检记录ID',
  `product_id` varchar(32) NOT NULL COMMENT '产品ID',
  `batch_number` varchar(100) CHARACTER SET utf8mb4 COLLATE utf8mb4_0900_ai_ci NOT NULL COMMENT '批次号',
  `area_id` varchar(255) CHARACTER SET utf8mb4 COLLATE utf8mb4_0900_ai_ci DEFAULT NULL COMMENT '区域id',
  `location` json DEFAULT NULL COMMENT '具体位置，格式\n[\n  {\n      shelfId:,\n      storageIds:[]\n  }\n]',
  `inspection_quantity` int NOT NULL COMMENT '质检数量',
  `qualified_quantity` int DEFAULT '0' COMMENT '合格数量',
  `unqualified_quantity` int DEFAULT '0' COMMENT '不合格数量',
  `quality_status` tinyint(1) DEFAULT NULL COMMENT '质检结果：1-合格，2-不合格',
  `receive_status` tinyint NOT NULL DEFAULT '0' COMMENT '上架状态：0-未上架,1-已完成,2-进行中',
  `reason` varchar(500) CHARACTER SET utf8mb4 COLLATE utf8mb4_0900_ai_ci DEFAULT NULL COMMENT '异常原因',
  `remark` varchar(500) DEFAULT NULL COMMENT '备注',
  `create_time` datetime NOT NULL COMMENT '创建时间',
  `update_time` datetime NOT NULL COMMENT '更新时间',
  PRIMARY KEY (`id`),
  KEY `idx_inspection_id` (`inspection_id`),
  KEY `idx_product_id` (`product_id`)
) ENGINE=InnoDB DEFAULT CHARSET=utf8mb4 COLLATE=utf8mb4_0900_ai_ci COMMENT='质检明细表';

-- ----------------------------
-- Records of quality_inspection_item
-- ----------------------------
BEGIN;
INSERT INTO `quality_inspection_item` (`id`, `inspection_id`, `product_id`, `batch_number`, `area_id`, `location`, `inspection_quantity`, `qualified_quantity`, `unqualified_quantity`, `quality_status`, `receive_status`, `reason`, `remark`, `create_time`, `update_time`) VALUES ('1911093955299835906', '1911093955157229569', '1897315128870412290', '2025041300000005', '1898645979654766593', '[{\"shelfId\": \"1898700659026018306\", \"storageIds\": [\"1898770317204676609\"]}]', 14434, 14432, 2, 1, 1, NULL, '4', '2025-04-13 00:28:00', '2025-04-12 16:29:27');
INSERT INTO `quality_inspection_item` (`id`, `inspection_id`, `product_id`, `batch_number`, `area_id`, `location`, `inspection_quantity`, `qualified_quantity`, `unqualified_quantity`, `quality_status`, `receive_status`, `reason`, `remark`, `create_time`, `update_time`) VALUES ('1911093963503894530', '1911093963428397057', '1903068405488087041', '2025041300000004', '1898645979654766593', '[{\"shelfId\": \"1898700659026018306\", \"storageIds\": [\"1898772262124433410\"]}]', 2133, 2133, 0, 1, 1, NULL, '5', '2025-04-13 00:28:02', '2025-04-12 16:29:16');
INSERT INTO `quality_inspection_item` (`id`, `inspection_id`, `product_id`, `batch_number`, `area_id`, `location`, `inspection_quantity`, `qualified_quantity`, `unqualified_quantity`, `quality_status`, `receive_status`, `reason`, `remark`, `create_time`, `update_time`) VALUES ('1911093972756529153', '1911093972685225986', '1901154713333276673', '2025041300000003', '1898645979654766593', '[{\"shelfId\": \"1898700659026018306\", \"storageIds\": [\"1898787361241403393\"]}]', 13423, 13423, 0, 1, 1, NULL, '3', '2025-04-13 00:28:04', '2025-04-12 16:29:08');
INSERT INTO `quality_inspection_item` (`id`, `inspection_id`, `product_id`, `batch_number`, `area_id`, `location`, `inspection_quantity`, `qualified_quantity`, `unqualified_quantity`, `quality_status`, `receive_status`, `reason`, `remark`, `create_time`, `update_time`) VALUES ('1911093984152453122', '1911093984085344257', '1897315660058042369', '2025041300000002', '1898645979654766593', '[{\"shelfId\": \"1898700659026018306\", \"storageIds\": [\"1898787401099874306\"]}]', 14444, 14444, 0, 1, 1, NULL, '2', '2025-04-13 00:28:07', '2025-04-12 16:28:58');
INSERT INTO `quality_inspection_item` (`id`, `inspection_id`, `product_id`, `batch_number`, `area_id`, `location`, `inspection_quantity`, `qualified_quantity`, `unqualified_quantity`, `quality_status`, `receive_status`, `reason`, `remark`, `create_time`, `update_time`) VALUES ('1911093993010823170', '1911093992943714306', '1897311533005512706', '2025041300000001', '1898645979654766593', '[{\"shelfId\": \"1898700659026018306\", \"storageIds\": [\"1899421665568157698\"]}]', 12345, 12345, 0, 1, 1, NULL, '1', '2025-04-13 00:28:09', '2025-04-12 16:28:45');
INSERT INTO `quality_inspection_item` (`id`, `inspection_id`, `product_id`, `batch_number`, `area_id`, `location`, `inspection_quantity`, `qualified_quantity`, `unqualified_quantity`, `quality_status`, `receive_status`, `reason`, `remark`, `create_time`, `update_time`) VALUES ('1912033386189471745', '1912033386088808449', '1897311533005512706', '2025041300000001', '1898645979654766593', '[{\"shelfId\": \"1898700659026018306\", \"storageIds\": [\"1899421665568157698\", \"1899421665568157699\", \"1899421665568157700\", \"1899421665568157701\"]}]', 7, 5, 2, 1, 0, NULL, '1', '2025-04-15 14:40:58', '2025-04-15 07:58:11');
INSERT INTO `quality_inspection_item` (`id`, `inspection_id`, `product_id`, `batch_number`, `area_id`, `location`, `inspection_quantity`, `qualified_quantity`, `unqualified_quantity`, `quality_status`, `receive_status`, `reason`, `remark`, `create_time`, `update_time`) VALUES ('1912041633118085121', '1912041632933535746', '1897311533005512706', '2025041300000001', '1898645979654766593', '[{\"shelfId\": \"1898700659026018306\", \"storageIds\": [\"1899421665568157699\", \"1899421665568157700\", \"1899421665568157701\"]}, {\"shelfId\": \"1898707410911625217\", \"storageIds\": [\"1898787743397023746\", \"1898787743397023747\"]}]', 12, 12, 0, 1, 0, NULL, '3', '2025-04-15 15:13:44', '2025-04-15 07:58:03');
INSERT INTO `quality_inspection_item` (`id`, `inspection_id`, `product_id`, `batch_number`, `area_id`, `location`, `inspection_quantity`, `qualified_quantity`, `unqualified_quantity`, `quality_status`, `receive_status`, `reason`, `remark`, `create_time`, `update_time`) VALUES ('1912041633143250945', '1912041632933535746', '1897315660058042369', '2025041300000002', '1898645979654766593', '[{\"shelfId\": \"1898700659026018306\", \"storageIds\": [\"1898787401099874306\"]}]', 1, 1, 0, 1, 0, NULL, '', '2025-04-15 15:13:44', '2025-04-15 07:58:03');
INSERT INTO `quality_inspection_item` (`id`, `inspection_id`, `product_id`, `batch_number`, `area_id`, `location`, `inspection_quantity`, `qualified_quantity`, `unqualified_quantity`, `quality_status`, `receive_status`, `reason`, `remark`, `create_time`, `update_time`) VALUES ('1912043432843599873', '1912043432503861249', '1897311533005512706', '2025041300000001', '1898645979654766593', '[{\"shelfId\": \"1898700659026018306\", \"storageIds\": [\"1899421665568157699\"]}]', 12, 12, 0, 1, 0, NULL, '1', '2025-04-15 15:20:53', '2025-04-15 07:57:43');
INSERT INTO `quality_inspection_item` (`id`, `inspection_id`, `product_id`, `batch_number`, `area_id`, `location`, `inspection_quantity`, `qualified_quantity`, `unqualified_quantity`, `quality_status`, `receive_status`, `reason`, `remark`, `create_time`, `update_time`) VALUES ('1912044437429686274', '1912044437299662849', '1897311533005512706', '2025041300000001', '1898645979654766593', '[{\"shelfId\": \"1898700659026018306\", \"storageIds\": [\"1899421665568157699\", \"1899421665568157700\", \"1899421665568157701\"]}]', 6, 6, 0, 1, 0, NULL, '1', '2025-04-15 15:24:53', '2025-04-15 07:28:11');
INSERT INTO `quality_inspection_item` (`id`, `inspection_id`, `product_id`, `batch_number`, `area_id`, `location`, `inspection_quantity`, `qualified_quantity`, `unqualified_quantity`, `quality_status`, `receive_status`, `reason`, `remark`, `create_time`, `update_time`) VALUES ('1912046744229777410', '1912046744082976769', '1897311533005512706', '2025041300000001', '1898645979654766593', '[{\"shelfId\": \"1898700659026018306\", \"storageIds\": [\"1899421665568157699\"]}, {\"shelfId\": \"1898707410911625217\", \"storageIds\": [\"1898787743397023747\"]}]', 4, 3, 1, 1, 0, NULL, '1', '2025-04-15 15:34:03', '2025-04-15 07:52:04');
INSERT INTO `quality_inspection_item` (`id`, `inspection_id`, `product_id`, `batch_number`, `area_id`, `location`, `inspection_quantity`, `qualified_quantity`, `unqualified_quantity`, `quality_status`, `receive_status`, `reason`, `remark`, `create_time`, `update_time`) VALUES ('1912046744259137538', '1912046744082976769', '1897315660058042369', '2025041300000002', '1898645979654766593', '[{\"shelfId\": \"1898700659026018306\", \"storageIds\": [\"1898787401099874306\"]}]', 4, 0, 4, 2, 0, NULL, '', '2025-04-15 15:34:03', '2025-04-15 07:52:04');
INSERT INTO `quality_inspection_item` (`id`, `inspection_id`, `product_id`, `batch_number`, `area_id`, `location`, `inspection_quantity`, `qualified_quantity`, `unqualified_quantity`, `quality_status`, `receive_status`, `reason`, `remark`, `create_time`, `update_time`) VALUES ('1912054368086142977', '1912054367951925249', '1897311533005512706', '2025041300000001', '1898645979654766593', '[{\"shelfId\": \"1898707410911625217\", \"storageIds\": [\"1898787743397023747\"]}]', 5, 0, 0, NULL, 0, NULL, NULL, '2025-04-15 16:04:20', '2025-04-15 16:04:20');
INSERT INTO `quality_inspection_item` (`id`, `inspection_id`, `product_id`, `batch_number`, `area_id`, `location`, `inspection_quantity`, `qualified_quantity`, `unqualified_quantity`, `quality_status`, `receive_status`, `reason`, `remark`, `create_time`, `update_time`) VALUES ('1912054368111308801', '1912054367951925249', '1897315660058042369', '2025041300000002', '1898645979654766593', '[{\"shelfId\": \"1898700659026018306\", \"storageIds\": [\"1898787401099874306\"]}]', 1, 0, 0, NULL, 0, NULL, NULL, '2025-04-15 16:04:20', '2025-04-15 16:04:20');
INSERT INTO `quality_inspection_item` (`id`, `inspection_id`, `product_id`, `batch_number`, `area_id`, `location`, `inspection_quantity`, `qualified_quantity`, `unqualified_quantity`, `quality_status`, `receive_status`, `reason`, `remark`, `create_time`, `update_time`) VALUES ('1912054456573374465', '1912054456485294082', '1897315660058042369', '2025041300000002', '1898645979654766593', '[{\"shelfId\": \"1898700659026018306\", \"storageIds\": [\"1898787401099874306\"]}]', 10, 0, 0, NULL, 0, NULL, NULL, '2025-04-15 16:04:41', '2025-04-15 16:04:41');
INSERT INTO `quality_inspection_item` (`id`, `inspection_id`, `product_id`, `batch_number`, `area_id`, `location`, `inspection_quantity`, `qualified_quantity`, `unqualified_quantity`, `quality_status`, `receive_status`, `reason`, `remark`, `create_time`, `update_time`) VALUES ('1912054608558174209', '1912054608226824194', '1897311533005512706', '2025041300000001', '1898645979654766593', '[{\"shelfId\": \"1898707410911625217\", \"storageIds\": [\"1898787743397023747\"]}]', 1, 1, 0, 1, 0, NULL, '', '2025-04-15 16:05:18', '2025-04-15 08:06:53');
INSERT INTO `quality_inspection_item` (`id`, `inspection_id`, `product_id`, `batch_number`, `area_id`, `location`, `inspection_quantity`, `qualified_quantity`, `unqualified_quantity`, `quality_status`, `receive_status`, `reason`, `remark`, `create_time`, `update_time`) VALUES ('1912054608562368513', '1912054608226824194', '1897315660058042369', '2025041300000002', '1898645979654766593', '[{\"shelfId\": \"1898700659026018306\", \"storageIds\": [\"1898787401099874306\"]}]', 1, 1, 0, 1, 0, NULL, '', '2025-04-15 16:05:18', '2025-04-15 08:06:53');
INSERT INTO `quality_inspection_item` (`id`, `inspection_id`, `product_id`, `batch_number`, `area_id`, `location`, `inspection_quantity`, `qualified_quantity`, `unqualified_quantity`, `quality_status`, `receive_status`, `reason`, `remark`, `create_time`, `update_time`) VALUES ('1912054608562368514', '1912054608226824194', '1901154713333276673', '2025041300000003', '1898645979654766593', '[{\"shelfId\": \"1898700659026018306\", \"storageIds\": [\"1898787361241403393\"]}]', 1, 1, 0, 1, 0, NULL, '', '2025-04-15 16:05:18', '2025-04-15 08:06:53');
INSERT INTO `quality_inspection_item` (`id`, `inspection_id`, `product_id`, `batch_number`, `area_id`, `location`, `inspection_quantity`, `qualified_quantity`, `unqualified_quantity`, `quality_status`, `receive_status`, `reason`, `remark`, `create_time`, `update_time`) VALUES ('1912054608562368515', '1912054608226824194', '1903068405488087041', '2025041300000004', '1898645979654766593', '[{\"shelfId\": \"1898700659026018306\", \"storageIds\": [\"1898772262124433410\"]}]', 1, 1, 0, 1, 0, NULL, '', '2025-04-15 16:05:18', '2025-04-15 08:06:53');
INSERT INTO `quality_inspection_item` (`id`, `inspection_id`, `product_id`, `batch_number`, `area_id`, `location`, `inspection_quantity`, `qualified_quantity`, `unqualified_quantity`, `quality_status`, `receive_status`, `reason`, `remark`, `create_time`, `update_time`) VALUES ('1912054608562368516', '1912054608226824194', '1897315128870412290', '2025041300000005', '1898645979654766593', '[{\"shelfId\": \"1898700659026018306\", \"storageIds\": [\"1898770317204676609\"]}]', 1, 1, 0, 1, 0, NULL, '', '2025-04-15 16:05:18', '2025-04-15 08:06:53');
INSERT INTO `quality_inspection_item` (`id`, `inspection_id`, `product_id`, `batch_number`, `area_id`, `location`, `inspection_quantity`, `qualified_quantity`, `unqualified_quantity`, `quality_status`, `receive_status`, `reason`, `remark`, `create_time`, `update_time`) VALUES ('1912058431670464513', '1912058431573995521', '1897315660058042369', '2025041300000002', '1898645979654766593', '[{\"shelfId\": \"1898700659026018306\", \"storageIds\": [\"1898787401099874306\"]}]', 12, 0, 0, NULL, 0, NULL, NULL, '2025-04-15 16:20:29', '2025-04-15 16:20:29');
INSERT INTO `quality_inspection_item` (`id`, `inspection_id`, `product_id`, `batch_number`, `area_id`, `location`, `inspection_quantity`, `qualified_quantity`, `unqualified_quantity`, `quality_status`, `receive_status`, `reason`, `remark`, `create_time`, `update_time`) VALUES ('1912105919492272129', '1912105919379025922', '1897311533005512706', '2025041300000001', '1898645979654766593', '[{\"shelfId\": \"1898700659026018306\", \"storageIds\": [\"1899421665568157698\", \"1899421665568157700\"]}]', 12, 12, 0, 1, 1, NULL, '1', '2025-04-15 19:29:11', '2025-04-15 11:29:21');
INSERT INTO `quality_inspection_item` (`id`, `inspection_id`, `product_id`, `batch_number`, `area_id`, `location`, `inspection_quantity`, `qualified_quantity`, `unqualified_quantity`, `quality_status`, `receive_status`, `reason`, `remark`, `create_time`, `update_time`) VALUES ('1912107020530626561', '1912107020421574658', '1897311533005512706', '2025041300000001', '1898645979654766593', '[{\"shelfId\": \"1898700659026018306\", \"storageIds\": [\"1899421665568157698\", \"1899421665568157699\", \"1899421665568157700\"]}]', 12, 12, 0, 1, 0, NULL, '2', '2025-04-15 19:33:34', '2025-04-15 11:35:56');
INSERT INTO `quality_inspection_item` (`id`, `inspection_id`, `product_id`, `batch_number`, `area_id`, `location`, `inspection_quantity`, `qualified_quantity`, `unqualified_quantity`, `quality_status`, `receive_status`, `reason`, `remark`, `create_time`, `update_time`) VALUES ('1912107020551598081', '1912107020421574658', '1897315660058042369', '2025041300000002', '1898645979654766593', '[{\"shelfId\": \"1898700659026018306\", \"storageIds\": [\"1898787401099874306\"]}]', 4, 0, 4, 2, 0, NULL, '质量不合格', '2025-04-15 19:33:34', '2025-04-15 11:35:56');
INSERT INTO `quality_inspection_item` (`id`, `inspection_id`, `product_id`, `batch_number`, `area_id`, `location`, `inspection_quantity`, `qualified_quantity`, `unqualified_quantity`, `quality_status`, `receive_status`, `reason`, `remark`, `create_time`, `update_time`) VALUES ('1912107225208467457', '1912107225116192769', '1901154713333276673', '2025041300000003', '1898645979654766593', '[{\"shelfId\": \"1898700659026018306\", \"storageIds\": [\"1898787361241403393\"]}]', 1, 1, 0, 1, 0, NULL, '', '2025-04-15 19:34:22', '2025-04-15 11:35:13');
INSERT INTO `quality_inspection_item` (`id`, `inspection_id`, `product_id`, `batch_number`, `area_id`, `location`, `inspection_quantity`, `qualified_quantity`, `unqualified_quantity`, `quality_status`, `receive_status`, `reason`, `remark`, `create_time`, `update_time`) VALUES ('1913459782623838210', '1913459782468648962', '1897311533005512706', '2025041900000001', '1898645979654766593', '[{\"shelfId\": \"1898700659026018306\", \"storageIds\": [\"1899421665568157701\"]}]', 1, 1, 0, 1, 0, NULL, '', '2025-04-19 13:08:57', '2025-04-28 06:07:07');
INSERT INTO `quality_inspection_item` (`id`, `inspection_id`, `product_id`, `batch_number`, `area_id`, `location`, `inspection_quantity`, `qualified_quantity`, `unqualified_quantity`, `quality_status`, `receive_status`, `reason`, `remark`, `create_time`, `update_time`) VALUES ('1914655828852248577', '1914655828734808065', '1897315660058042369', '2025041300000002', '1898645979654766593', '[{\"shelfId\": \"1898700659026018306\", \"storageIds\": [\"1898787401099874306\"]}]', 4, 3, 1, 1, 0, NULL, '', '2025-04-22 20:21:37', '2025-04-22 12:22:35');
INSERT INTO `quality_inspection_item` (`id`, `inspection_id`, `product_id`, `batch_number`, `area_id`, `location`, `inspection_quantity`, `qualified_quantity`, `unqualified_quantity`, `quality_status`, `receive_status`, `reason`, `remark`, `create_time`, `update_time`) VALUES ('1914657755241635841', '1914657633128669185', '1897315660058042369', '2025041300000002', '1898645979654766593', '[{\"shelfId\": \"1898700659026018306\", \"storageIds\": [\"1898787401099874306\"]}]', 4, 4, 0, 1, 0, NULL, '', '2025-04-22 20:29:07', '2025-04-28 11:29:32');
INSERT INTO `quality_inspection_item` (`id`, `inspection_id`, `product_id`, `batch_number`, `area_id`, `location`, `inspection_quantity`, `qualified_quantity`, `unqualified_quantity`, `quality_status`, `receive_status`, `reason`, `remark`, `create_time`, `update_time`) VALUES ('1914661951202385922', '1914661951072362497', '1897311533005512706', '2025042200000001', '1898645979654766593', '[{\"shelfId\": \"1898707410911625217\", \"storageIds\": [\"1898787743397023749\"]}]', 1222, 1222, 0, 1, 1, NULL, '', '2025-04-22 20:45:57', '2025-04-22 12:46:10');
INSERT INTO `quality_inspection_item` (`id`, `inspection_id`, `product_id`, `batch_number`, `area_id`, `location`, `inspection_quantity`, `qualified_quantity`, `unqualified_quantity`, `quality_status`, `receive_status`, `reason`, `remark`, `create_time`, `update_time`) VALUES ('1914661951227551746', '1914661951072362497', '1897314226491072514', '2025042200000002', '1898645979654766593', '[{\"shelfId\": \"1898707410911625217\", \"storageIds\": [\"1899421665568157702\"]}]', 122, 122, 0, 1, 1, NULL, '', '2025-04-22 20:45:57', '2025-04-22 12:46:10');
INSERT INTO `quality_inspection_item` (`id`, `inspection_id`, `product_id`, `batch_number`, `area_id`, `location`, `inspection_quantity`, `qualified_quantity`, `unqualified_quantity`, `quality_status`, `receive_status`, `reason`, `remark`, `create_time`, `update_time`) VALUES ('1914662416744964097', '1914662416572997633', '1897315660058042369', '2025041300000002', '1898645979654766593', '[{\"shelfId\": \"1898700659026018306\", \"storageIds\": [\"1898787401099874306\"]}]', 4, 4, 0, 1, 0, NULL, '', '2025-04-22 20:47:47', '2025-04-22 12:48:18');
INSERT INTO `quality_inspection_item` (`id`, `inspection_id`, `product_id`, `batch_number`, `area_id`, `location`, `inspection_quantity`, `qualified_quantity`, `unqualified_quantity`, `quality_status`, `receive_status`, `reason`, `remark`, `create_time`, `update_time`) VALUES ('1914662416753352705', '1914662416572997633', '1901154713333276673', '2025041300000003', '1898645979654766593', '[{\"shelfId\": \"1898700659026018306\", \"storageIds\": [\"1898787361241403393\"]}]', 4, 4, 0, 1, 0, NULL, '', '2025-04-22 20:47:47', '2025-04-22 12:48:18');
INSERT INTO `quality_inspection_item` (`id`, `inspection_id`, `product_id`, `batch_number`, `area_id`, `location`, `inspection_quantity`, `qualified_quantity`, `unqualified_quantity`, `quality_status`, `receive_status`, `reason`, `remark`, `create_time`, `update_time`) VALUES ('1916735871413866498', '1916735871271260161', '1897314424227340290', '2025042800000002', '1898645979654766593', '[{\"shelfId\": \"1898711268564119554\", \"storageIds\": [\"1898787743401218054\"]}]', 1, 0, 0, NULL, 0, NULL, NULL, '2025-04-28 14:06:58', '2025-04-28 14:06:58');
INSERT INTO `quality_inspection_item` (`id`, `inspection_id`, `product_id`, `batch_number`, `area_id`, `location`, `inspection_quantity`, `qualified_quantity`, `unqualified_quantity`, `quality_status`, `receive_status`, `reason`, `remark`, `create_time`, `update_time`) VALUES ('1916817088162021377', '1916817087998443522', '1897311533005512706', '2025042800000001', '1898645979654766593', '[{\"shelfId\": \"1898707410911625217\", \"storageIds\": [\"1899421665568157703\"]}]', 1, 1, 0, 1, 0, NULL, '', '2025-04-28 19:29:41', '2025-04-30 02:28:29');
INSERT INTO `quality_inspection_item` (`id`, `inspection_id`, `product_id`, `batch_number`, `area_id`, `location`, `inspection_quantity`, `qualified_quantity`, `unqualified_quantity`, `quality_status`, `receive_status`, `reason`, `remark`, `create_time`, `update_time`) VALUES ('1917405798042046466', '1917405797987520514', '1897311533005512706', '2025041300000001', '1898645979654766593', '[{\"shelfId\": \"1898700659026018306\", \"storageIds\": [\"1899421665568157699\", \"1899421665568157700\"]}]', 1, 0, 0, NULL, 0, NULL, NULL, '2025-04-30 10:29:01', '2025-04-30 10:29:01');
INSERT INTO `quality_inspection_item` (`id`, `inspection_id`, `product_id`, `batch_number`, `area_id`, `location`, `inspection_quantity`, `qualified_quantity`, `unqualified_quantity`, `quality_status`, `receive_status`, `reason`, `remark`, `create_time`, `update_time`) VALUES ('1918532479003873281', '1918532478852878337', '1897314226491072514', '2025042200000002', '1898645979654766593', '[{\"shelfId\": \"1898700659026018306\", \"storageIds\": [\"1899421665568157699\"]}]', 9, 9, 0, 1, 1, NULL, '', '2025-05-03 13:06:02', '2025-05-03 05:06:41');
INSERT INTO `quality_inspection_item` (`id`, `inspection_id`, `product_id`, `batch_number`, `area_id`, `location`, `inspection_quantity`, `qualified_quantity`, `unqualified_quantity`, `quality_status`, `receive_status`, `reason`, `remark`, `create_time`, `update_time`) VALUES ('1918558784948785154', '1918558784797790209', '1897311533005512706', '2025042200000001', '1898645979654766593', '[{\"shelfId\": \"1898711159952617473\", \"storageIds\": [\"1898787743401218052\"]}]', 9, 9, 0, 1, 1, NULL, '', '2025-05-03 14:50:34', '2025-05-03 06:50:48');
INSERT INTO `quality_inspection_item` (`id`, `inspection_id`, `product_id`, `batch_number`, `area_id`, `location`, `inspection_quantity`, `qualified_quantity`, `unqualified_quantity`, `quality_status`, `receive_status`, `reason`, `remark`, `create_time`, `update_time`) VALUES ('1918558784999116801', '1918558784797790209', '1897314226491072514', '2025042200000002', '1898645979654766593', '[{\"shelfId\": \"1898711159952617473\", \"storageIds\": [\"1898787743401218053\"]}]', 9, 9, 0, 1, 1, NULL, '', '2025-05-03 14:50:34', '2025-05-03 06:50:48');
INSERT INTO `quality_inspection_item` (`id`, `inspection_id`, `product_id`, `batch_number`, `area_id`, `location`, `inspection_quantity`, `qualified_quantity`, `unqualified_quantity`, `quality_status`, `receive_status`, `reason`, `remark`, `create_time`, `update_time`) VALUES ('1918558784999116802', '1918558784797790209', '1903068405488087041', '2025041300000004', '1898645979654766593', '[{\"shelfId\": \"1898711159952617473\", \"storageIds\": [\"1899421665572352006\"]}]', 22, 22, 0, 1, 1, NULL, '', '2025-05-03 14:50:34', '2025-05-03 06:50:48');
INSERT INTO `quality_inspection_item` (`id`, `inspection_id`, `product_id`, `batch_number`, `area_id`, `location`, `inspection_quantity`, `qualified_quantity`, `unqualified_quantity`, `quality_status`, `receive_status`, `reason`, `remark`, `create_time`, `update_time`) VALUES ('1918561880756076545', '1918561880638636033', '1897314424227340290', '2025050300000003', '1898646093588840449', '[{\"shelfId\": \"1898713048417034241\", \"storageIds\": [\"1898788794393137156\"]}]', 1, 1, 0, 1, 1, NULL, '', '2025-05-03 15:02:52', '2025-05-03 07:02:59');
INSERT INTO `quality_inspection_item` (`id`, `inspection_id`, `product_id`, `batch_number`, `area_id`, `location`, `inspection_quantity`, `qualified_quantity`, `unqualified_quantity`, `quality_status`, `receive_status`, `reason`, `remark`, `create_time`, `update_time`) VALUES ('1918566920338259970', '1918566920229208065', '1901154713333276673', '2025041300000003', '1898645979654766593', '[{\"shelfId\": \"1898700659026018306\", \"storageIds\": [\"1898787361241403393\"]}]', 8, 8, 0, 1, 0, NULL, '', '2025-05-03 15:22:54', '2025-05-03 07:23:02');
INSERT INTO `quality_inspection_item` (`id`, `inspection_id`, `product_id`, `batch_number`, `area_id`, `location`, `inspection_quantity`, `qualified_quantity`, `unqualified_quantity`, `quality_status`, `receive_status`, `reason`, `remark`, `create_time`, `update_time`) VALUES ('1918567375072116738', '1918567375000813570', '1901154713333276673', '2025041300000003', '1898645979654766593', '[{\"shelfId\": \"1898707410911625217\", \"storageIds\": [\"1899421665572352002\"]}]', 3, 3, 0, 1, 1, NULL, '', '2025-05-03 15:24:42', '2025-05-03 07:24:51');
INSERT INTO `quality_inspection_item` (`id`, `inspection_id`, `product_id`, `batch_number`, `area_id`, `location`, `inspection_quantity`, `qualified_quantity`, `unqualified_quantity`, `quality_status`, `receive_status`, `reason`, `remark`, `create_time`, `update_time`) VALUES ('1918570008948228098', '1918570008742707202', '1903068405488087041', '202504160000001', '1898645979654766593', '[{\"shelfId\": \"1898707410911625217\", \"storageIds\": [\"1898787743397023748\"]}]', 4, 4, 0, 1, 0, NULL, '', '2025-05-03 15:35:10', '2025-05-03 07:35:21');
INSERT INTO `quality_inspection_item` (`id`, `inspection_id`, `product_id`, `batch_number`, `area_id`, `location`, `inspection_quantity`, `qualified_quantity`, `unqualified_quantity`, `quality_status`, `receive_status`, `reason`, `remark`, `create_time`, `update_time`) VALUES ('1918570008969199617', '1918570008742707202', '1897311533005512706', '2025042200000001', '1898645979654766593', '[{\"shelfId\": \"1898711159952617473\", \"storageIds\": [\"1898787743401218052\"]}]', 4, 4, 0, 1, 0, NULL, '', '2025-05-03 15:35:10', '2025-05-03 07:35:21');
INSERT INTO `quality_inspection_item` (`id`, `inspection_id`, `product_id`, `batch_number`, `area_id`, `location`, `inspection_quantity`, `qualified_quantity`, `unqualified_quantity`, `quality_status`, `receive_status`, `reason`, `remark`, `create_time`, `update_time`) VALUES ('1918570008969199618', '1918570008742707202', '1897314226491072514', '2025042200000002', '1898645979654766593', '[{\"shelfId\": \"1898711159952617473\", \"storageIds\": [\"1898787743401218053\"]}]', 11, 11, 0, 1, 0, NULL, '', '2025-05-03 15:35:10', '2025-05-03 07:35:21');
COMMIT;

-- ----------------------------
-- Table structure for stock
-- ----------------------------
DROP TABLE IF EXISTS `stock`;
CREATE TABLE `stock` (
  `id` varchar(32) NOT NULL COMMENT '库存ID',
  `product_id` varchar(32) NOT NULL COMMENT '产品ID',
  `product_code` varchar(255) DEFAULT NULL COMMENT '产品编码',
  `area_id` varchar(32) DEFAULT NULL COMMENT '区域ID',
  `location` json DEFAULT NULL COMMENT '具体位置，格式\n[\n  {\n      shelfId:,\n      storageIds:[]\n  }\n]',
  `quantity` int NOT NULL DEFAULT '0' COMMENT '数量',
  `available_quantity` int NOT NULL DEFAULT '0' COMMENT '可用数量',
  `locked_quantity` int NOT NULL DEFAULT '0' COMMENT '锁定数量',
  `alert_status` tinyint(1) DEFAULT '0' COMMENT '预警状态：0-正常，1-低于最小库存，2-超过最大库存',
  `batch_number` varchar(100) DEFAULT NULL COMMENT '批次号',
  `min_stock` int DEFAULT NULL COMMENT '最小库存',
  `max_stock` int DEFAULT NULL COMMENT '最大库存',
  `production_date` date DEFAULT NULL COMMENT '生产日期',
  `create_time` datetime NOT NULL COMMENT '创建时间',
  `update_time` datetime NOT NULL COMMENT '更新时间',
  PRIMARY KEY (`id`),
  KEY `idx_product_id` (`product_id`)
) ENGINE=InnoDB DEFAULT CHARSET=utf8mb4 COLLATE=utf8mb4_0900_ai_ci COMMENT='库存表';

-- ----------------------------
-- Records of stock
-- ----------------------------
BEGIN;
INSERT INTO `stock` (`id`, `product_id`, `product_code`, `area_id`, `location`, `quantity`, `available_quantity`, `locked_quantity`, `alert_status`, `batch_number`, `min_stock`, `max_stock`, `production_date`, `create_time`, `update_time`) VALUES ('1911094357797847042', '1897311533005512706', 'iPhone-15-pro', '1898645979654766593', '[{\"shelfId\": \"1898700659026018306\", \"storageIds\": [\"1899421665568157700\"]}, {\"shelfId\": \"1898707410911625217\", \"storageIds\": [\"1898787743397023746\", \"1898787743397023747\"]}, {\"shelfId\": \"1898711159952617473\", \"storageIds\": [\"1898787743401218051\", \"1898787743401218050\"]}]', 12309, 12306, 0, 0, '2025041300000001', NULL, 23, '2025-04-13', '2025-04-13 00:00:00', '2025-04-15 00:00:00');
INSERT INTO `stock` (`id`, `product_id`, `product_code`, `area_id`, `location`, `quantity`, `available_quantity`, `locked_quantity`, `alert_status`, `batch_number`, `min_stock`, `max_stock`, `production_date`, `create_time`, `update_time`) VALUES ('1911094386121981953', '1897315660058042369', 'Sansung-01', '1898645979654766593', '[{\"shelfId\": \"1898700659026018306\", \"storageIds\": [\"1898787401099874306\"]}]', 14402, 14401, 0, 0, '2025041300000002', NULL, NULL, '2025-04-13', '2025-04-13 00:00:00', '2025-04-13 00:00:00');
INSERT INTO `stock` (`id`, `product_id`, `product_code`, `area_id`, `location`, `quantity`, `available_quantity`, `locked_quantity`, `alert_status`, `batch_number`, `min_stock`, `max_stock`, `production_date`, `create_time`, `update_time`) VALUES ('1911094412244107266', '1901154713333276673', 'VIVO-X200', '1898645979654766593', '[{\"shelfId\": \"1898707410911625217\", \"storageIds\": [\"1899421665572352002\"]}, {\"shelfId\": \"1898700659026018306\", \"storageIds\": [\"1898787361241403393\"]}]', 13412, 13411, 0, 0, '2025041300000003', 13410, 13430, '2025-04-13', '2025-04-13 00:00:00', '2025-05-03 00:00:00');
INSERT INTO `stock` (`id`, `product_id`, `product_code`, `area_id`, `location`, `quantity`, `available_quantity`, `locked_quantity`, `alert_status`, `batch_number`, `min_stock`, `max_stock`, `production_date`, `create_time`, `update_time`) VALUES ('1911094433572143105', '1903068405488087041', 'HUAIWEI-MATE-60', '1898645979654766593', '[{\"shelfId\": \"1898711159952617473\", \"storageIds\": [\"1899421665572352006\"]}, {\"shelfId\": \"1898700659026018306\", \"storageIds\": [\"1898772262124433410\"]}]', 2154, 2154, 0, 0, '2025041300000004', NULL, NULL, '2025-04-13', '2025-04-13 00:00:00', '2025-05-03 00:00:00');
INSERT INTO `stock` (`id`, `product_id`, `product_code`, `area_id`, `location`, `quantity`, `available_quantity`, `locked_quantity`, `alert_status`, `batch_number`, `min_stock`, `max_stock`, `production_date`, `create_time`, `update_time`) VALUES ('1911094458909933570', '1897315128870412290', 'Apple-03', '1898645979654766593', '[{\"shelfId\": \"1898700659026018306\", \"storageIds\": [\"1898770317204676609\"]}]', 14431, 14431, 0, 0, '2025041300000005', NULL, NULL, '2025-04-13', '2025-04-13 00:00:00', '2025-04-13 00:00:00');
INSERT INTO `stock` (`id`, `product_id`, `product_code`, `area_id`, `location`, `quantity`, `available_quantity`, `locked_quantity`, `alert_status`, `batch_number`, `min_stock`, `max_stock`, `production_date`, `create_time`, `update_time`) VALUES ('1912476619063394306', '1897311533005512706', 'iPhone-15-pro', '1898645979654766593', '[{\"shelfId\": \"1898700659026018306\", \"storageIds\": [\"1899421665568157698\"]}]', 11234, 11234, 0, 0, '2025041300000004', NULL, NULL, '2025-04-16', '2025-04-16 00:00:00', '2025-04-16 00:00:00');
INSERT INTO `stock` (`id`, `product_id`, `product_code`, `area_id`, `location`, `quantity`, `available_quantity`, `locked_quantity`, `alert_status`, `batch_number`, `min_stock`, `max_stock`, `production_date`, `create_time`, `update_time`) VALUES ('1912476713321988098', '1897315660058042369', 'Sansung-01', '1898646093588840449', '[{\"shelfId\": \"1898711613084250114\", \"storageIds\": [\"1898788794376359937\"]}]', 3244, 3244, 0, 0, '202504160000001', NULL, NULL, '2025-04-16', '2025-04-16 00:00:00', '2025-04-16 00:00:00');
INSERT INTO `stock` (`id`, `product_id`, `product_code`, `area_id`, `location`, `quantity`, `available_quantity`, `locked_quantity`, `alert_status`, `batch_number`, `min_stock`, `max_stock`, `production_date`, `create_time`, `update_time`) VALUES ('1912476789536686082', '1903068405488087041', 'HUAIWEI-MATE-60', '1898645979654766593', '[{\"shelfId\": \"1898707410911625217\", \"storageIds\": [\"1898787743397023748\"]}]', 44428, 44428, 0, 0, '202504160000001', NULL, NULL, '2025-04-16', '2025-04-16 00:00:00', '2025-04-16 00:00:00');
INSERT INTO `stock` (`id`, `product_id`, `product_code`, `area_id`, `location`, `quantity`, `available_quantity`, `locked_quantity`, `alert_status`, `batch_number`, `min_stock`, `max_stock`, `production_date`, `create_time`, `update_time`) VALUES ('1914662057091686401', '1897311533005512706', 'iPhone-15-pro', '1898645979654766593', '[{\"shelfId\": \"1898711159952617473\", \"storageIds\": [\"1898787743401218052\"]}, {\"shelfId\": \"1898707410911625217\", \"storageIds\": [\"1898787743397023749\"]}]', 1227, 1227, 0, 0, '2025042200000001', 1200, 1230, '2025-04-22', '2025-04-22 00:00:00', '2025-05-03 00:00:00');
INSERT INTO `stock` (`id`, `product_id`, `product_code`, `area_id`, `location`, `quantity`, `available_quantity`, `locked_quantity`, `alert_status`, `batch_number`, `min_stock`, `max_stock`, `production_date`, `create_time`, `update_time`) VALUES ('1914662057418842114', '1897314226491072514', 'Apple-01', '1898645979654766593', '[{\"shelfId\": \"1898711159952617473\", \"storageIds\": [\"1898787743401218053\"]}, {\"shelfId\": \"1898700659026018306\", \"storageIds\": [\"1899421665568157699\"]}, {\"shelfId\": \"1898707410911625217\", \"storageIds\": [\"1899421665568157702\"]}]', 129, 129, 0, 0, '2025042200000002', 120, 130, '2025-04-22', '2025-04-22 00:00:00', '2025-05-03 00:00:00');
INSERT INTO `stock` (`id`, `product_id`, `product_code`, `area_id`, `location`, `quantity`, `available_quantity`, `locked_quantity`, `alert_status`, `batch_number`, `min_stock`, `max_stock`, `production_date`, `create_time`, `update_time`) VALUES ('1918561943200985090', '1897314424227340290', 'Apple-02', '1898646093588840449', '[{\"shelfId\": \"1898713048417034241\", \"storageIds\": [\"1898788794393137156\"]}]', 1, 1, 0, 0, '2025050300000003', NULL, NULL, '2025-05-03', '2025-05-03 00:00:00', '2025-05-03 00:00:00');
COMMIT;

-- ----------------------------
-- Table structure for stock_alert
-- ----------------------------
DROP TABLE IF EXISTS `stock_alert`;
CREATE TABLE `stock_alert` (
  `id` varchar(32) NOT NULL COMMENT '记录ID',
  `stock_id` varchar(32) CHARACTER SET utf8mb4 COLLATE utf8mb4_0900_ai_ci NOT NULL COMMENT '库存ID',
  `alert_no` varchar(255) NOT NULL COMMENT '预警编号',
  `current_quantity` int NOT NULL COMMENT '当前数量',
  `min_stock` int NOT NULL COMMENT '最小库存',
  `max_stock` int NOT NULL COMMENT '最大库存',
  `alert_type` tinyint(1) NOT NULL COMMENT '预警类型：1-低于最小库存，2-超过最大库存\n',
  `alert_time` datetime NOT NULL COMMENT '预警时间',
  `is_handled` tinyint(1) NOT NULL DEFAULT '0' COMMENT '是否处理：0-否，1-是',
  `handler` varchar(50) DEFAULT NULL COMMENT '处理人',
  `handling_time` datetime DEFAULT NULL COMMENT '处理时间',
  `handling_method` varchar(500) DEFAULT NULL COMMENT '处理方法',
  `create_time` datetime NOT NULL COMMENT '创建时间',
  `update_time` datetime NOT NULL COMMENT '更新时间',
  PRIMARY KEY (`id`,`alert_no`) USING BTREE,
  KEY `idx_product_id` (`stock_id`),
  KEY `idx_alert_time` (`alert_time`),
  KEY `idx_is_handled` (`is_handled`)
) ENGINE=InnoDB DEFAULT CHARSET=utf8mb4 COLLATE=utf8mb4_0900_ai_ci COMMENT='产品库存预警记录表';

-- ----------------------------
-- Records of stock_alert
-- ----------------------------
BEGIN;
INSERT INTO `stock_alert` (`id`, `stock_id`, `alert_no`, `current_quantity`, `min_stock`, `max_stock`, `alert_type`, `alert_time`, `is_handled`, `handler`, `handling_time`, `handling_method`, `create_time`, `update_time`) VALUES ('1918532672340307969', '1914662057418842114', 'AL20250503000001', 131, 120, 130, 2, '2025-05-03 13:06:48', 1, '1896450516030771201', '2025-05-03 15:46:19', NULL, '2025-05-03 13:06:48', '2025-05-03 15:46:19');
INSERT INTO `stock_alert` (`id`, `stock_id`, `alert_no`, `current_quantity`, `min_stock`, `max_stock`, `alert_type`, `alert_time`, `is_handled`, `handler`, `handling_time`, `handling_method`, `create_time`, `update_time`) VALUES ('1918561268333277185', '1914662057091686401', 'AL20250503000009', 1231, 1200, 1230, 2, '2025-05-03 15:00:26', 0, '1896450516030771201', NULL, NULL, '2025-05-03 15:00:26', '2025-05-03 15:00:26');
INSERT INTO `stock_alert` (`id`, `stock_id`, `alert_no`, `current_quantity`, `min_stock`, `max_stock`, `alert_type`, `alert_time`, `is_handled`, `handler`, `handling_time`, `handling_method`, `create_time`, `update_time`) VALUES ('1918561268991782913', '1914662057418842114', 'AL20250503000010', 140, 120, 130, 2, '2025-05-03 15:00:26', 1, '1896450516030771201', '2025-05-03 15:46:17', NULL, '2025-05-03 15:00:26', '2025-05-03 15:46:17');
INSERT INTO `stock_alert` (`id`, `stock_id`, `alert_no`, `current_quantity`, `min_stock`, `max_stock`, `alert_type`, `alert_time`, `is_handled`, `handler`, `handling_time`, `handling_method`, `create_time`, `update_time`) VALUES ('1918566987338063873', '1911094412244107266', 'AL20250503000011', 13409, 13410, 13430, 1, '2025-05-03 15:23:09', 1, '1896450516030771201', '2025-05-03 15:44:16', NULL, '2025-05-03 15:23:09', '2025-05-03 15:44:16');
COMMIT;

-- ----------------------------
-- Table structure for stock_check
-- ----------------------------
DROP TABLE IF EXISTS `stock_check`;
CREATE TABLE `stock_check` (
  `id` varchar(32) NOT NULL COMMENT '盘点ID',
  `check_no` varchar(32) NOT NULL COMMENT '盘点单号',
  `check_type` tinyint(1) NOT NULL COMMENT '盘点类型：1-全面盘点，2-抽样盘点，3-动态盘点',
  `area_id` varchar(32) DEFAULT NULL COMMENT '区域ID',
  `creator` varchar(50) NOT NULL COMMENT '创建人',
  `checker` varchar(50) DEFAULT NULL COMMENT '盘点人',
  `plan_start_time` datetime DEFAULT NULL COMMENT '计划开始时间',
  `plan_end_time` datetime DEFAULT NULL COMMENT '计划结束时间',
  `actual_start_time` datetime DEFAULT NULL COMMENT '实际开始时间',
  `actual_end_time` datetime DEFAULT NULL COMMENT '实际结束时间',
  `status` tinyint(1) NOT NULL DEFAULT '0' COMMENT '状态：0-待盘点，1-盘点中，2-已完成',
  `remark` varchar(500) DEFAULT NULL COMMENT '备注',
  `create_time` datetime NOT NULL COMMENT '创建时间',
  `update_time` datetime NOT NULL COMMENT '更新时间',
  PRIMARY KEY (`id`),
  UNIQUE KEY `uk_check_no` (`check_no`),
  KEY `idx_area_id` (`area_id`),
  KEY `idx_status` (`status`)
) ENGINE=InnoDB DEFAULT CHARSET=utf8mb4 COLLATE=utf8mb4_0900_ai_ci COMMENT='盘点单表';

-- ----------------------------
-- Records of stock_check
-- ----------------------------
BEGIN;
COMMIT;

-- ----------------------------
-- Table structure for stock_check_item
-- ----------------------------
DROP TABLE IF EXISTS `stock_check_item`;
CREATE TABLE `stock_check_item` (
  `id` varchar(32) NOT NULL COMMENT '明细ID',
  `check_id` varchar(32) NOT NULL COMMENT '盘点单ID',
  `product_id` varchar(32) NOT NULL COMMENT '产品ID',
  `batch_number` varchar(255) DEFAULT NULL COMMENT '批次号',
  `area_id` varchar(32) DEFAULT NULL COMMENT '区域ID',
  `location` json DEFAULT NULL COMMENT '具体位置，格式\n[\n  {\n      shelfId:,\n      storageIds:[]\n  }\n]',
  `system_quantity` int NOT NULL COMMENT '系统数量',
  `actual_quantity` int DEFAULT NULL COMMENT '实际数量',
  `difference_quantity` int DEFAULT NULL COMMENT '差异数量',
  `status` tinyint(1) NOT NULL DEFAULT '0' COMMENT '状态：0-待盘点，1-已盘点',
  `is_difference` tinyint(1) DEFAULT '0' COMMENT '是否有差异：0-无，1-有',
  `remark` varchar(500) DEFAULT NULL COMMENT '备注',
  `create_time` datetime NOT NULL COMMENT '创建时间',
  `update_time` datetime NOT NULL COMMENT '更新时间',
  PRIMARY KEY (`id`),
  KEY `idx_check_id` (`check_id`),
  KEY `idx_product_id` (`product_id`),
  KEY `idx_is_difference` (`is_difference`)
) ENGINE=InnoDB DEFAULT CHARSET=utf8mb4 COLLATE=utf8mb4_0900_ai_ci COMMENT='盘点明细表';

-- ----------------------------
-- Records of stock_check_item
-- ----------------------------
BEGIN;
COMMIT;

-- ----------------------------
-- Table structure for stock_movement
-- ----------------------------
DROP TABLE IF EXISTS `stock_movement`;
CREATE TABLE `stock_movement` (
  `id` varchar(32) NOT NULL COMMENT '记录ID',
  `movement_no` varchar(32) NOT NULL COMMENT '变动编号',
  `stock_id` varchar(32) CHARACTER SET utf8mb4 COLLATE utf8mb4_0900_ai_ci NOT NULL COMMENT '库存ID',
  `before_area_id` varchar(32) CHARACTER SET utf8mb4 COLLATE utf8mb4_0900_ai_ci NOT NULL COMMENT '变动前区域ID',
  `before_location` json NOT NULL COMMENT '变动前具体位置，格式\n[\n  {\n      shelfId:,\n      storageIds:[]\n  }\n]',
  `after_area_id` varchar(32) CHARACTER SET utf8mb4 COLLATE utf8mb4_0900_ai_ci NOT NULL COMMENT '变动后区域ID',
  `after_location` json NOT NULL COMMENT '变动后具体位置，格式\n[\n  {\n      shelfId:,\n      storageIds:[]\n  }\n]',
  `operator` varchar(50) NOT NULL COMMENT '操作人',
  `approver` varchar(32) CHARACTER SET utf8mb4 COLLATE utf8mb4_0900_ai_ci NOT NULL COMMENT '审批人',
  `movement_time` datetime DEFAULT NULL COMMENT '变动时间',
  `reason` varchar(255) DEFAULT NULL COMMENT '拒绝原因',
  `remark` varchar(500) DEFAULT NULL COMMENT '备注',
  `create_time` datetime NOT NULL COMMENT '创建时间',
  `status` tinyint NOT NULL DEFAULT '0' COMMENT '-1-拒绝，0-未审批,1-待变动，2-已完成',
  PRIMARY KEY (`id`),
  UNIQUE KEY `uk_movement_no` (`movement_no`),
  KEY `idx_product_id` (`stock_id`),
  KEY `idx_movement_time` (`movement_time`)
) ENGINE=InnoDB DEFAULT CHARSET=utf8mb4 COLLATE=utf8mb4_0900_ai_ci COMMENT='库位变动记录表';

-- ----------------------------
-- Records of stock_movement
-- ----------------------------
BEGIN;
INSERT INTO `stock_movement` (`id`, `movement_no`, `stock_id`, `before_area_id`, `before_location`, `after_area_id`, `after_location`, `operator`, `approver`, `movement_time`, `reason`, `remark`, `create_time`, `status`) VALUES ('1918964273339588610', 'SM20250504000004', '1911094357797847042', '1898645979654766593', '[{\"shelfId\": \"1898700659026018306\", \"storageIds\": [\"1899421665568157700\"]}, {\"shelfId\": \"1898707410911625217\", \"storageIds\": [\"1898787743397023746\", \"1898787743397023747\"]}, {\"shelfId\": \"1898711159952617473\", \"storageIds\": [\"1898787743401218051\", \"1898787743401218050\"]}]', '1898645979654766593', '[{\"shelfId\": \"1898707410911625217\", \"storageIds\": [\"1899421665572352003\"]}]', '1896450516030771201', '1896450516030771201', NULL, '不允许', '', '2025-05-04 17:41:39', -1);
INSERT INTO `stock_movement` (`id`, `movement_no`, `stock_id`, `before_area_id`, `before_location`, `after_area_id`, `after_location`, `operator`, `approver`, `movement_time`, `reason`, `remark`, `create_time`, `status`) VALUES ('1919054288635699202', 'SM20250504000005', '1911094357797847042', '1898645979654766593', '[{\"shelfId\": \"1898700659026018306\", \"storageIds\": [\"1899421665568157700\"]}, {\"shelfId\": \"1898707410911625217\", \"storageIds\": [\"1898787743397023746\", \"1898787743397023747\"]}, {\"shelfId\": \"1898711159952617473\", \"storageIds\": [\"1898787743401218051\", \"1898787743401218050\"]}]', '1898645979654766593', '[{\"shelfId\": \"1898707410911625217\", \"storageIds\": [\"1899421665572352003\"]}]', '1896450516030771201', '1896450516030771201', NULL, NULL, '', '2025-05-04 23:39:31', 1);
COMMIT;

-- ----------------------------
-- Table structure for sys_menu
-- ----------------------------
DROP TABLE IF EXISTS `sys_menu`;
CREATE TABLE `sys_menu` (
  `menu_id` varchar(255) NOT NULL COMMENT '菜单id',
  `parent_id` varchar(255) NOT NULL COMMENT '父级id',
  `title` varchar(255) CHARACTER SET utf8mb4 COLLATE utf8mb4_0900_ai_ci DEFAULT NULL COMMENT '菜单名称',
  `code` varchar(255) CHARACTER SET utf8mb4 COLLATE utf8mb4_0900_ai_ci NOT NULL COMMENT '权限字段',
  `name` varchar(255) CHARACTER SET utf8mb4 COLLATE utf8mb4_0900_ai_ci DEFAULT NULL COMMENT '路由name',
  `menu_url` varchar(255) CHARACTER SET utf8mb4 COLLATE utf8mb4_0900_ai_ci DEFAULT NULL COMMENT '跳转路径',
  `route_path` varchar(255) CHARACTER SET utf8mb4 COLLATE utf8mb4_0900_ai_ci DEFAULT NULL COMMENT '路由path',
  `component_path` varchar(255) CHARACTER SET utf8mb4 COLLATE utf8mb4_0900_ai_ci DEFAULT NULL COMMENT '组件路径',
  `type` tinyint(1) NOT NULL COMMENT '类型(0 目录 1 菜单 2 按钮)',
  `icon` varchar(255) CHARACTER SET utf8mb4 COLLATE utf8mb4_0900_ai_ci DEFAULT NULL COMMENT '菜单图标',
  `parent_name` varchar(255) CHARACTER SET utf8mb4 COLLATE utf8mb4_0900_ai_ci DEFAULT NULL COMMENT '上级菜单名称',
  `order_num` int DEFAULT NULL COMMENT '序号',
  PRIMARY KEY (`menu_id`,`type`,`parent_id`) USING BTREE,
  KEY `menu_id` (`menu_id`) USING BTREE
) ENGINE=InnoDB DEFAULT CHARSET=utf8mb4 COLLATE=utf8mb4_0900_ai_ci ROW_FORMAT=DYNAMIC COMMENT='菜单表，用于存放菜单和权限';

-- ----------------------------
-- Records of sys_menu
-- ----------------------------
BEGIN;
INSERT INTO `sys_menu` (`menu_id`, `parent_id`, `title`, `code`, `name`, `menu_url`, `route_path`, `component_path`, `type`, `icon`, `parent_name`, `order_num`) VALUES ('1', '0', '系统管理', 'sys:system:index', 'system', '/sys', 'sys', '1', 0, 'SettingFilled', NULL, 4);
INSERT INTO `sys_menu` (`menu_id`, `parent_id`, `title`, `code`, `name`, `menu_url`, `route_path`, `component_path`, `type`, `icon`, `parent_name`, `order_num`) VALUES ('10', '3', '编辑角色', 'sys:role:update', NULL, NULL, NULL, NULL, 2, '', '角色管理', 3);
INSERT INTO `sys_menu` (`menu_id`, `parent_id`, `title`, `code`, `name`, `menu_url`, `route_path`, `component_path`, `type`, `icon`, `parent_name`, `order_num`) VALUES ('11', '4', '新增菜单', 'sys:menu:add', NULL, NULL, NULL, NULL, 2, '', '菜单管理', 1);
INSERT INTO `sys_menu` (`menu_id`, `parent_id`, `title`, `code`, `name`, `menu_url`, `route_path`, `component_path`, `type`, `icon`, `parent_name`, `order_num`) VALUES ('12', '4', '删除菜单', 'sys:menu:delete', NULL, NULL, NULL, NULL, 2, '', '菜单管理', 2);
INSERT INTO `sys_menu` (`menu_id`, `parent_id`, `title`, `code`, `name`, `menu_url`, `route_path`, `component_path`, `type`, `icon`, `parent_name`, `order_num`) VALUES ('13', '4', '编辑菜单', 'sys:menu:update', NULL, NULL, NULL, NULL, 2, '', '菜单管理', 3);
INSERT INTO `sys_menu` (`menu_id`, `parent_id`, `title`, `code`, `name`, `menu_url`, `route_path`, `component_path`, `type`, `icon`, `parent_name`, `order_num`) VALUES ('14', '0', '首页', 'home:index', 'index', '/index', 'index', 'home/Home', 0, 'NodeIndexOutlined', NULL, 1);
INSERT INTO `sys_menu` (`menu_id`, `parent_id`, `title`, `code`, `name`, `menu_url`, `route_path`, `component_path`, `type`, `icon`, `parent_name`, `order_num`) VALUES ('15', '3', '分配权限', 'sys:role:allot', NULL, NULL, NULL, NULL, 2, '', '角色管理', 5);
INSERT INTO `sys_menu` (`menu_id`, `parent_id`, `title`, `code`, `name`, `menu_url`, `route_path`, `component_path`, `type`, `icon`, `parent_name`, `order_num`) VALUES ('16', '2', '查询用户', 'sys:user:list', NULL, NULL, NULL, NULL, 2, NULL, '用户管理', 4);
INSERT INTO `sys_menu` (`menu_id`, `parent_id`, `title`, `code`, `name`, `menu_url`, `route_path`, `component_path`, `type`, `icon`, `parent_name`, `order_num`) VALUES ('17', '3', '查询角色', 'sys:role:list', NULL, NULL, NULL, NULL, 2, NULL, '角色管理', 4);
INSERT INTO `sys_menu` (`menu_id`, `parent_id`, `title`, `code`, `name`, `menu_url`, `route_path`, `component_path`, `type`, `icon`, `parent_name`, `order_num`) VALUES ('18', '4', '查询菜单', 'sys:menu:list', NULL, NULL, NULL, NULL, 2, NULL, '菜单管理', 4);
INSERT INTO `sys_menu` (`menu_id`, `parent_id`, `title`, `code`, `name`, `menu_url`, `route_path`, `component_path`, `type`, `icon`, `parent_name`, `order_num`) VALUES ('1896112867624316929', '0', '公告管理', 'msg:notice:index', '', '/notice', 'notice', 'notice/NoticeManager', 0, 'SignatureOutlined', NULL, 2);
INSERT INTO `sys_menu` (`menu_id`, `parent_id`, `title`, `code`, `name`, `menu_url`, `route_path`, `component_path`, `type`, `icon`, `parent_name`, `order_num`) VALUES ('1896450719001530369', '1896112867624316929', '查询公告', 'msg:notice:list', NULL, NULL, NULL, NULL, 2, NULL, NULL, 1);
INSERT INTO `sys_menu` (`menu_id`, `parent_id`, `title`, `code`, `name`, `menu_url`, `route_path`, `component_path`, `type`, `icon`, `parent_name`, `order_num`) VALUES ('1896574154749648897', '1896112867624316929', '修改公告', 'msg:notice:update', NULL, NULL, NULL, NULL, 2, NULL, NULL, 2);
INSERT INTO `sys_menu` (`menu_id`, `parent_id`, `title`, `code`, `name`, `menu_url`, `route_path`, `component_path`, `type`, `icon`, `parent_name`, `order_num`) VALUES ('1896574239608807426', '1896112867624316929', '删除公告', 'msg:notice:delete', NULL, NULL, NULL, NULL, 2, NULL, NULL, 3);
INSERT INTO `sys_menu` (`menu_id`, `parent_id`, `title`, `code`, `name`, `menu_url`, `route_path`, `component_path`, `type`, `icon`, `parent_name`, `order_num`) VALUES ('1896574312614862850', '1896112867624316929', '新增公告', 'msg:notice:add', NULL, NULL, NULL, NULL, 2, NULL, NULL, 4);
INSERT INTO `sys_menu` (`menu_id`, `parent_id`, `title`, `code`, `name`, `menu_url`, `route_path`, `component_path`, `type`, `icon`, `parent_name`, `order_num`) VALUES ('1896578355911335938', '1896112867624316929', '发布公告', 'msg:notice:publish', NULL, NULL, NULL, NULL, 2, NULL, NULL, 5);
INSERT INTO `sys_menu` (`menu_id`, `parent_id`, `title`, `code`, `name`, `menu_url`, `route_path`, `component_path`, `type`, `icon`, `parent_name`, `order_num`) VALUES ('1896933229702303745', '0', '产品管理', 'product:index', NULL, '/product', 'product', 'product', 0, 'ProductOutlined', NULL, 4);
INSERT INTO `sys_menu` (`menu_id`, `parent_id`, `title`, `code`, `name`, `menu_url`, `route_path`, `component_path`, `type`, `icon`, `parent_name`, `order_num`) VALUES ('1896933596880064513', '1896933229702303745', '产品管理', 'product:list', NULL, '/product/index', 'index', 'product/index/ProductManager', 1, 'ShoppingOutlined', NULL, 1);
INSERT INTO `sys_menu` (`menu_id`, `parent_id`, `title`, `code`, `name`, `menu_url`, `route_path`, `component_path`, `type`, `icon`, `parent_name`, `order_num`) VALUES ('1896934922678587394', '1896933229702303745', '类别管理', 'product:cat:index', NULL, '/product/category', 'category', 'product/category/CategoryManager', 1, 'ForkOutlined', NULL, 2);
INSERT INTO `sys_menu` (`menu_id`, `parent_id`, `title`, `code`, `name`, `menu_url`, `route_path`, `component_path`, `type`, `icon`, `parent_name`, `order_num`) VALUES ('1896935484505608194', '1896933596880064513', '新增产品', 'product:add', NULL, NULL, NULL, NULL, 2, NULL, NULL, 1);
INSERT INTO `sys_menu` (`menu_id`, `parent_id`, `title`, `code`, `name`, `menu_url`, `route_path`, `component_path`, `type`, `icon`, `parent_name`, `order_num`) VALUES ('1896935554269466625', '1896933596880064513', '删除产品', 'product:delete', NULL, NULL, NULL, NULL, 2, NULL, NULL, 2);
INSERT INTO `sys_menu` (`menu_id`, `parent_id`, `title`, `code`, `name`, `menu_url`, `route_path`, `component_path`, `type`, `icon`, `parent_name`, `order_num`) VALUES ('1896935634133209089', '1896933596880064513', '修改产品', 'product:update', NULL, NULL, NULL, NULL, 2, NULL, NULL, 3);
INSERT INTO `sys_menu` (`menu_id`, `parent_id`, `title`, `code`, `name`, `menu_url`, `route_path`, `component_path`, `type`, `icon`, `parent_name`, `order_num`) VALUES ('1896935702085128193', '1896933596880064513', '查询产品', 'product:list', NULL, NULL, NULL, NULL, 2, NULL, NULL, 4);
INSERT INTO `sys_menu` (`menu_id`, `parent_id`, `title`, `code`, `name`, `menu_url`, `route_path`, `component_path`, `type`, `icon`, `parent_name`, `order_num`) VALUES ('1896935962220056577', '1896934922678587394', '新增类别', 'product:cat:add', NULL, NULL, NULL, NULL, 2, NULL, NULL, 1);
INSERT INTO `sys_menu` (`menu_id`, `parent_id`, `title`, `code`, `name`, `menu_url`, `route_path`, `component_path`, `type`, `icon`, `parent_name`, `order_num`) VALUES ('1896936053794295809', '1896934922678587394', '删除类别', 'product:cat:delete', NULL, NULL, NULL, NULL, 2, NULL, NULL, 2);
INSERT INTO `sys_menu` (`menu_id`, `parent_id`, `title`, `code`, `name`, `menu_url`, `route_path`, `component_path`, `type`, `icon`, `parent_name`, `order_num`) VALUES ('1896936142247972865', '1896934922678587394', '修改类别', 'product:cat:update', NULL, NULL, NULL, NULL, 2, NULL, NULL, 3);
INSERT INTO `sys_menu` (`menu_id`, `parent_id`, `title`, `code`, `name`, `menu_url`, `route_path`, `component_path`, `type`, `icon`, `parent_name`, `order_num`) VALUES ('1896936200251002882', '1896934922678587394', '查询类别', 'product:cat:list', NULL, NULL, NULL, NULL, 2, NULL, NULL, 4);
INSERT INTO `sys_menu` (`menu_id`, `parent_id`, `title`, `code`, `name`, `menu_url`, `route_path`, `component_path`, `type`, `icon`, `parent_name`, `order_num`) VALUES ('1898318008138002434', '0', '仓库管理', 'location:index', NULL, '/location', 'location', 'location', 0, 'ShopOutlined', NULL, 5);
INSERT INTO `sys_menu` (`menu_id`, `parent_id`, `title`, `code`, `name`, `menu_url`, `route_path`, `component_path`, `type`, `icon`, `parent_name`, `order_num`) VALUES ('1898318297842774018', '1898318008138002434', '区域管理', 'location:area:index', NULL, '/location/area', 'area', 'location/area/AreaManager', 1, 'GoldOutlined', NULL, 1);
INSERT INTO `sys_menu` (`menu_id`, `parent_id`, `title`, `code`, `name`, `menu_url`, `route_path`, `component_path`, `type`, `icon`, `parent_name`, `order_num`) VALUES ('1898318743814729730', '1898318008138002434', '货架管理', 'location:shelf', NULL, '/location/shelf', 'shelf', 'location/shelf/ShelfManager', 1, 'TableOutlined', NULL, 2);
INSERT INTO `sys_menu` (`menu_id`, `parent_id`, `title`, `code`, `name`, `menu_url`, `route_path`, `component_path`, `type`, `icon`, `parent_name`, `order_num`) VALUES ('1898319154214793218', '1898318008138002434', '库位管理', 'location:storage:index', NULL, '/location/storage', 'storage', 'location/storage/StorageManager', 1, 'HddOutlined', NULL, 3);
INSERT INTO `sys_menu` (`menu_id`, `parent_id`, `title`, `code`, `name`, `menu_url`, `route_path`, `component_path`, `type`, `icon`, `parent_name`, `order_num`) VALUES ('1898319369038655489', '1898318297842774018', '查询区域列表', 'location:area:list', NULL, NULL, NULL, NULL, 2, NULL, NULL, 1);
INSERT INTO `sys_menu` (`menu_id`, `parent_id`, `title`, `code`, `name`, `menu_url`, `route_path`, `component_path`, `type`, `icon`, `parent_name`, `order_num`) VALUES ('1898319450349432833', '1898318297842774018', '修改区域', 'location:area:update', NULL, NULL, NULL, NULL, 2, NULL, NULL, 2);
INSERT INTO `sys_menu` (`menu_id`, `parent_id`, `title`, `code`, `name`, `menu_url`, `route_path`, `component_path`, `type`, `icon`, `parent_name`, `order_num`) VALUES ('1898319502652403713', '1898318297842774018', '新增区域', 'location:area:add', NULL, NULL, NULL, NULL, 2, NULL, NULL, 3);
INSERT INTO `sys_menu` (`menu_id`, `parent_id`, `title`, `code`, `name`, `menu_url`, `route_path`, `component_path`, `type`, `icon`, `parent_name`, `order_num`) VALUES ('1898319640343015425', '1898318297842774018', '删除区域', 'location:area:delete', NULL, NULL, NULL, NULL, 2, NULL, NULL, 4);
INSERT INTO `sys_menu` (`menu_id`, `parent_id`, `title`, `code`, `name`, `menu_url`, `route_path`, `component_path`, `type`, `icon`, `parent_name`, `order_num`) VALUES ('1898320147279179778', '1898318743814729730', '新增货架', 'location:shelf:add', NULL, NULL, NULL, NULL, 2, NULL, NULL, 1);
INSERT INTO `sys_menu` (`menu_id`, `parent_id`, `title`, `code`, `name`, `menu_url`, `route_path`, `component_path`, `type`, `icon`, `parent_name`, `order_num`) VALUES ('1898320212148285441', '1898318743814729730', '删除货架', 'location:shelf:delete', NULL, NULL, NULL, NULL, 2, NULL, NULL, 2);
INSERT INTO `sys_menu` (`menu_id`, `parent_id`, `title`, `code`, `name`, `menu_url`, `route_path`, `component_path`, `type`, `icon`, `parent_name`, `order_num`) VALUES ('1898320300824260609', '1898318743814729730', '修改货架', 'location:shelf:update', NULL, NULL, NULL, NULL, 2, NULL, NULL, 3);
INSERT INTO `sys_menu` (`menu_id`, `parent_id`, `title`, `code`, `name`, `menu_url`, `route_path`, `component_path`, `type`, `icon`, `parent_name`, `order_num`) VALUES ('1898320375264768001', '1898318743814729730', '查询货架列表', 'location:shelf:list', NULL, NULL, NULL, NULL, 2, NULL, NULL, 4);
INSERT INTO `sys_menu` (`menu_id`, `parent_id`, `title`, `code`, `name`, `menu_url`, `route_path`, `component_path`, `type`, `icon`, `parent_name`, `order_num`) VALUES ('1898320540847501313', '1898319154214793218', '新增库位', 'location:storage:add', NULL, NULL, NULL, NULL, 2, NULL, NULL, 1);
INSERT INTO `sys_menu` (`menu_id`, `parent_id`, `title`, `code`, `name`, `menu_url`, `route_path`, `component_path`, `type`, `icon`, `parent_name`, `order_num`) VALUES ('1898320597013426178', '1898319154214793218', '删除库位', 'location:storage:delete', NULL, NULL, NULL, NULL, 2, NULL, NULL, 2);
INSERT INTO `sys_menu` (`menu_id`, `parent_id`, `title`, `code`, `name`, `menu_url`, `route_path`, `component_path`, `type`, `icon`, `parent_name`, `order_num`) VALUES ('1898320660913647617', '1898319154214793218', '修改库位', 'location:storage:update', NULL, NULL, NULL, NULL, 2, NULL, NULL, 3);
INSERT INTO `sys_menu` (`menu_id`, `parent_id`, `title`, `code`, `name`, `menu_url`, `route_path`, `component_path`, `type`, `icon`, `parent_name`, `order_num`) VALUES ('1898320714181308417', '1898319154214793218', '查询库位', 'location:storage:list', NULL, NULL, NULL, NULL, 2, NULL, NULL, 4);
INSERT INTO `sys_menu` (`menu_id`, `parent_id`, `title`, `code`, `name`, `menu_url`, `route_path`, `component_path`, `type`, `icon`, `parent_name`, `order_num`) VALUES ('1898742323941711874', '0', '库存管理', 'inventory:index', NULL, '/inventory', 'inventory', 'inventory', 0, 'FolderOutlined', NULL, 6);
INSERT INTO `sys_menu` (`menu_id`, `parent_id`, `title`, `code`, `name`, `menu_url`, `route_path`, `component_path`, `type`, `icon`, `parent_name`, `order_num`) VALUES ('1898742877954744321', '1898742323941711874', '库存管理', 'inventory:stock:list', NULL, '/inventory/stock', 'stock', 'inventory/stock/StockManager', 1, 'FolderOpenOutlined', NULL, 1);
INSERT INTO `sys_menu` (`menu_id`, `parent_id`, `title`, `code`, `name`, `menu_url`, `route_path`, `component_path`, `type`, `icon`, `parent_name`, `order_num`) VALUES ('1898743020414279682', '1898742877954744321', '新增库存', 'inventory:stock:add', NULL, NULL, NULL, NULL, 2, NULL, NULL, 1);
INSERT INTO `sys_menu` (`menu_id`, `parent_id`, `title`, `code`, `name`, `menu_url`, `route_path`, `component_path`, `type`, `icon`, `parent_name`, `order_num`) VALUES ('1898743112613470210', '1898742877954744321', '查询库存', 'inventory:stock:list', NULL, NULL, NULL, NULL, 2, NULL, NULL, 2);
INSERT INTO `sys_menu` (`menu_id`, `parent_id`, `title`, `code`, `name`, `menu_url`, `route_path`, `component_path`, `type`, `icon`, `parent_name`, `order_num`) VALUES ('1898743207987748866', '1898742877954744321', '删除库存', 'inventory:stock:delete', NULL, NULL, NULL, NULL, 2, NULL, NULL, 3);
INSERT INTO `sys_menu` (`menu_id`, `parent_id`, `title`, `code`, `name`, `menu_url`, `route_path`, `component_path`, `type`, `icon`, `parent_name`, `order_num`) VALUES ('1898743347016343553', '1898742877954744321', '修改库存', 'inventory:stock:update', NULL, NULL, NULL, NULL, 2, NULL, NULL, 4);
INSERT INTO `sys_menu` (`menu_id`, `parent_id`, `title`, `code`, `name`, `menu_url`, `route_path`, `component_path`, `type`, `icon`, `parent_name`, `order_num`) VALUES ('1899793881640120322', '0', '订单管理', 'order:index', NULL, '/order', 'order', 'order', 0, 'CopyOutlined', NULL, 7);
INSERT INTO `sys_menu` (`menu_id`, `parent_id`, `title`, `code`, `name`, `menu_url`, `route_path`, `component_path`, `type`, `icon`, `parent_name`, `order_num`) VALUES ('1899799080110829570', '1899793881640120322', '出入库订单', 'order:in-out:index', NULL, '/order/in-out', 'in-out', 'order/index/OrderManager', 1, 'FileOutlined', NULL, 1);
INSERT INTO `sys_menu` (`menu_id`, `parent_id`, `title`, `code`, `name`, `menu_url`, `route_path`, `component_path`, `type`, `icon`, `parent_name`, `order_num`) VALUES ('1899799244787593218', '1899799080110829570', '新增订单', 'order:in-out:add', NULL, NULL, NULL, NULL, 2, NULL, NULL, 1);
INSERT INTO `sys_menu` (`menu_id`, `parent_id`, `title`, `code`, `name`, `menu_url`, `route_path`, `component_path`, `type`, `icon`, `parent_name`, `order_num`) VALUES ('1899799309673476098', '1899799080110829570', '查询订单', 'order:in-out:list', NULL, NULL, NULL, NULL, 2, NULL, NULL, 2);
INSERT INTO `sys_menu` (`menu_id`, `parent_id`, `title`, `code`, `name`, `menu_url`, `route_path`, `component_path`, `type`, `icon`, `parent_name`, `order_num`) VALUES ('1899799758292037634', '1899799080110829570', '撤销订单', 'order:in-out:cancel', NULL, NULL, NULL, NULL, 2, NULL, NULL, 4);
INSERT INTO `sys_menu` (`menu_id`, `parent_id`, `title`, `code`, `name`, `menu_url`, `route_path`, `component_path`, `type`, `icon`, `parent_name`, `order_num`) VALUES ('1901276512964567041', '0', '消息列表', 'msg:index', NULL, '/msg', 'msg', '/msg/MsgManager', 0, 'MessageOutlined', NULL, 3);
INSERT INTO `sys_menu` (`menu_id`, `parent_id`, `title`, `code`, `name`, `menu_url`, `route_path`, `component_path`, `type`, `icon`, `parent_name`, `order_num`) VALUES ('1901937464682139650', '1899793881640120322', '订单审核', 'order:in-out:approval', NULL, '/order/approval', 'approval', 'order/approval/ApprovalManager', 1, 'SignatureOutlined', NULL, 2);
INSERT INTO `sys_menu` (`menu_id`, `parent_id`, `title`, `code`, `name`, `menu_url`, `route_path`, `component_path`, `type`, `icon`, `parent_name`, `order_num`) VALUES ('1902922104712609793', '1899793881640120322', '质检管理', 'order:inspect:list', NULL, '/order/inspect', 'inspect', 'order/inspect/InspectManager', 1, 'CheckCircleOutlined', NULL, 3);
INSERT INTO `sys_menu` (`menu_id`, `parent_id`, `title`, `code`, `name`, `menu_url`, `route_path`, `component_path`, `type`, `icon`, `parent_name`, `order_num`) VALUES ('1910975556007641090', '1899793881640120322', '拣货管理', 'order:picking', NULL, '/order/picking', 'picking', 'order/picking/PickingManager', 1, 'BlockOutlined', NULL, 4);
INSERT INTO `sys_menu` (`menu_id`, `parent_id`, `title`, `code`, `name`, `menu_url`, `route_path`, `component_path`, `type`, `icon`, `parent_name`, `order_num`) VALUES ('1910975733074378754', '1910975556007641090', '查询', 'order:picking:list', NULL, NULL, NULL, NULL, 2, NULL, NULL, 1);
INSERT INTO `sys_menu` (`menu_id`, `parent_id`, `title`, `code`, `name`, `menu_url`, `route_path`, `component_path`, `type`, `icon`, `parent_name`, `order_num`) VALUES ('1918210194765115394', '1898742323941711874', '库存预警', 'inventory:alert', NULL, '/inventory/alert', 'alert', 'inventory/alert/AlertManager.tsx', 1, 'AlertOutlined', NULL, 2);
INSERT INTO `sys_menu` (`menu_id`, `parent_id`, `title`, `code`, `name`, `menu_url`, `route_path`, `component_path`, `type`, `icon`, `parent_name`, `order_num`) VALUES ('1918210830726459393', '1898742323941711874', '库存盘点', 'inventory:check', NULL, '/inventory/check', 'check', 'inventory/check/CheckManager.tsx', 1, 'CheckCircleOutlined', NULL, 3);
INSERT INTO `sys_menu` (`menu_id`, `parent_id`, `title`, `code`, `name`, `menu_url`, `route_path`, `component_path`, `type`, `icon`, `parent_name`, `order_num`) VALUES ('1918211374656385025', '1898742323941711874', '库位移动', 'inventory:move', NULL, '/inventory/move', 'move', 'inventory/move/MoveManager.tsx', 1, 'ExportOutlined', NULL, 4);
INSERT INTO `sys_menu` (`menu_id`, `parent_id`, `title`, `code`, `name`, `menu_url`, `route_path`, `component_path`, `type`, `icon`, `parent_name`, `order_num`) VALUES ('1918265705489362945', '1918210194765115394', '查询预警信息', 'inventory:alert:list', NULL, NULL, NULL, NULL, 2, NULL, NULL, 1);
INSERT INTO `sys_menu` (`menu_id`, `parent_id`, `title`, `code`, `name`, `menu_url`, `route_path`, `component_path`, `type`, `icon`, `parent_name`, `order_num`) VALUES ('2', '1', '用户管理', 'sys:user:index', 'sysUserList', '/sys/userIndex', 'userIndex', 'sys/user/UserManager', 1, 'TeamOutlined', '系统管理', 1);
INSERT INTO `sys_menu` (`menu_id`, `parent_id`, `title`, `code`, `name`, `menu_url`, `route_path`, `component_path`, `type`, `icon`, `parent_name`, `order_num`) VALUES ('3', '1', '角色管理', 'sys:role:index', 'sysRoleList', '/sys/roleIndex', 'roleIndex', 'sys/role/RoleManager', 1, 'CommentOutlined', '系统管理', 2);
INSERT INTO `sys_menu` (`menu_id`, `parent_id`, `title`, `code`, `name`, `menu_url`, `route_path`, `component_path`, `type`, `icon`, `parent_name`, `order_num`) VALUES ('4', '1', '菜单管理', 'sys:menu:index', 'sysMenuList', '/sys/menuIndex', 'menuIndex', 'sys/menu/MenuManager', 1, 'FolderOutlined', '系统管理', 3);
INSERT INTO `sys_menu` (`menu_id`, `parent_id`, `title`, `code`, `name`, `menu_url`, `route_path`, `component_path`, `type`, `icon`, `parent_name`, `order_num`) VALUES ('5', '2', '新增用户', 'sys:user:add', NULL, NULL, NULL, NULL, 2, '', '用户管理', 1);
INSERT INTO `sys_menu` (`menu_id`, `parent_id`, `title`, `code`, `name`, `menu_url`, `route_path`, `component_path`, `type`, `icon`, `parent_name`, `order_num`) VALUES ('6', '2', '删除用户', 'sys:user:delete', NULL, NULL, NULL, NULL, 2, '', '用户管理', 2);
INSERT INTO `sys_menu` (`menu_id`, `parent_id`, `title`, `code`, `name`, `menu_url`, `route_path`, `component_path`, `type`, `icon`, `parent_name`, `order_num`) VALUES ('7', '2', '编辑用户', 'sys:user:update', NULL, NULL, NULL, NULL, 2, '', '用户管理', 3);
INSERT INTO `sys_menu` (`menu_id`, `parent_id`, `title`, `code`, `name`, `menu_url`, `route_path`, `component_path`, `type`, `icon`, `parent_name`, `order_num`) VALUES ('8', '3', '新增角色', 'sys:role:add', NULL, NULL, NULL, NULL, 2, '', '角色管理', 1);
INSERT INTO `sys_menu` (`menu_id`, `parent_id`, `title`, `code`, `name`, `menu_url`, `route_path`, `component_path`, `type`, `icon`, `parent_name`, `order_num`) VALUES ('9', '3', '删除角色', 'sys:role:delete', NULL, NULL, NULL, NULL, 2, '', '角色管理', 2);
COMMIT;

-- ----------------------------
-- Table structure for sys_role
-- ----------------------------
DROP TABLE IF EXISTS `sys_role`;
CREATE TABLE `sys_role` (
  `role_id` varchar(255) NOT NULL COMMENT '角色id',
  `role_name` varchar(20) CHARACTER SET utf8mb4 COLLATE utf8mb4_0900_ai_ci DEFAULT NULL COMMENT '角色名称',
  `remark` varchar(20) CHARACTER SET utf8mb4 COLLATE utf8mb4_0900_ai_ci DEFAULT NULL COMMENT '备注',
  `type` tinyint(1) NOT NULL COMMENT '角色类型(0:超级管理员,1:管理员,2:员工)',
  PRIMARY KEY (`role_id`) USING BTREE
) ENGINE=InnoDB DEFAULT CHARSET=utf8mb4 COLLATE=utf8mb4_0900_ai_ci ROW_FORMAT=DYNAMIC COMMENT='角色表';

-- ----------------------------
-- Records of sys_role
-- ----------------------------
BEGIN;
INSERT INTO `sys_role` (`role_id`, `role_name`, `remark`, `type`) VALUES ('1', 'superAdmin', '管理员', 0);
INSERT INTO `sys_role` (`role_id`, `role_name`, `remark`, `type`) VALUES ('1896569176085635074', '区域负责人', '', 1);
INSERT INTO `sys_role` (`role_id`, `role_name`, `remark`, `type`) VALUES ('1898621150062899201', '质检员', '', 2);
INSERT INTO `sys_role` (`role_id`, `role_name`, `remark`, `type`) VALUES ('1905972052952264705', '销售/采购', '', 2);
COMMIT;

-- ----------------------------
-- Table structure for sys_role_menu
-- ----------------------------
DROP TABLE IF EXISTS `sys_role_menu`;
CREATE TABLE `sys_role_menu` (
  `role_menu_id` varchar(255) NOT NULL COMMENT '角色菜单id',
  `menu_id` varchar(255) NOT NULL COMMENT '菜单id',
  `role_id` varchar(255) NOT NULL COMMENT '角色id',
  PRIMARY KEY (`role_menu_id`,`menu_id`,`role_id`) USING BTREE,
  KEY `menu_id` (`menu_id`) USING BTREE,
  KEY `role_id` (`role_id`) USING BTREE
) ENGINE=InnoDB DEFAULT CHARSET=utf8mb4 COLLATE=utf8mb4_0900_ai_ci ROW_FORMAT=DYNAMIC COMMENT='角色表，用于存放角色和菜单的关系';

-- ----------------------------
-- Records of sys_role_menu
-- ----------------------------
BEGIN;
INSERT INTO `sys_role_menu` (`role_menu_id`, `menu_id`, `role_id`) VALUES ('1895322990009069570', '1', '1894983839904628738');
INSERT INTO `sys_role_menu` (`role_menu_id`, `menu_id`, `role_id`) VALUES ('1918282934318657537', '1', '1');
INSERT INTO `sys_role_menu` (`role_menu_id`, `menu_id`, `role_id`) VALUES ('1918572735128363013', '1', '1896569176085635074');
INSERT INTO `sys_role_menu` (`role_menu_id`, `menu_id`, `role_id`) VALUES ('1918282934293491714', '10', '1');
INSERT INTO `sys_role_menu` (`role_menu_id`, `menu_id`, `role_id`) VALUES ('1918572735111585799', '10', '1896569176085635074');
INSERT INTO `sys_role_menu` (`role_menu_id`, `menu_id`, `role_id`) VALUES ('1918282934297686018', '11', '1');
INSERT INTO `sys_role_menu` (`role_menu_id`, `menu_id`, `role_id`) VALUES ('1918572735115780098', '11', '1896569176085635074');
INSERT INTO `sys_role_menu` (`role_menu_id`, `menu_id`, `role_id`) VALUES ('1918282934297686019', '12', '1');
INSERT INTO `sys_role_menu` (`role_menu_id`, `menu_id`, `role_id`) VALUES ('1918572735115780099', '12', '1896569176085635074');
INSERT INTO `sys_role_menu` (`role_menu_id`, `menu_id`, `role_id`) VALUES ('1918282934297686020', '13', '1');
INSERT INTO `sys_role_menu` (`role_menu_id`, `menu_id`, `role_id`) VALUES ('1918572735115780100', '13', '1896569176085635074');
INSERT INTO `sys_role_menu` (`role_menu_id`, `menu_id`, `role_id`) VALUES ('1895012693696311298', '14', '2');
INSERT INTO `sys_role_menu` (`role_menu_id`, `menu_id`, `role_id`) VALUES ('1895322990004875266', '14', '1894983839904628738');
INSERT INTO `sys_role_menu` (`role_menu_id`, `menu_id`, `role_id`) VALUES ('1903039117703430145', '14', '1903038877038460929');
INSERT INTO `sys_role_menu` (`role_menu_id`, `menu_id`, `role_id`) VALUES ('1906689425543401479', '14', '1898621150062899201');
INSERT INTO `sys_role_menu` (`role_menu_id`, `menu_id`, `role_id`) VALUES ('1918213873178112001', '14', '1905972052952264705');
INSERT INTO `sys_role_menu` (`role_menu_id`, `menu_id`, `role_id`) VALUES ('1918282934297686021', '14', '1');
INSERT INTO `sys_role_menu` (`role_menu_id`, `menu_id`, `role_id`) VALUES ('1918572735082225666', '14', '1896569176085635074');
INSERT INTO `sys_role_menu` (`role_menu_id`, `menu_id`, `role_id`) VALUES ('1918282934297686022', '15', '1');
INSERT INTO `sys_role_menu` (`role_menu_id`, `menu_id`, `role_id`) VALUES ('1918572735115780097', '15', '1896569176085635074');
INSERT INTO `sys_role_menu` (`role_menu_id`, `menu_id`, `role_id`) VALUES ('1895322990004875267', '16', '1894983839904628738');
INSERT INTO `sys_role_menu` (`role_menu_id`, `menu_id`, `role_id`) VALUES ('1918282934297686023', '16', '1');
INSERT INTO `sys_role_menu` (`role_menu_id`, `menu_id`, `role_id`) VALUES ('1918572735111585796', '16', '1896569176085635074');
INSERT INTO `sys_role_menu` (`role_menu_id`, `menu_id`, `role_id`) VALUES ('1918282934301880322', '17', '1');
INSERT INTO `sys_role_menu` (`role_menu_id`, `menu_id`, `role_id`) VALUES ('1918572735111585800', '17', '1896569176085635074');
INSERT INTO `sys_role_menu` (`role_menu_id`, `menu_id`, `role_id`) VALUES ('1918282934301880323', '18', '1');
INSERT INTO `sys_role_menu` (`role_menu_id`, `menu_id`, `role_id`) VALUES ('1918572735115780101', '18', '1896569176085635074');
INSERT INTO `sys_role_menu` (`role_menu_id`, `menu_id`, `role_id`) VALUES ('1903039117711818754', '1896112867624316929', '1903038877038460929');
INSERT INTO `sys_role_menu` (`role_menu_id`, `menu_id`, `role_id`) VALUES ('1906689425543401482', '1896112867624316929', '1898621150062899201');
INSERT INTO `sys_role_menu` (`role_menu_id`, `menu_id`, `role_id`) VALUES ('1918213873182306308', '1896112867624316929', '1905972052952264705');
INSERT INTO `sys_role_menu` (`role_menu_id`, `menu_id`, `role_id`) VALUES ('1918282934318657538', '1896112867624316929', '1');
INSERT INTO `sys_role_menu` (`role_menu_id`, `menu_id`, `role_id`) VALUES ('1918572735128363014', '1896112867624316929', '1896569176085635074');
INSERT INTO `sys_role_menu` (`role_menu_id`, `menu_id`, `role_id`) VALUES ('1903039117711818753', '1896450719001530369', '1903038877038460929');
INSERT INTO `sys_role_menu` (`role_menu_id`, `menu_id`, `role_id`) VALUES ('1906689425543401474', '1896450719001530369', '1898621150062899201');
INSERT INTO `sys_role_menu` (`role_menu_id`, `menu_id`, `role_id`) VALUES ('1918213873178112003', '1896450719001530369', '1905972052952264705');
INSERT INTO `sys_role_menu` (`role_menu_id`, `menu_id`, `role_id`) VALUES ('1918282934301880324', '1896450719001530369', '1');
INSERT INTO `sys_role_menu` (`role_menu_id`, `menu_id`, `role_id`) VALUES ('1918572735086419969', '1896450719001530369', '1896569176085635074');
INSERT INTO `sys_role_menu` (`role_menu_id`, `menu_id`, `role_id`) VALUES ('1906689425543401475', '1896574154749648897', '1898621150062899201');
INSERT INTO `sys_role_menu` (`role_menu_id`, `menu_id`, `role_id`) VALUES ('1918213873178112004', '1896574154749648897', '1905972052952264705');
INSERT INTO `sys_role_menu` (`role_menu_id`, `menu_id`, `role_id`) VALUES ('1918282934301880325', '1896574154749648897', '1');
INSERT INTO `sys_role_menu` (`role_menu_id`, `menu_id`, `role_id`) VALUES ('1918572735086419970', '1896574154749648897', '1896569176085635074');
INSERT INTO `sys_role_menu` (`role_menu_id`, `menu_id`, `role_id`) VALUES ('1906689425543401476', '1896574239608807426', '1898621150062899201');
INSERT INTO `sys_role_menu` (`role_menu_id`, `menu_id`, `role_id`) VALUES ('1918213873182306305', '1896574239608807426', '1905972052952264705');
INSERT INTO `sys_role_menu` (`role_menu_id`, `menu_id`, `role_id`) VALUES ('1918282934301880326', '1896574239608807426', '1');
INSERT INTO `sys_role_menu` (`role_menu_id`, `menu_id`, `role_id`) VALUES ('1918572735086419971', '1896574239608807426', '1896569176085635074');
INSERT INTO `sys_role_menu` (`role_menu_id`, `menu_id`, `role_id`) VALUES ('1906689425543401477', '1896574312614862850', '1898621150062899201');
INSERT INTO `sys_role_menu` (`role_menu_id`, `menu_id`, `role_id`) VALUES ('1918213873182306306', '1896574312614862850', '1905972052952264705');
INSERT INTO `sys_role_menu` (`role_menu_id`, `menu_id`, `role_id`) VALUES ('1918282934301880327', '1896574312614862850', '1');
INSERT INTO `sys_role_menu` (`role_menu_id`, `menu_id`, `role_id`) VALUES ('1918572735086419972', '1896574312614862850', '1896569176085635074');
INSERT INTO `sys_role_menu` (`role_menu_id`, `menu_id`, `role_id`) VALUES ('1906689425543401478', '1896578355911335938', '1898621150062899201');
INSERT INTO `sys_role_menu` (`role_menu_id`, `menu_id`, `role_id`) VALUES ('1918213873182306307', '1896578355911335938', '1905972052952264705');
INSERT INTO `sys_role_menu` (`role_menu_id`, `menu_id`, `role_id`) VALUES ('1918282934301880328', '1896578355911335938', '1');
INSERT INTO `sys_role_menu` (`role_menu_id`, `menu_id`, `role_id`) VALUES ('1918572735090614274', '1896578355911335938', '1896569176085635074');
INSERT INTO `sys_role_menu` (`role_menu_id`, `menu_id`, `role_id`) VALUES ('1918282934318657539', '1896933229702303745', '1');
INSERT INTO `sys_role_menu` (`role_menu_id`, `menu_id`, `role_id`) VALUES ('1918572735128363015', '1896933229702303745', '1896569176085635074');
INSERT INTO `sys_role_menu` (`role_menu_id`, `menu_id`, `role_id`) VALUES ('1918282934314463235', '1896933596880064513', '1');
INSERT INTO `sys_role_menu` (`role_menu_id`, `menu_id`, `role_id`) VALUES ('1918572735124168710', '1896933596880064513', '1896569176085635074');
INSERT INTO `sys_role_menu` (`role_menu_id`, `menu_id`, `role_id`) VALUES ('1918282934314463236', '1896934922678587394', '1');
INSERT INTO `sys_role_menu` (`role_menu_id`, `menu_id`, `role_id`) VALUES ('1918572735124168711', '1896934922678587394', '1896569176085635074');
INSERT INTO `sys_role_menu` (`role_menu_id`, `menu_id`, `role_id`) VALUES ('1918282934301880329', '1896935484505608194', '1');
INSERT INTO `sys_role_menu` (`role_menu_id`, `menu_id`, `role_id`) VALUES ('1918572735119974401', '1896935484505608194', '1896569176085635074');
INSERT INTO `sys_role_menu` (`role_menu_id`, `menu_id`, `role_id`) VALUES ('1918282934301880330', '1896935554269466625', '1');
INSERT INTO `sys_role_menu` (`role_menu_id`, `menu_id`, `role_id`) VALUES ('1918572735119974402', '1896935554269466625', '1896569176085635074');
INSERT INTO `sys_role_menu` (`role_menu_id`, `menu_id`, `role_id`) VALUES ('1918282934301880331', '1896935634133209089', '1');
INSERT INTO `sys_role_menu` (`role_menu_id`, `menu_id`, `role_id`) VALUES ('1918572735119974403', '1896935634133209089', '1896569176085635074');
INSERT INTO `sys_role_menu` (`role_menu_id`, `menu_id`, `role_id`) VALUES ('1918282934301880332', '1896935702085128193', '1');
INSERT INTO `sys_role_menu` (`role_menu_id`, `menu_id`, `role_id`) VALUES ('1918572735119974404', '1896935702085128193', '1896569176085635074');
INSERT INTO `sys_role_menu` (`role_menu_id`, `menu_id`, `role_id`) VALUES ('1918282934306074626', '1896935962220056577', '1');
INSERT INTO `sys_role_menu` (`role_menu_id`, `menu_id`, `role_id`) VALUES ('1918572735119974405', '1896935962220056577', '1896569176085635074');
INSERT INTO `sys_role_menu` (`role_menu_id`, `menu_id`, `role_id`) VALUES ('1918282934306074627', '1896936053794295809', '1');
INSERT INTO `sys_role_menu` (`role_menu_id`, `menu_id`, `role_id`) VALUES ('1918572735119974406', '1896936053794295809', '1896569176085635074');
INSERT INTO `sys_role_menu` (`role_menu_id`, `menu_id`, `role_id`) VALUES ('1918282934306074628', '1896936142247972865', '1');
INSERT INTO `sys_role_menu` (`role_menu_id`, `menu_id`, `role_id`) VALUES ('1918572735119974407', '1896936142247972865', '1896569176085635074');
INSERT INTO `sys_role_menu` (`role_menu_id`, `menu_id`, `role_id`) VALUES ('1918282934306074629', '1896936200251002882', '1');
INSERT INTO `sys_role_menu` (`role_menu_id`, `menu_id`, `role_id`) VALUES ('1918572735124168706', '1896936200251002882', '1896569176085635074');
INSERT INTO `sys_role_menu` (`role_menu_id`, `menu_id`, `role_id`) VALUES ('1918282934318657540', '1898318008138002434', '1');
INSERT INTO `sys_role_menu` (`role_menu_id`, `menu_id`, `role_id`) VALUES ('1918572735128363016', '1898318008138002434', '1896569176085635074');
INSERT INTO `sys_role_menu` (`role_menu_id`, `menu_id`, `role_id`) VALUES ('1918282934314463237', '1898318297842774018', '1');
INSERT INTO `sys_role_menu` (`role_menu_id`, `menu_id`, `role_id`) VALUES ('1918572735124168712', '1898318297842774018', '1896569176085635074');
INSERT INTO `sys_role_menu` (`role_menu_id`, `menu_id`, `role_id`) VALUES ('1918282934314463238', '1898318743814729730', '1');
INSERT INTO `sys_role_menu` (`role_menu_id`, `menu_id`, `role_id`) VALUES ('1918572735124168713', '1898318743814729730', '1896569176085635074');
INSERT INTO `sys_role_menu` (`role_menu_id`, `menu_id`, `role_id`) VALUES ('1918282934314463239', '1898319154214793218', '1');
INSERT INTO `sys_role_menu` (`role_menu_id`, `menu_id`, `role_id`) VALUES ('1918572735128363010', '1898319154214793218', '1896569176085635074');
INSERT INTO `sys_role_menu` (`role_menu_id`, `menu_id`, `role_id`) VALUES ('1918282934306074630', '1898319369038655489', '1');
INSERT INTO `sys_role_menu` (`role_menu_id`, `menu_id`, `role_id`) VALUES ('1918572735090614276', '1898319369038655489', '1896569176085635074');
INSERT INTO `sys_role_menu` (`role_menu_id`, `menu_id`, `role_id`) VALUES ('1918282934306074631', '1898319450349432833', '1');
INSERT INTO `sys_role_menu` (`role_menu_id`, `menu_id`, `role_id`) VALUES ('1918572735094808578', '1898319450349432833', '1896569176085635074');
INSERT INTO `sys_role_menu` (`role_menu_id`, `menu_id`, `role_id`) VALUES ('1918282934306074632', '1898319502652403713', '1');
INSERT INTO `sys_role_menu` (`role_menu_id`, `menu_id`, `role_id`) VALUES ('1918572735094808579', '1898319502652403713', '1896569176085635074');
INSERT INTO `sys_role_menu` (`role_menu_id`, `menu_id`, `role_id`) VALUES ('1918282934306074633', '1898319640343015425', '1');
INSERT INTO `sys_role_menu` (`role_menu_id`, `menu_id`, `role_id`) VALUES ('1918572735094808580', '1898319640343015425', '1896569176085635074');
INSERT INTO `sys_role_menu` (`role_menu_id`, `menu_id`, `role_id`) VALUES ('1918282934306074634', '1898320147279179778', '1');
INSERT INTO `sys_role_menu` (`role_menu_id`, `menu_id`, `role_id`) VALUES ('1918572735094808581', '1898320147279179778', '1896569176085635074');
INSERT INTO `sys_role_menu` (`role_menu_id`, `menu_id`, `role_id`) VALUES ('1918282934310268930', '1898320212148285441', '1');
INSERT INTO `sys_role_menu` (`role_menu_id`, `menu_id`, `role_id`) VALUES ('1918572735099002881', '1898320212148285441', '1896569176085635074');
INSERT INTO `sys_role_menu` (`role_menu_id`, `menu_id`, `role_id`) VALUES ('1918282934310268931', '1898320300824260609', '1');
INSERT INTO `sys_role_menu` (`role_menu_id`, `menu_id`, `role_id`) VALUES ('1918572735099002882', '1898320300824260609', '1896569176085635074');
INSERT INTO `sys_role_menu` (`role_menu_id`, `menu_id`, `role_id`) VALUES ('1918282934310268932', '1898320375264768001', '1');
INSERT INTO `sys_role_menu` (`role_menu_id`, `menu_id`, `role_id`) VALUES ('1918572735099002883', '1898320375264768001', '1896569176085635074');
INSERT INTO `sys_role_menu` (`role_menu_id`, `menu_id`, `role_id`) VALUES ('1918282934310268933', '1898320540847501313', '1');
INSERT INTO `sys_role_menu` (`role_menu_id`, `menu_id`, `role_id`) VALUES ('1918572735099002884', '1898320540847501313', '1896569176085635074');
INSERT INTO `sys_role_menu` (`role_menu_id`, `menu_id`, `role_id`) VALUES ('1918282934310268934', '1898320597013426178', '1');
INSERT INTO `sys_role_menu` (`role_menu_id`, `menu_id`, `role_id`) VALUES ('1918572735103197185', '1898320597013426178', '1896569176085635074');
INSERT INTO `sys_role_menu` (`role_menu_id`, `menu_id`, `role_id`) VALUES ('1918282934310268935', '1898320660913647617', '1');
INSERT INTO `sys_role_menu` (`role_menu_id`, `menu_id`, `role_id`) VALUES ('1918572735103197186', '1898320660913647617', '1896569176085635074');
INSERT INTO `sys_role_menu` (`role_menu_id`, `menu_id`, `role_id`) VALUES ('1918282934310268936', '1898320714181308417', '1');
INSERT INTO `sys_role_menu` (`role_menu_id`, `menu_id`, `role_id`) VALUES ('1918572735103197187', '1898320714181308417', '1896569176085635074');
INSERT INTO `sys_role_menu` (`role_menu_id`, `menu_id`, `role_id`) VALUES ('1918282934318657542', '1898742323941711874', '1');
INSERT INTO `sys_role_menu` (`role_menu_id`, `menu_id`, `role_id`) VALUES ('1918572735132557314', '1898742323941711874', '1896569176085635074');
INSERT INTO `sys_role_menu` (`role_menu_id`, `menu_id`, `role_id`) VALUES ('1918282934318657543', '1898742877954744321', '1');
INSERT INTO `sys_role_menu` (`role_menu_id`, `menu_id`, `role_id`) VALUES ('1918572735132557315', '1898742877954744321', '1896569176085635074');
INSERT INTO `sys_role_menu` (`role_menu_id`, `menu_id`, `role_id`) VALUES ('1918282934318657547', '1898743020414279682', '1');
INSERT INTO `sys_role_menu` (`role_menu_id`, `menu_id`, `role_id`) VALUES ('1918572735132557319', '1898743020414279682', '1896569176085635074');
INSERT INTO `sys_role_menu` (`role_menu_id`, `menu_id`, `role_id`) VALUES ('1918282934318657548', '1898743112613470210', '1');
INSERT INTO `sys_role_menu` (`role_menu_id`, `menu_id`, `role_id`) VALUES ('1918572735132557320', '1898743112613470210', '1896569176085635074');
INSERT INTO `sys_role_menu` (`role_menu_id`, `menu_id`, `role_id`) VALUES ('1918282934318657549', '1898743207987748866', '1');
INSERT INTO `sys_role_menu` (`role_menu_id`, `menu_id`, `role_id`) VALUES ('1918572735132557321', '1898743207987748866', '1896569176085635074');
INSERT INTO `sys_role_menu` (`role_menu_id`, `menu_id`, `role_id`) VALUES ('1918282934318657550', '1898743347016343553', '1');
INSERT INTO `sys_role_menu` (`role_menu_id`, `menu_id`, `role_id`) VALUES ('1918572735132557322', '1898743347016343553', '1896569176085635074');
INSERT INTO `sys_role_menu` (`role_menu_id`, `menu_id`, `role_id`) VALUES ('1906689425543401481', '1899793881640120322', '1898621150062899201');
INSERT INTO `sys_role_menu` (`role_menu_id`, `menu_id`, `role_id`) VALUES ('1918213873182306312', '1899793881640120322', '1905972052952264705');
INSERT INTO `sys_role_menu` (`role_menu_id`, `menu_id`, `role_id`) VALUES ('1918282934318657541', '1899793881640120322', '1');
INSERT INTO `sys_role_menu` (`role_menu_id`, `menu_id`, `role_id`) VALUES ('1918572735128363017', '1899793881640120322', '1896569176085635074');
INSERT INTO `sys_role_menu` (`role_menu_id`, `menu_id`, `role_id`) VALUES ('1906689425543401480', '1899799080110829570', '1898621150062899201');
INSERT INTO `sys_role_menu` (`role_menu_id`, `menu_id`, `role_id`) VALUES ('1918282934314463240', '1899799080110829570', '1');
INSERT INTO `sys_role_menu` (`role_menu_id`, `menu_id`, `role_id`) VALUES ('1918572735128363011', '1899799080110829570', '1896569176085635074');
INSERT INTO `sys_role_menu` (`role_menu_id`, `menu_id`, `role_id`) VALUES ('1918282934310268937', '1899799244787593218', '1');
INSERT INTO `sys_role_menu` (`role_menu_id`, `menu_id`, `role_id`) VALUES ('1918572735107391491', '1899799244787593218', '1896569176085635074');
INSERT INTO `sys_role_menu` (`role_menu_id`, `menu_id`, `role_id`) VALUES ('1906689425539207171', '1899799309673476098', '1898621150062899201');
INSERT INTO `sys_role_menu` (`role_menu_id`, `menu_id`, `role_id`) VALUES ('1918282934310268938', '1899799309673476098', '1');
INSERT INTO `sys_role_menu` (`role_menu_id`, `menu_id`, `role_id`) VALUES ('1918572735103197188', '1899799309673476098', '1896569176085635074');
INSERT INTO `sys_role_menu` (`role_menu_id`, `menu_id`, `role_id`) VALUES ('1918282934310268939', '1899799758292037634', '1');
INSERT INTO `sys_role_menu` (`role_menu_id`, `menu_id`, `role_id`) VALUES ('1918572735107391492', '1899799758292037634', '1896569176085635074');
INSERT INTO `sys_role_menu` (`role_menu_id`, `menu_id`, `role_id`) VALUES ('1906689425539207169', '1901276512964567041', '1898621150062899201');
INSERT INTO `sys_role_menu` (`role_menu_id`, `menu_id`, `role_id`) VALUES ('1918213873178112002', '1901276512964567041', '1905972052952264705');
INSERT INTO `sys_role_menu` (`role_menu_id`, `menu_id`, `role_id`) VALUES ('1918282934310268940', '1901276512964567041', '1');
INSERT INTO `sys_role_menu` (`role_menu_id`, `menu_id`, `role_id`) VALUES ('1918572735090614275', '1901276512964567041', '1896569176085635074');
INSERT INTO `sys_role_menu` (`role_menu_id`, `menu_id`, `role_id`) VALUES ('1918213873182306311', '1901937464682139650', '1905972052952264705');
INSERT INTO `sys_role_menu` (`role_menu_id`, `menu_id`, `role_id`) VALUES ('1918282934310268941', '1901937464682139650', '1');
INSERT INTO `sys_role_menu` (`role_menu_id`, `menu_id`, `role_id`) VALUES ('1918572735107391490', '1901937464682139650', '1896569176085635074');
INSERT INTO `sys_role_menu` (`role_menu_id`, `menu_id`, `role_id`) VALUES ('1906689425539207170', '1902922104712609793', '1898621150062899201');
INSERT INTO `sys_role_menu` (`role_menu_id`, `menu_id`, `role_id`) VALUES ('1918282934310268947', '1902922104712609793', '1');
INSERT INTO `sys_role_menu` (`role_menu_id`, `menu_id`, `role_id`) VALUES ('1918572735107391493', '1902922104712609793', '1896569176085635074');
INSERT INTO `sys_role_menu` (`role_menu_id`, `menu_id`, `role_id`) VALUES ('1918213873182306309', '1910975556007641090', '1905972052952264705');
INSERT INTO `sys_role_menu` (`role_menu_id`, `menu_id`, `role_id`) VALUES ('1918282934314463241', '1910975556007641090', '1');
INSERT INTO `sys_role_menu` (`role_menu_id`, `menu_id`, `role_id`) VALUES ('1918572735128363012', '1910975556007641090', '1896569176085635074');
INSERT INTO `sys_role_menu` (`role_menu_id`, `menu_id`, `role_id`) VALUES ('1918213873182306310', '1910975733074378754', '1905972052952264705');
INSERT INTO `sys_role_menu` (`role_menu_id`, `menu_id`, `role_id`) VALUES ('1918282934310268948', '1910975733074378754', '1');
INSERT INTO `sys_role_menu` (`role_menu_id`, `menu_id`, `role_id`) VALUES ('1918572735107391494', '1910975733074378754', '1896569176085635074');
INSERT INTO `sys_role_menu` (`role_menu_id`, `menu_id`, `role_id`) VALUES ('1918282934318657544', '1918210194765115394', '1');
INSERT INTO `sys_role_menu` (`role_menu_id`, `menu_id`, `role_id`) VALUES ('1918572735132557316', '1918210194765115394', '1896569176085635074');
INSERT INTO `sys_role_menu` (`role_menu_id`, `menu_id`, `role_id`) VALUES ('1918282934318657545', '1918210830726459393', '1');
INSERT INTO `sys_role_menu` (`role_menu_id`, `menu_id`, `role_id`) VALUES ('1918572735132557317', '1918210830726459393', '1896569176085635074');
INSERT INTO `sys_role_menu` (`role_menu_id`, `menu_id`, `role_id`) VALUES ('1918282934318657546', '1918211374656385025', '1');
INSERT INTO `sys_role_menu` (`role_menu_id`, `menu_id`, `role_id`) VALUES ('1918572735132557318', '1918211374656385025', '1896569176085635074');
INSERT INTO `sys_role_menu` (`role_menu_id`, `menu_id`, `role_id`) VALUES ('1918282934318657551', '1918265705489362945', '1');
INSERT INTO `sys_role_menu` (`role_menu_id`, `menu_id`, `role_id`) VALUES ('1918572735136751618', '1918265705489362945', '1896569176085635074');
INSERT INTO `sys_role_menu` (`role_menu_id`, `menu_id`, `role_id`) VALUES ('1895322990004875268', '2', '1894983839904628738');
INSERT INTO `sys_role_menu` (`role_menu_id`, `menu_id`, `role_id`) VALUES ('1918282934310268949', '2', '1');
INSERT INTO `sys_role_menu` (`role_menu_id`, `menu_id`, `role_id`) VALUES ('1918572735124168707', '2', '1896569176085635074');
INSERT INTO `sys_role_menu` (`role_menu_id`, `menu_id`, `role_id`) VALUES ('1918282934314463233', '3', '1');
INSERT INTO `sys_role_menu` (`role_menu_id`, `menu_id`, `role_id`) VALUES ('1918572735124168708', '3', '1896569176085635074');
INSERT INTO `sys_role_menu` (`role_menu_id`, `menu_id`, `role_id`) VALUES ('1918282934314463234', '4', '1');
INSERT INTO `sys_role_menu` (`role_menu_id`, `menu_id`, `role_id`) VALUES ('1918572735124168709', '4', '1896569176085635074');
INSERT INTO `sys_role_menu` (`role_menu_id`, `menu_id`, `role_id`) VALUES ('1918282934310268942', '5', '1');
INSERT INTO `sys_role_menu` (`role_menu_id`, `menu_id`, `role_id`) VALUES ('1918572735107391495', '5', '1896569176085635074');
INSERT INTO `sys_role_menu` (`role_menu_id`, `menu_id`, `role_id`) VALUES ('1918282934310268943', '6', '1');
INSERT INTO `sys_role_menu` (`role_menu_id`, `menu_id`, `role_id`) VALUES ('1918572735111585794', '6', '1896569176085635074');
INSERT INTO `sys_role_menu` (`role_menu_id`, `menu_id`, `role_id`) VALUES ('1918282934310268944', '7', '1');
INSERT INTO `sys_role_menu` (`role_menu_id`, `menu_id`, `role_id`) VALUES ('1918572735111585795', '7', '1896569176085635074');
INSERT INTO `sys_role_menu` (`role_menu_id`, `menu_id`, `role_id`) VALUES ('1918282934310268945', '8', '1');
INSERT INTO `sys_role_menu` (`role_menu_id`, `menu_id`, `role_id`) VALUES ('1918572735111585797', '8', '1896569176085635074');
INSERT INTO `sys_role_menu` (`role_menu_id`, `menu_id`, `role_id`) VALUES ('1918282934310268946', '9', '1');
INSERT INTO `sys_role_menu` (`role_menu_id`, `menu_id`, `role_id`) VALUES ('1918572735111585798', '9', '1896569176085635074');
COMMIT;

-- ----------------------------
-- Table structure for sys_user
-- ----------------------------
DROP TABLE IF EXISTS `sys_user`;
CREATE TABLE `sys_user` (
  `user_id` varchar(255) NOT NULL COMMENT '用户id',
  `wx_id` varchar(255) CHARACTER SET utf8mb4 COLLATE utf8mb4_0900_ai_ci DEFAULT NULL COMMENT '微信id',
  `username` varchar(20) CHARACTER SET utf8mb4 COLLATE utf8mb4_0900_ai_ci NOT NULL COMMENT '用户名',
  `real_name` varchar(255) CHARACTER SET utf8mb4 COLLATE utf8mb4_0900_ai_ci NOT NULL COMMENT '真实姓名',
  `password` varchar(255) CHARACTER SET utf8mb4 COLLATE utf8mb4_0900_ai_ci NOT NULL COMMENT '密码',
  `salt` varchar(255) CHARACTER SET utf8mb4 COLLATE utf8mb4_0900_ai_ci NOT NULL COMMENT '加密盐值',
  `phone` varchar(11) CHARACTER SET utf8mb4 COLLATE utf8mb4_0900_ai_ci NOT NULL COMMENT '手机号',
  `email` varchar(255) DEFAULT NULL COMMENT '邮箱',
  `nick_name` varchar(20) CHARACTER SET utf8mb4 COLLATE utf8mb4_0900_ai_ci NOT NULL COMMENT '昵称',
  `sex` tinyint NOT NULL DEFAULT '0' COMMENT '性别女0-男1',
  `avatar` varchar(255) CHARACTER SET utf8mb4 COLLATE utf8mb4_0900_ai_ci DEFAULT NULL COMMENT '头像的图片地址',
  `create_time` datetime NOT NULL COMMENT '创建时间',
  `update_time` datetime NOT NULL COMMENT '修改时间',
  PRIMARY KEY (`user_id`) USING BTREE,
  UNIQUE KEY `username` (`username`) USING BTREE
) ENGINE=InnoDB DEFAULT CHARSET=utf8mb4 COLLATE=utf8mb4_0900_ai_ci ROW_FORMAT=DYNAMIC COMMENT='用户表';

-- ----------------------------
-- Records of sys_user
-- ----------------------------
BEGIN;
INSERT INTO `sys_user` (`user_id`, `wx_id`, `username`, `real_name`, `password`, `salt`, `phone`, `email`, `nick_name`, `sex`, `avatar`, `create_time`, `update_time`) VALUES ('1895108523139411969', 'ozZst5jnGKeYmjm44YvqgKZwopPE', 'test2', '负责人2', '6578009717a47ef44887472047ac3ccf030b9e26', '$2a$10$WFp/2U0luq0v0tnAkf4amu', '13031392681', 't2@qq.com', '负责人2', 1, 'https://thirdwx.qlogo.cn/mmopen/vi_32/3Z6Ec4tMxZDeOGmaXibRYD9MhDKM3wBboXARLkKa0a3xdnO0jA0VTsMOCo8hERBNZgKKWEImausKVDEGbsiavJTg/132', '2025-02-27 21:47:36', '2025-03-20 21:31:50');
INSERT INTO `sys_user` (`user_id`, `wx_id`, `username`, `real_name`, `password`, `salt`, `phone`, `email`, `nick_name`, `sex`, `avatar`, `create_time`, `update_time`) VALUES ('1896450516030771201', 'ozZst5pBqcrenAykhaeKDMCDTJnE', 'admin', 'iKun', '4da990e6b9a6e5f98f07f420fd6bc9ca105cb51c', '$2a$10$HlxwVcwwV/pnQfTnS8ceie', '13880681423', 'admin@qq.com', 'iKun', 1, 'https://img2.baidu.com/it/u=2649530582,2903283277&fm=253&app=138&f=JPEG?w=811&h=800', '2025-03-03 14:40:12', '2025-04-02 09:29:12');
INSERT INTO `sys_user` (`user_id`, `wx_id`, `username`, `real_name`, `password`, `salt`, `phone`, `email`, `nick_name`, `sex`, `avatar`, `create_time`, `update_time`) VALUES ('1896569037967204353', NULL, 'test1', '负责人1', '46770e5d61cce5728a5a0696b7a04e6ebac94365', '$2a$10$4CBdzvOCcd/5Vkt8nLSRMe', '13880681425', 'fuzeren@qq.com', '负责人1', 0, 'http://localhost:9000/wms/avatar/e7bf1c14-2b38-4b1b-bc44-5e2f3917928c.webp', '2025-03-03 22:31:10', '2025-04-02 09:29:22');
INSERT INTO `sys_user` (`user_id`, `wx_id`, `username`, `real_name`, `password`, `salt`, `phone`, `email`, `nick_name`, `sex`, `avatar`, `create_time`, `update_time`) VALUES ('1896569293849108482', NULL, 'test4', '负责人4', '09805fa7c6a3f7b8f5026d4e76d0fdf94b778557', '$2a$10$SDTRKFIh5nxzzxSItHUKiO', '13880681422', 't4@qq.com', '负责人4', 0, NULL, '2025-03-03 22:32:11', '2025-03-09 16:13:09');
INSERT INTO `sys_user` (`user_id`, `wx_id`, `username`, `real_name`, `password`, `salt`, `phone`, `email`, `nick_name`, `sex`, `avatar`, `create_time`, `update_time`) VALUES ('1898621397732356097', NULL, 'inspector1', '质检员1', 'fab4db02c1fa2621756d40f8af12f855fff5ad5f', '$2a$10$.g3bL7nlhvPV9g6S08g08u', '13111111111', 'zhijianyuan@qq.com', '质检员1', 0, NULL, '2025-03-09 14:26:30', '2025-04-02 09:29:32');
INSERT INTO `sys_user` (`user_id`, `wx_id`, `username`, `real_name`, `password`, `salt`, `phone`, `email`, `nick_name`, `sex`, `avatar`, `create_time`, `update_time`) VALUES ('1898621550283386881', NULL, 'inspector2', '质检员2', '13406cd7a9351608328203bb3f75f93e3b9e822e', '$2a$10$3Nbv8/YOETZxMGWRxRyAiu', '13111111112', '2@qq.com', '质检员2', 0, NULL, '2025-03-09 14:27:07', '2025-03-09 14:31:05');
INSERT INTO `sys_user` (`user_id`, `wx_id`, `username`, `real_name`, `password`, `salt`, `phone`, `email`, `nick_name`, `sex`, `avatar`, `create_time`, `update_time`) VALUES ('1898621669850411010', NULL, 'inspector3', '质检员3', '26605b7eaac942fc1821b663817c00fd7a4bafd4', '$2a$10$3okiNL8CAkXrImFfWngb3u', '13111111113', '3@qq.com', '质检员3', 1, NULL, '2025-03-09 14:27:35', '2025-03-09 14:31:16');
INSERT INTO `sys_user` (`user_id`, `wx_id`, `username`, `real_name`, `password`, `salt`, `phone`, `email`, `nick_name`, `sex`, `avatar`, `create_time`, `update_time`) VALUES ('1898621821399003138', NULL, 'inspector4', '质检员4', 'fd1fdc761131df145c8294df8d37c96d5548a973', '$2a$10$Iav5TW00Ic0EXBKJ.c1XMO', '13111111114', '4@qq.com', '质检员4', 1, NULL, '2025-03-09 14:28:12', '2025-03-09 14:31:24');
INSERT INTO `sys_user` (`user_id`, `wx_id`, `username`, `real_name`, `password`, `salt`, `phone`, `email`, `nick_name`, `sex`, `avatar`, `create_time`, `update_time`) VALUES ('1898622012529242114', NULL, 'inspectot5', '质检员5', '47ca774a20c06ff6ec6b904c1466affec6b1d24c', '$2a$10$3dJl7wIPxMeTif1E3UZCWO', '13111111115', '5@qq.com', '质检员5', 0, NULL, '2025-03-09 14:28:57', '2025-03-09 14:31:31');
INSERT INTO `sys_user` (`user_id`, `wx_id`, `username`, `real_name`, `password`, `salt`, `phone`, `email`, `nick_name`, `sex`, `avatar`, `create_time`, `update_time`) VALUES ('1898622873313693698', NULL, 'inspector6', '质检员6', 'cd969a34f88d681b67a5797372baacc2654b4243', '$2a$10$EEKIINFxgQ9a0yxaTtexM.', '13111111116', '6@qq.com', '质检员6', 1, NULL, '2025-03-09 14:32:22', '2025-03-09 14:32:22');
INSERT INTO `sys_user` (`user_id`, `wx_id`, `username`, `real_name`, `password`, `salt`, `phone`, `email`, `nick_name`, `sex`, `avatar`, `create_time`, `update_time`) VALUES ('1898647819238727682', NULL, 'test3', '负责人3', '0653726e2d928a39d1b6ba2597efa888f30d2201', '$2a$10$ymxNOTlatpmWieIoPFLGNu', '13122232224', 't3@qq.com', '负责人3', 0, NULL, '2025-03-09 16:11:30', '2025-03-09 16:12:43');
INSERT INTO `sys_user` (`user_id`, `wx_id`, `username`, `real_name`, `password`, `salt`, `phone`, `email`, `nick_name`, `sex`, `avatar`, `create_time`, `update_time`) VALUES ('1898647975300390914', NULL, 'test5', '负责人5', '4d6674720361d3eeb2510b4b8ec8a257e0380541', '$2a$10$AtboNsovgmXtavF3wBjs5e', '13122232225', 't5@qq.com', '负责人5', 0, NULL, '2025-03-09 16:12:07', '2025-03-09 16:12:07');
INSERT INTO `sys_user` (`user_id`, `wx_id`, `username`, `real_name`, `password`, `salt`, `phone`, `email`, `nick_name`, `sex`, `avatar`, `create_time`, `update_time`) VALUES ('1898648071593222145', NULL, 'test6', '负责人6', '5676aa97de3db59d99009bfb6307eb4ddfd2b7aa', '$2a$10$RfsYBtuOHJEpImH8wczMBu', '13122232227', 't6@qq.com', '负责人6', 0, NULL, '2025-03-09 16:12:30', '2025-03-09 16:12:30');
INSERT INTO `sys_user` (`user_id`, `wx_id`, `username`, `real_name`, `password`, `salt`, `phone`, `email`, `nick_name`, `sex`, `avatar`, `create_time`, `update_time`) VALUES ('1906689665390481410', NULL, 'xiaoshou', '销售/采购', 'a1c50775065d27dc42064630c70124fd38131bf8', '$2a$10$GsiPNMxXIXCyoWBNcpUxoO', '13880681429', 'xiaoshou@qq.com', '销售', 1, NULL, '2025-03-31 20:46:55', '2025-03-31 20:46:55');
COMMIT;

-- ----------------------------
-- Table structure for sys_user_role
-- ----------------------------
DROP TABLE IF EXISTS `sys_user_role`;
CREATE TABLE `sys_user_role` (
  `user_role_id` varchar(255) NOT NULL COMMENT '用户角色id',
  `user_id` varchar(255) NOT NULL COMMENT '用户id',
  `role_id` varchar(255) NOT NULL COMMENT '角色id',
  PRIMARY KEY (`user_role_id`,`user_id`,`role_id`) USING BTREE,
  KEY `user_id` (`user_id`) USING BTREE,
  KEY `role_id` (`role_id`) USING BTREE
) ENGINE=InnoDB DEFAULT CHARSET=utf8mb4 COLLATE=utf8mb4_0900_ai_ci ROW_FORMAT=DYNAMIC COMMENT='用户角色表用于表示一个用户哪几个角色';

-- ----------------------------
-- Records of sys_user_role
-- ----------------------------
BEGIN;
INSERT INTO `sys_user_role` (`user_role_id`, `user_id`, `role_id`) VALUES ('1895108523147800578', '1895108523139411969', '1896569176085635074');
INSERT INTO `sys_user_role` (`user_role_id`, `user_id`, `role_id`) VALUES ('1896450516051742721', '1896450516030771201', '1');
INSERT INTO `sys_user_role` (`user_role_id`, `user_id`, `role_id`) VALUES ('1896569037979787265', '1896569037967204353', '1896569176085635074');
INSERT INTO `sys_user_role` (`user_role_id`, `user_id`, `role_id`) VALUES ('1896569293865885697', '1896569293849108482', '1896569176085635074');
INSERT INTO `sys_user_role` (`user_role_id`, `user_id`, `role_id`) VALUES ('1898621397749133313', '1898621397732356097', '1898621150062899201');
INSERT INTO `sys_user_role` (`user_role_id`, `user_id`, `role_id`) VALUES ('1898621550316941313', '1898621550283386881', '1898621150062899201');
INSERT INTO `sys_user_role` (`user_role_id`, `user_id`, `role_id`) VALUES ('1898621669858799617', '1898621669850411010', '1898621150062899201');
INSERT INTO `sys_user_role` (`user_role_id`, `user_id`, `role_id`) VALUES ('1898621821407391746', '1898621821399003138', '1898621150062899201');
INSERT INTO `sys_user_role` (`user_role_id`, `user_id`, `role_id`) VALUES ('1898622012537630722', '1898622012529242114', '1898621150062899201');
INSERT INTO `sys_user_role` (`user_role_id`, `user_id`, `role_id`) VALUES ('1898622873322082306', '1898622873313693698', '1898621150062899201');
INSERT INTO `sys_user_role` (`user_role_id`, `user_id`, `role_id`) VALUES ('1898647819251310594', '1898647819238727682', '1896569176085635074');
INSERT INTO `sys_user_role` (`user_role_id`, `user_id`, `role_id`) VALUES ('1898647975317168129', '1898647975300390914', '1896569176085635074');
INSERT INTO `sys_user_role` (`user_role_id`, `user_id`, `role_id`) VALUES ('1898648071605805058', '1898648071593222145', '1896569176085635074');
INSERT INTO `sys_user_role` (`user_role_id`, `user_id`, `role_id`) VALUES ('1906689665403064321', '1906689665390481410', '1905972052952264705');
INSERT INTO `sys_user_role` (`user_role_id`, `user_id`, `role_id`) VALUES ('1918510981420544002', '1918510981395378177', '1');
COMMIT;

-- ----------------------------
-- Table structure for undo_log
-- ----------------------------
DROP TABLE IF EXISTS `undo_log`;
CREATE TABLE `undo_log` (
  `id` bigint NOT NULL AUTO_INCREMENT,
  `branch_id` bigint NOT NULL,
  `xid` varchar(100) NOT NULL,
  `context` varchar(128) NOT NULL,
  `rollback_info` longblob NOT NULL,
  `log_status` int NOT NULL,
  `log_created` datetime NOT NULL,
  `log_modified` datetime NOT NULL,
  `ext` varchar(100) DEFAULT NULL,
  PRIMARY KEY (`id`),
  UNIQUE KEY `ux_undo_log` (`xid`,`branch_id`)
) ENGINE=InnoDB AUTO_INCREMENT=2912 DEFAULT CHARSET=utf8mb3;

-- ----------------------------
-- Records of undo_log
-- ----------------------------
BEGIN;
COMMIT;

-- ----------------------------
-- Table structure for wms_area
-- ----------------------------
DROP TABLE IF EXISTS `wms_area`;
CREATE TABLE `wms_area` (
  `id` varchar(32) NOT NULL COMMENT '区域ID',
  `area_name` varchar(100) NOT NULL COMMENT '区域名称',
  `area_code` varchar(50) NOT NULL COMMENT '区域编码',
  `area_manager` varchar(50) DEFAULT NULL COMMENT '区域负责人',
  `status` tinyint(1) NOT NULL DEFAULT '1' COMMENT '状态：0-禁用，1-启用',
  `description` varchar(500) DEFAULT NULL COMMENT '区域描述',
  `create_time` datetime NOT NULL COMMENT '创建时间',
  `update_time` datetime NOT NULL COMMENT '更新时间',
  PRIMARY KEY (`id`),
  UNIQUE KEY `uk_area_code` (`area_code`)
) ENGINE=InnoDB DEFAULT CHARSET=utf8mb4 COLLATE=utf8mb4_0900_ai_ci COMMENT='区域表';

-- ----------------------------
-- Records of wms_area
-- ----------------------------
BEGIN;
INSERT INTO `wms_area` (`id`, `area_name`, `area_code`, `area_manager`, `status`, `description`, `create_time`, `update_time`) VALUES ('1898645979654766593', 'A区', 'A', '1896450516030771201', 1, '这是A区', '2025-03-09 16:04:11', '2025-03-09 16:15:28');
INSERT INTO `wms_area` (`id`, `area_name`, `area_code`, `area_manager`, `status`, `description`, `create_time`, `update_time`) VALUES ('1898646093588840449', 'B区', 'B', '1896450516030771201', 1, '这是B区', '2025-03-09 16:04:39', '2025-03-09 16:15:22');
INSERT INTO `wms_area` (`id`, `area_name`, `area_code`, `area_manager`, `status`, `description`, `create_time`, `update_time`) VALUES ('1898648671391301633', 'C区', 'C', '1896450516030771201', 1, '这是C区', '2025-03-09 16:14:53', '2025-03-09 16:14:53');
INSERT INTO `wms_area` (`id`, `area_name`, `area_code`, `area_manager`, `status`, `description`, `create_time`, `update_time`) VALUES ('1898648889922928641', 'D区', 'D', '1896450516030771201', 1, '这是D区', '2025-03-09 16:15:45', '2025-04-27 00:00:00');
INSERT INTO `wms_area` (`id`, `area_name`, `area_code`, `area_manager`, `status`, `description`, `create_time`, `update_time`) VALUES ('1898649182169448450', 'E区', 'E', '1896450516030771201', 1, '这是E区', '2025-03-09 16:16:55', '2025-03-09 16:16:55');
INSERT INTO `wms_area` (`id`, `area_name`, `area_code`, `area_manager`, `status`, `description`, `create_time`, `update_time`) VALUES ('1898649633312980994', 'F区', 'F', '1896450516030771201', 1, '这是F区1', '2025-03-09 16:18:42', '2025-03-11 15:02:11');
INSERT INTO `wms_area` (`id`, `area_name`, `area_code`, `area_manager`, `status`, `description`, `create_time`, `update_time`) VALUES ('1903041289530818562', 'G区', 'G', '1896450516030771201', 1, NULL, '2025-03-21 00:00:00', '2025-03-29 00:00:00');
INSERT INTO `wms_area` (`id`, `area_name`, `area_code`, `area_manager`, `status`, `description`, `create_time`, `update_time`) VALUES ('1905977110632747009', 'H区', 'H', '1896450516030771201', 1, '这是H区', '2025-03-29 00:00:00', '2025-03-29 00:00:00');
COMMIT;

-- ----------------------------
-- Table structure for wms_area_inspector
-- ----------------------------
DROP TABLE IF EXISTS `wms_area_inspector`;
CREATE TABLE `wms_area_inspector` (
  `id` varchar(32) NOT NULL COMMENT '关系ID',
  `area_id` varchar(32) NOT NULL COMMENT '区域ID',
  `area_name` varchar(100) DEFAULT NULL COMMENT '区域名称',
  `inspector_id` varchar(32) NOT NULL COMMENT '质检员ID',
  `inspector_name` varchar(50) NOT NULL COMMENT '质检员姓名',
  `inspector_phone` varchar(20) DEFAULT NULL COMMENT '质检员联系电话',
  `is_primary` tinyint(1) NOT NULL DEFAULT '0' COMMENT '是否主要负责人：0-否，1-是',
  `remark` varchar(500) DEFAULT NULL COMMENT '备注',
  `create_time` datetime NOT NULL COMMENT '创建时间',
  `update_time` datetime NOT NULL COMMENT '更新时间',
  PRIMARY KEY (`id`),
  UNIQUE KEY `uk_area_inspector` (`area_id`,`inspector_id`),
  KEY `idx_area_id` (`area_id`),
  KEY `idx_inspector_id` (`inspector_id`)
) ENGINE=InnoDB DEFAULT CHARSET=utf8mb4 COLLATE=utf8mb4_0900_ai_ci COMMENT='区域质检员关系表';

-- ----------------------------
-- Records of wms_area_inspector
-- ----------------------------
BEGIN;
INSERT INTO `wms_area_inspector` (`id`, `area_id`, `area_name`, `inspector_id`, `inspector_name`, `inspector_phone`, `is_primary`, `remark`, `create_time`, `update_time`) VALUES ('1898648671403884545', '1898648671391301633', 'C区', '1898647819238727682', '负责人3', '13122232224', 1, NULL, '2025-03-09 16:14:53', '2025-03-09 16:14:53');
INSERT INTO `wms_area_inspector` (`id`, `area_id`, `area_name`, `inspector_id`, `inspector_name`, `inspector_phone`, `is_primary`, `remark`, `create_time`, `update_time`) VALUES ('1898648671403884546', '1898648671391301633', 'C区', '1898621669850411010', '质检员3', '13111111113', 0, NULL, '2025-03-09 16:14:53', '2025-03-09 16:14:53');
INSERT INTO `wms_area_inspector` (`id`, `area_id`, `area_name`, `inspector_id`, `inspector_name`, `inspector_phone`, `is_primary`, `remark`, `create_time`, `update_time`) VALUES ('1898648793089032194', '1898646093588840449', 'B区', '1895108523139411969', '负责人2', '13031392681', 1, NULL, '2025-03-09 16:15:22', '2025-03-09 16:15:22');
INSERT INTO `wms_area_inspector` (`id`, `area_id`, `area_name`, `inspector_id`, `inspector_name`, `inspector_phone`, `is_primary`, `remark`, `create_time`, `update_time`) VALUES ('1898648793093226498', '1898646093588840449', 'B区', '1898621550283386881', '质检员2', '13111111112', 0, NULL, '2025-03-09 16:15:22', '2025-03-09 16:15:22');
INSERT INTO `wms_area_inspector` (`id`, `area_id`, `area_name`, `inspector_id`, `inspector_name`, `inspector_phone`, `is_primary`, `remark`, `create_time`, `update_time`) VALUES ('1898648816572940290', '1898645979654766593', 'A区', '1896569037967204353', '负责人1', '13880681425', 1, NULL, '2025-03-09 16:15:28', '2025-03-09 16:15:28');
INSERT INTO `wms_area_inspector` (`id`, `area_id`, `area_name`, `inspector_id`, `inspector_name`, `inspector_phone`, `is_primary`, `remark`, `create_time`, `update_time`) VALUES ('1898648816577134594', '1898645979654766593', 'A区', '1898621397732356097', '质检员1', '13111111111', 0, NULL, '2025-03-09 16:15:28', '2025-03-09 16:15:28');
INSERT INTO `wms_area_inspector` (`id`, `area_id`, `area_name`, `inspector_id`, `inspector_name`, `inspector_phone`, `is_primary`, `remark`, `create_time`, `update_time`) VALUES ('1898649182182031362', '1898649182169448450', 'E区', '1898647975300390914', '负责人5', '13122232225', 1, NULL, '2025-03-09 16:16:55', '2025-03-09 16:16:55');
INSERT INTO `wms_area_inspector` (`id`, `area_id`, `area_name`, `inspector_id`, `inspector_name`, `inspector_phone`, `is_primary`, `remark`, `create_time`, `update_time`) VALUES ('1898649182186225666', '1898649182169448450', 'E区', '1898622012529242114', '质检员5', '13111111115', 0, NULL, '2025-03-09 16:16:55', '2025-03-09 16:16:55');
INSERT INTO `wms_area_inspector` (`id`, `area_id`, `area_name`, `inspector_id`, `inspector_name`, `inspector_phone`, `is_primary`, `remark`, `create_time`, `update_time`) VALUES ('1899355150122721281', '1898649633312980994', 'F区', '1898648071593222145', '负责人6', '13122232227', 1, NULL, '2025-03-11 15:02:11', '2025-03-11 15:02:11');
INSERT INTO `wms_area_inspector` (`id`, `area_id`, `area_name`, `inspector_id`, `inspector_name`, `inspector_phone`, `is_primary`, `remark`, `create_time`, `update_time`) VALUES ('1899355150135304194', '1898649633312980994', 'F区', '1898622873313693698', '质检员6', '13111111116', 0, NULL, '2025-03-11 15:02:11', '2025-03-11 15:02:11');
INSERT INTO `wms_area_inspector` (`id`, `area_id`, `area_name`, `inspector_id`, `inspector_name`, `inspector_phone`, `is_primary`, `remark`, `create_time`, `update_time`) VALUES ('1905976951328886786', '1903041289530818562', 'G区', '1896450516030771201', '张三', '13880681423', 1, NULL, '2025-03-29 00:00:00', '2025-03-29 00:00:00');
INSERT INTO `wms_area_inspector` (`id`, `area_id`, `area_name`, `inspector_id`, `inspector_name`, `inspector_phone`, `is_primary`, `remark`, `create_time`, `update_time`) VALUES ('1905977152026333185', '1905977110632747009', 'H区', '1898621397732356097', '质检员1', '13111111111', 1, NULL, '2025-03-29 00:00:00', '2025-03-29 00:00:00');
INSERT INTO `wms_area_inspector` (`id`, `area_id`, `area_name`, `inspector_id`, `inspector_name`, `inspector_phone`, `is_primary`, `remark`, `create_time`, `update_time`) VALUES ('1916323562535190530', '1898648889922928641', 'D区', '1896569293849108482', '负责人4', '13880681422', 1, NULL, '2025-04-27 00:00:00', '2025-04-27 00:00:00');
INSERT INTO `wms_area_inspector` (`id`, `area_id`, `area_name`, `inspector_id`, `inspector_name`, `inspector_phone`, `is_primary`, `remark`, `create_time`, `update_time`) VALUES ('1916323562543579137', '1898648889922928641', 'D区', '1898621821399003138', '质检员4', '13111111114', 0, NULL, '2025-04-27 00:00:00', '2025-04-27 00:00:00');
COMMIT;

-- ----------------------------
-- Table structure for wms_shelf
-- ----------------------------
DROP TABLE IF EXISTS `wms_shelf`;
CREATE TABLE `wms_shelf` (
  `id` varchar(32) NOT NULL COMMENT '货架ID',
  `area_id` varchar(32) NOT NULL COMMENT '区域ID',
  `shelf_name` varchar(100) NOT NULL COMMENT '货架名称',
  `shelf_code` varchar(50) NOT NULL COMMENT '货架编码',
  `status` tinyint(1) NOT NULL DEFAULT '1' COMMENT '状态：0-禁用，1-启用',
  `create_time` datetime NOT NULL COMMENT '创建时间',
  `update_time` datetime NOT NULL COMMENT '更新时间',
  PRIMARY KEY (`id`),
  UNIQUE KEY `uk_shelf_code` (`shelf_code`,`area_id`) USING BTREE,
  KEY `idx_area_id` (`area_id`)
) ENGINE=InnoDB DEFAULT CHARSET=utf8mb4 COLLATE=utf8mb4_0900_ai_ci COMMENT='货架表';

-- ----------------------------
-- Records of wms_shelf
-- ----------------------------
BEGIN;
INSERT INTO `wms_shelf` (`id`, `area_id`, `shelf_name`, `shelf_code`, `status`, `create_time`, `update_time`) VALUES ('1898700659026018306', '1898645979654766593', '1号', '01', 1, '2025-03-09 19:41:28', '2025-03-27 00:00:00');
INSERT INTO `wms_shelf` (`id`, `area_id`, `shelf_name`, `shelf_code`, `status`, `create_time`, `update_time`) VALUES ('1898707410911625217', '1898645979654766593', '2号', '02', 1, '2025-03-09 20:08:18', '2025-03-09 20:08:18');
INSERT INTO `wms_shelf` (`id`, `area_id`, `shelf_name`, `shelf_code`, `status`, `create_time`, `update_time`) VALUES ('1898711159952617473', '1898645979654766593', '3号', '03', 1, '2025-03-09 20:23:12', '2025-03-09 20:23:23');
INSERT INTO `wms_shelf` (`id`, `area_id`, `shelf_name`, `shelf_code`, `status`, `create_time`, `update_time`) VALUES ('1898711268564119554', '1898645979654766593', '4号', '04', 1, '2025-03-09 20:23:37', '2025-03-09 20:23:37');
INSERT INTO `wms_shelf` (`id`, `area_id`, `shelf_name`, `shelf_code`, `status`, `create_time`, `update_time`) VALUES ('1898711316639232001', '1898645979654766593', '5号', '05', 1, '2025-03-09 20:23:49', '2025-03-09 20:23:49');
INSERT INTO `wms_shelf` (`id`, `area_id`, `shelf_name`, `shelf_code`, `status`, `create_time`, `update_time`) VALUES ('1898711358733266946', '1898645979654766593', '6号', '06', 1, '2025-03-09 20:23:59', '2025-03-09 20:23:59');
INSERT INTO `wms_shelf` (`id`, `area_id`, `shelf_name`, `shelf_code`, `status`, `create_time`, `update_time`) VALUES ('1898711613084250114', '1898646093588840449', '1号', '01', 1, '2025-03-09 20:25:00', '2025-03-09 20:25:00');
INSERT INTO `wms_shelf` (`id`, `area_id`, `shelf_name`, `shelf_code`, `status`, `create_time`, `update_time`) VALUES ('1898713048312176642', '1898646093588840449', '2号', '02', 1, '2025-03-09 20:30:38', '2025-03-09 20:30:38');
INSERT INTO `wms_shelf` (`id`, `area_id`, `shelf_name`, `shelf_code`, `status`, `create_time`, `update_time`) VALUES ('1898713048362508289', '1898646093588840449', '3号', '03', 1, '2025-03-09 20:30:38', '2025-03-09 20:30:38');
INSERT INTO `wms_shelf` (`id`, `area_id`, `shelf_name`, `shelf_code`, `status`, `create_time`, `update_time`) VALUES ('1898713048417034241', '1898646093588840449', '4号', '04', 1, '2025-03-09 20:30:38', '2025-03-09 20:30:38');
INSERT INTO `wms_shelf` (`id`, `area_id`, `shelf_name`, `shelf_code`, `status`, `create_time`, `update_time`) VALUES ('1898713048433811458', '1898646093588840449', '5号', '05', 1, '2025-03-09 20:30:38', '2025-03-09 20:30:38');
INSERT INTO `wms_shelf` (`id`, `area_id`, `shelf_name`, `shelf_code`, `status`, `create_time`, `update_time`) VALUES ('1898713048442200066', '1898646093588840449', '6号', '06', 1, '2025-03-09 20:30:38', '2025-03-09 20:30:38');
INSERT INTO `wms_shelf` (`id`, `area_id`, `shelf_name`, `shelf_code`, `status`, `create_time`, `update_time`) VALUES ('1898713048458977282', '1898648671391301633', '1号', '01', 1, '2025-03-09 20:30:38', '2025-03-09 20:30:38');
INSERT INTO `wms_shelf` (`id`, `area_id`, `shelf_name`, `shelf_code`, `status`, `create_time`, `update_time`) VALUES ('1898714518344425474', '1898648671391301633', '2号', '02', 1, '2025-03-09 20:36:32', '2025-03-09 20:36:32');
INSERT INTO `wms_shelf` (`id`, `area_id`, `shelf_name`, `shelf_code`, `status`, `create_time`, `update_time`) VALUES ('1898714518344425475', '1898648671391301633', '3号', '03', 1, '2025-03-09 20:36:32', '2025-03-09 20:36:32');
INSERT INTO `wms_shelf` (`id`, `area_id`, `shelf_name`, `shelf_code`, `status`, `create_time`, `update_time`) VALUES ('1898714518344425476', '1898648671391301633', '4号', '04', 1, '2025-03-09 20:36:32', '2025-03-09 20:36:32');
INSERT INTO `wms_shelf` (`id`, `area_id`, `shelf_name`, `shelf_code`, `status`, `create_time`, `update_time`) VALUES ('1898714518348619777', '1898648671391301633', '5号', '05', 1, '2025-03-09 20:36:32', '2025-03-09 20:36:32');
INSERT INTO `wms_shelf` (`id`, `area_id`, `shelf_name`, `shelf_code`, `status`, `create_time`, `update_time`) VALUES ('1898714518348619778', '1898648671391301633', '6号', '06', 1, '2025-03-09 20:36:32', '2025-03-09 20:36:32');
INSERT INTO `wms_shelf` (`id`, `area_id`, `shelf_name`, `shelf_code`, `status`, `create_time`, `update_time`) VALUES ('1898714876806422530', '1898648889922928641', '1号', '01', 1, '2025-03-09 20:37:58', '2025-03-09 20:37:58');
INSERT INTO `wms_shelf` (`id`, `area_id`, `shelf_name`, `shelf_code`, `status`, `create_time`, `update_time`) VALUES ('1898714876806422531', '1898648889922928641', '2号', '02', 1, '2025-03-09 20:37:58', '2025-03-09 20:37:58');
INSERT INTO `wms_shelf` (`id`, `area_id`, `shelf_name`, `shelf_code`, `status`, `create_time`, `update_time`) VALUES ('1898714876810616833', '1898648889922928641', '3号', '03', 1, '2025-03-09 20:37:58', '2025-03-09 20:37:58');
INSERT INTO `wms_shelf` (`id`, `area_id`, `shelf_name`, `shelf_code`, `status`, `create_time`, `update_time`) VALUES ('1898714876810616834', '1898648889922928641', '4号', '04', 1, '2025-03-09 20:37:58', '2025-03-09 20:37:58');
INSERT INTO `wms_shelf` (`id`, `area_id`, `shelf_name`, `shelf_code`, `status`, `create_time`, `update_time`) VALUES ('1898714876814811137', '1898648889922928641', '5号', '05', 1, '2025-03-09 20:37:58', '2025-03-09 20:37:58');
INSERT INTO `wms_shelf` (`id`, `area_id`, `shelf_name`, `shelf_code`, `status`, `create_time`, `update_time`) VALUES ('1898714876814811138', '1898648889922928641', '6号', '06', 1, '2025-03-09 20:37:58', '2025-03-09 20:37:58');
INSERT INTO `wms_shelf` (`id`, `area_id`, `shelf_name`, `shelf_code`, `status`, `create_time`, `update_time`) VALUES ('1898714876814811139', '1898649182169448450', '1号', '01', 1, '2025-03-09 20:37:58', '2025-03-09 20:37:58');
INSERT INTO `wms_shelf` (`id`, `area_id`, `shelf_name`, `shelf_code`, `status`, `create_time`, `update_time`) VALUES ('1898714876814811140', '1898649182169448450', '2号', '02', 1, '2025-03-09 20:37:58', '2025-03-09 20:37:58');
INSERT INTO `wms_shelf` (`id`, `area_id`, `shelf_name`, `shelf_code`, `status`, `create_time`, `update_time`) VALUES ('1898714876814811141', '1898649182169448450', '3号', '03', 1, '2025-03-09 20:37:58', '2025-03-09 20:37:58');
INSERT INTO `wms_shelf` (`id`, `area_id`, `shelf_name`, `shelf_code`, `status`, `create_time`, `update_time`) VALUES ('1898714876814811142', '1898649182169448450', '4号', '04', 1, '2025-03-09 20:37:58', '2025-03-09 20:37:58');
INSERT INTO `wms_shelf` (`id`, `area_id`, `shelf_name`, `shelf_code`, `status`, `create_time`, `update_time`) VALUES ('1898714876819005442', '1898649182169448450', '5号', '05', 1, '2025-03-09 20:37:58', '2025-03-09 20:37:58');
INSERT INTO `wms_shelf` (`id`, `area_id`, `shelf_name`, `shelf_code`, `status`, `create_time`, `update_time`) VALUES ('1898714876819005443', '1898649182169448450', '6号', '06', 1, '2025-03-09 20:37:58', '2025-03-09 20:37:58');
INSERT INTO `wms_shelf` (`id`, `area_id`, `shelf_name`, `shelf_code`, `status`, `create_time`, `update_time`) VALUES ('1898715064572829697', '1898649633312980994', '1号', '01', 1, '2025-03-09 20:38:42', '2025-03-09 20:38:42');
INSERT INTO `wms_shelf` (`id`, `area_id`, `shelf_name`, `shelf_code`, `status`, `create_time`, `update_time`) VALUES ('1898715064572829698', '1898649633312980994', '2号', '02', 1, '2025-03-09 20:38:42', '2025-03-09 20:38:42');
INSERT INTO `wms_shelf` (`id`, `area_id`, `shelf_name`, `shelf_code`, `status`, `create_time`, `update_time`) VALUES ('1898715064572829699', '1898649633312980994', '3号', '03', 1, '2025-03-09 20:38:42', '2025-03-09 20:38:42');
INSERT INTO `wms_shelf` (`id`, `area_id`, `shelf_name`, `shelf_code`, `status`, `create_time`, `update_time`) VALUES ('1898715064577024001', '1898649633312980994', '4号', '04', 1, '2025-03-09 20:38:42', '2025-03-09 20:41:59');
INSERT INTO `wms_shelf` (`id`, `area_id`, `shelf_name`, `shelf_code`, `status`, `create_time`, `update_time`) VALUES ('1898715064577024002', '1898649633312980994', '5号', '05', 1, '2025-03-09 20:38:42', '2025-03-09 20:42:02');
INSERT INTO `wms_shelf` (`id`, `area_id`, `shelf_name`, `shelf_code`, `status`, `create_time`, `update_time`) VALUES ('1898715064577024003', '1898649633312980994', '6号', '06', 1, '2025-03-09 20:38:42', '2025-03-09 20:38:42');
INSERT INTO `wms_shelf` (`id`, `area_id`, `shelf_name`, `shelf_code`, `status`, `create_time`, `update_time`) VALUES ('1898715968055271425', '1898645979654766593', '7号', '07', 1, '2025-03-09 20:42:18', '2025-03-09 23:09:35');
INSERT INTO `wms_shelf` (`id`, `area_id`, `shelf_name`, `shelf_code`, `status`, `create_time`, `update_time`) VALUES ('1898715968055271426', '1898645979654766593', '8号', '08', 1, '2025-03-09 20:42:18', '2025-03-29 00:00:00');
INSERT INTO `wms_shelf` (`id`, `area_id`, `shelf_name`, `shelf_code`, `status`, `create_time`, `update_time`) VALUES ('1903041623430971393', '1903041289530818562', '1号', '01', 1, '2025-03-21 00:00:00', '2025-03-21 00:00:00');
INSERT INTO `wms_shelf` (`id`, `area_id`, `shelf_name`, `shelf_code`, `status`, `create_time`, `update_time`) VALUES ('1905978835099865090', '1905977110632747009', '1号', '01', 1, '2025-03-29 00:00:00', '2025-03-29 00:00:00');
INSERT INTO `wms_shelf` (`id`, `area_id`, `shelf_name`, `shelf_code`, `status`, `create_time`, `update_time`) VALUES ('1905979087592771586', '1905977110632747009', '2号', '02', 1, '2025-03-29 00:00:00', '2025-03-29 00:00:00');
INSERT INTO `wms_shelf` (`id`, `area_id`, `shelf_name`, `shelf_code`, `status`, `create_time`, `update_time`) VALUES ('1905979087592771587', '1905977110632747009', '3号', '03', 1, '2025-03-29 00:00:00', '2025-03-29 00:00:00');
INSERT INTO `wms_shelf` (`id`, `area_id`, `shelf_name`, `shelf_code`, `status`, `create_time`, `update_time`) VALUES ('1905979087592771588', '1905977110632747009', '4号', '04', 1, '2025-03-29 00:00:00', '2025-03-29 00:00:00');
INSERT INTO `wms_shelf` (`id`, `area_id`, `shelf_name`, `shelf_code`, `status`, `create_time`, `update_time`) VALUES ('1905979087596965890', '1905977110632747009', '5号', '05', 1, '2025-03-29 00:00:00', '2025-03-29 00:00:00');
INSERT INTO `wms_shelf` (`id`, `area_id`, `shelf_name`, `shelf_code`, `status`, `create_time`, `update_time`) VALUES ('1905979087596965891', '1905977110632747009', '6号', '06', 1, '2025-03-29 00:00:00', '2025-03-29 00:00:00');
COMMIT;

-- ----------------------------
-- Table structure for wms_storage_location
-- ----------------------------
DROP TABLE IF EXISTS `wms_storage_location`;
CREATE TABLE `wms_storage_location` (
  `id` varchar(32) NOT NULL COMMENT '库位ID',
  `area_id` varchar(32) NOT NULL COMMENT '区域ID',
  `shelf_id` varchar(32) NOT NULL COMMENT '货架ID',
  `location_code` varchar(50) NOT NULL COMMENT '库位编码',
  `location_name` varchar(100) NOT NULL COMMENT '库位名称',
  `status` tinyint(1) NOT NULL DEFAULT '1' COMMENT '状态：0-占用，1-空闲，2-禁用',
  `product_id` varchar(32) DEFAULT NULL COMMENT '当前存放的产品ID',
  `create_time` datetime NOT NULL COMMENT '创建时间',
  `update_time` datetime NOT NULL COMMENT '更新时间',
  PRIMARY KEY (`id`),
  KEY `idx_area_id` (`area_id`),
  KEY `idx_shelf_id` (`shelf_id`),
  KEY `idx_product_id` (`product_id`),
  KEY `idx_status` (`status`)
) ENGINE=InnoDB DEFAULT CHARSET=utf8mb4 COLLATE=utf8mb4_0900_ai_ci COMMENT='库位表';

-- ----------------------------
-- Records of wms_storage_location
-- ----------------------------
BEGIN;
INSERT INTO `wms_storage_location` (`id`, `area_id`, `shelf_id`, `location_code`, `location_name`, `status`, `product_id`, `create_time`, `update_time`) VALUES ('1898770317204676609', '1898645979654766593', '1898700659026018306', '001', 'A-01-001', 0, '1897315128870412290', '2025-03-10 00:18:16', '2025-03-10 00:19:34');
INSERT INTO `wms_storage_location` (`id`, `area_id`, `shelf_id`, `location_code`, `location_name`, `status`, `product_id`, `create_time`, `update_time`) VALUES ('1898772262124433410', '1898645979654766593', '1898700659026018306', '002', 'A-01-002', 0, '1903068405488087041', '2025-03-10 00:25:59', '2025-03-10 01:25:46');
INSERT INTO `wms_storage_location` (`id`, `area_id`, `shelf_id`, `location_code`, `location_name`, `status`, `product_id`, `create_time`, `update_time`) VALUES ('1898787361241403393', '1898645979654766593', '1898700659026018306', '003', 'A-01-003', 0, '1901154713333276673', '2025-03-10 01:25:59', '2025-03-19 00:00:00');
INSERT INTO `wms_storage_location` (`id`, `area_id`, `shelf_id`, `location_code`, `location_name`, `status`, `product_id`, `create_time`, `update_time`) VALUES ('1898787401099874306', '1898645979654766593', '1898700659026018306', '004', 'A-01-004', 0, '1897315660058042369', '2025-03-10 01:26:09', '2025-03-10 01:26:09');
INSERT INTO `wms_storage_location` (`id`, `area_id`, `shelf_id`, `location_code`, `location_name`, `status`, `product_id`, `create_time`, `update_time`) VALUES ('1898787743397023746', '1898645979654766593', '1898707410911625217', '001', 'A-02-001', 0, '1897311533005512706', '2025-03-10 01:27:30', '2025-03-10 01:27:30');
INSERT INTO `wms_storage_location` (`id`, `area_id`, `shelf_id`, `location_code`, `location_name`, `status`, `product_id`, `create_time`, `update_time`) VALUES ('1898787743397023747', '1898645979654766593', '1898707410911625217', '002', 'A-02-002', 0, '1897311533005512706', '2025-03-10 01:27:30', '2025-03-10 01:27:30');
INSERT INTO `wms_storage_location` (`id`, `area_id`, `shelf_id`, `location_code`, `location_name`, `status`, `product_id`, `create_time`, `update_time`) VALUES ('1898787743397023748', '1898645979654766593', '1898707410911625217', '003', 'A-02-003', 0, '1903068405488087041', '2025-03-10 01:27:30', '2025-03-19 00:00:00');
INSERT INTO `wms_storage_location` (`id`, `area_id`, `shelf_id`, `location_code`, `location_name`, `status`, `product_id`, `create_time`, `update_time`) VALUES ('1898787743397023749', '1898645979654766593', '1898707410911625217', '004', 'A-02-004', 0, '1897311533005512706', '2025-03-10 01:27:30', '2025-03-10 01:27:30');
INSERT INTO `wms_storage_location` (`id`, `area_id`, `shelf_id`, `location_code`, `location_name`, `status`, `product_id`, `create_time`, `update_time`) VALUES ('1898787743401218050', '1898645979654766593', '1898711159952617473', '001', 'A-03-001', 0, '1897311533005512706', '2025-03-10 01:27:30', '2025-03-10 01:27:30');
INSERT INTO `wms_storage_location` (`id`, `area_id`, `shelf_id`, `location_code`, `location_name`, `status`, `product_id`, `create_time`, `update_time`) VALUES ('1898787743401218051', '1898645979654766593', '1898711159952617473', '002', 'A-03-002', 0, '1897311533005512706', '2025-03-10 01:27:30', '2025-03-10 01:27:30');
INSERT INTO `wms_storage_location` (`id`, `area_id`, `shelf_id`, `location_code`, `location_name`, `status`, `product_id`, `create_time`, `update_time`) VALUES ('1898787743401218052', '1898645979654766593', '1898711159952617473', '003', 'A-03-003', 0, '1897311533005512706', '2025-03-10 01:27:30', '2025-03-10 01:27:30');
INSERT INTO `wms_storage_location` (`id`, `area_id`, `shelf_id`, `location_code`, `location_name`, `status`, `product_id`, `create_time`, `update_time`) VALUES ('1898787743401218053', '1898645979654766593', '1898711159952617473', '004', 'A-03-004', 0, '1897314226491072514', '2025-03-10 01:27:30', '2025-03-10 01:27:30');
INSERT INTO `wms_storage_location` (`id`, `area_id`, `shelf_id`, `location_code`, `location_name`, `status`, `product_id`, `create_time`, `update_time`) VALUES ('1898787743401218054', '1898645979654766593', '1898711268564119554', '001', 'A-04-001', 0, '1897314424227340290', '2025-03-10 01:27:30', '2025-03-19 00:00:00');
INSERT INTO `wms_storage_location` (`id`, `area_id`, `shelf_id`, `location_code`, `location_name`, `status`, `product_id`, `create_time`, `update_time`) VALUES ('1898787743401218055', '1898645979654766593', '1898711268564119554', '002', 'A-04-002', 1, NULL, '2025-03-10 01:27:30', '2025-03-19 00:00:00');
INSERT INTO `wms_storage_location` (`id`, `area_id`, `shelf_id`, `location_code`, `location_name`, `status`, `product_id`, `create_time`, `update_time`) VALUES ('1898787743401218056', '1898645979654766593', '1898711268564119554', '003', 'A-04-003', 1, NULL, '2025-03-10 01:27:30', '2025-03-10 01:27:30');
INSERT INTO `wms_storage_location` (`id`, `area_id`, `shelf_id`, `location_code`, `location_name`, `status`, `product_id`, `create_time`, `update_time`) VALUES ('1898787743401218057', '1898645979654766593', '1898711268564119554', '004', 'A-04-004', 1, NULL, '2025-03-10 01:27:30', '2025-03-10 01:27:30');
INSERT INTO `wms_storage_location` (`id`, `area_id`, `shelf_id`, `location_code`, `location_name`, `status`, `product_id`, `create_time`, `update_time`) VALUES ('1898787743401218058', '1898645979654766593', '1898711316639232001', '001', 'A-05-001', 1, NULL, '2025-03-10 01:27:30', '2025-03-10 01:27:30');
INSERT INTO `wms_storage_location` (`id`, `area_id`, `shelf_id`, `location_code`, `location_name`, `status`, `product_id`, `create_time`, `update_time`) VALUES ('1898787743401218059', '1898645979654766593', '1898711316639232001', '002', 'A-05-002', 1, NULL, '2025-03-10 01:27:30', '2025-03-10 01:27:30');
INSERT INTO `wms_storage_location` (`id`, `area_id`, `shelf_id`, `location_code`, `location_name`, `status`, `product_id`, `create_time`, `update_time`) VALUES ('1898787743405412353', '1898645979654766593', '1898711316639232001', '003', 'A-05-003', 1, NULL, '2025-03-10 01:27:30', '2025-03-10 01:27:30');
INSERT INTO `wms_storage_location` (`id`, `area_id`, `shelf_id`, `location_code`, `location_name`, `status`, `product_id`, `create_time`, `update_time`) VALUES ('1898787743405412354', '1898645979654766593', '1898711316639232001', '004', 'A-05-004', 1, NULL, '2025-03-10 01:27:30', '2025-03-10 01:27:30');
INSERT INTO `wms_storage_location` (`id`, `area_id`, `shelf_id`, `location_code`, `location_name`, `status`, `product_id`, `create_time`, `update_time`) VALUES ('1898788205307334657', '1898645979654766593', '1898711358733266946', '001', 'A-06-001', 1, NULL, '2025-03-10 01:29:21', '2025-03-10 01:29:21');
INSERT INTO `wms_storage_location` (`id`, `area_id`, `shelf_id`, `location_code`, `location_name`, `status`, `product_id`, `create_time`, `update_time`) VALUES ('1898788205307334658', '1898645979654766593', '1898711358733266946', '002', 'A-06-002', 1, NULL, '2025-03-10 01:29:21', '2025-03-10 01:29:21');
INSERT INTO `wms_storage_location` (`id`, `area_id`, `shelf_id`, `location_code`, `location_name`, `status`, `product_id`, `create_time`, `update_time`) VALUES ('1898788205311528961', '1898645979654766593', '1898711358733266946', '003', 'A-06-003', 1, NULL, '2025-03-10 01:29:21', '2025-03-10 01:29:21');
INSERT INTO `wms_storage_location` (`id`, `area_id`, `shelf_id`, `location_code`, `location_name`, `status`, `product_id`, `create_time`, `update_time`) VALUES ('1898788205311528962', '1898645979654766593', '1898711358733266946', '004', 'A-06-004', 1, NULL, '2025-03-10 01:29:21', '2025-03-10 01:29:21');
INSERT INTO `wms_storage_location` (`id`, `area_id`, `shelf_id`, `location_code`, `location_name`, `status`, `product_id`, `create_time`, `update_time`) VALUES ('1898788794376359937', '1898646093588840449', '1898711613084250114', '001', 'B-01-001', 0, '1897315660058042369', '2025-03-10 01:31:41', '2025-03-10 01:31:41');
INSERT INTO `wms_storage_location` (`id`, `area_id`, `shelf_id`, `location_code`, `location_name`, `status`, `product_id`, `create_time`, `update_time`) VALUES ('1898788794376359938', '1898646093588840449', '1898713048312176642', '001', 'B-02-001', 1, NULL, '2025-03-10 01:31:41', '2025-03-10 01:31:41');
INSERT INTO `wms_storage_location` (`id`, `area_id`, `shelf_id`, `location_code`, `location_name`, `status`, `product_id`, `create_time`, `update_time`) VALUES ('1898788794380554241', '1898646093588840449', '1898713048362508289', '001', 'B-03-001', 1, NULL, '2025-03-10 01:31:41', '2025-03-10 01:31:41');
INSERT INTO `wms_storage_location` (`id`, `area_id`, `shelf_id`, `location_code`, `location_name`, `status`, `product_id`, `create_time`, `update_time`) VALUES ('1898788794380554242', '1898646093588840449', '1898713048417034241', '001', 'B-04-001', 1, NULL, '2025-03-10 01:31:41', '2025-03-10 01:31:41');
INSERT INTO `wms_storage_location` (`id`, `area_id`, `shelf_id`, `location_code`, `location_name`, `status`, `product_id`, `create_time`, `update_time`) VALUES ('1898788794380554243', '1898646093588840449', '1898713048433811458', '001', 'B-05-001', 1, NULL, '2025-03-10 01:31:41', '2025-03-10 01:31:41');
INSERT INTO `wms_storage_location` (`id`, `area_id`, `shelf_id`, `location_code`, `location_name`, `status`, `product_id`, `create_time`, `update_time`) VALUES ('1898788794380554244', '1898646093588840449', '1898713048442200066', '001', 'B-06-001', 1, NULL, '2025-03-10 01:31:41', '2025-03-10 01:31:41');
INSERT INTO `wms_storage_location` (`id`, `area_id`, `shelf_id`, `location_code`, `location_name`, `status`, `product_id`, `create_time`, `update_time`) VALUES ('1898788794380554245', '1898646093588840449', '1898711613084250114', '002', 'B-01-002', 1, NULL, '2025-03-10 01:31:41', '2025-03-10 01:31:41');
INSERT INTO `wms_storage_location` (`id`, `area_id`, `shelf_id`, `location_code`, `location_name`, `status`, `product_id`, `create_time`, `update_time`) VALUES ('1898788794380554246', '1898646093588840449', '1898713048312176642', '002', 'B-02-002', 1, NULL, '2025-03-10 01:31:41', '2025-03-10 01:31:41');
INSERT INTO `wms_storage_location` (`id`, `area_id`, `shelf_id`, `location_code`, `location_name`, `status`, `product_id`, `create_time`, `update_time`) VALUES ('1898788794384748546', '1898646093588840449', '1898713048362508289', '002', 'B-03-002', 1, NULL, '2025-03-10 01:31:41', '2025-03-10 01:31:41');
INSERT INTO `wms_storage_location` (`id`, `area_id`, `shelf_id`, `location_code`, `location_name`, `status`, `product_id`, `create_time`, `update_time`) VALUES ('1898788794384748547', '1898646093588840449', '1898713048417034241', '002', 'B-04-002', 1, NULL, '2025-03-10 01:31:41', '2025-03-10 01:31:41');
INSERT INTO `wms_storage_location` (`id`, `area_id`, `shelf_id`, `location_code`, `location_name`, `status`, `product_id`, `create_time`, `update_time`) VALUES ('1898788794384748548', '1898646093588840449', '1898713048433811458', '002', 'B-05-002', 1, NULL, '2025-03-10 01:31:41', '2025-03-10 01:31:41');
INSERT INTO `wms_storage_location` (`id`, `area_id`, `shelf_id`, `location_code`, `location_name`, `status`, `product_id`, `create_time`, `update_time`) VALUES ('1898788794384748549', '1898646093588840449', '1898713048442200066', '002', 'B-06-002', 1, NULL, '2025-03-10 01:31:41', '2025-03-10 01:31:41');
INSERT INTO `wms_storage_location` (`id`, `area_id`, `shelf_id`, `location_code`, `location_name`, `status`, `product_id`, `create_time`, `update_time`) VALUES ('1898788794384748550', '1898646093588840449', '1898711613084250114', '003', 'B-01-003', 1, NULL, '2025-03-10 01:31:41', '2025-03-10 01:31:41');
INSERT INTO `wms_storage_location` (`id`, `area_id`, `shelf_id`, `location_code`, `location_name`, `status`, `product_id`, `create_time`, `update_time`) VALUES ('1898788794384748551', '1898646093588840449', '1898713048312176642', '003', 'B-02-003', 1, NULL, '2025-03-10 01:31:41', '2025-03-10 01:31:41');
INSERT INTO `wms_storage_location` (`id`, `area_id`, `shelf_id`, `location_code`, `location_name`, `status`, `product_id`, `create_time`, `update_time`) VALUES ('1898788794388942850', '1898646093588840449', '1898713048362508289', '003', 'B-03-003', 1, NULL, '2025-03-10 01:31:41', '2025-03-10 01:31:41');
INSERT INTO `wms_storage_location` (`id`, `area_id`, `shelf_id`, `location_code`, `location_name`, `status`, `product_id`, `create_time`, `update_time`) VALUES ('1898788794388942851', '1898646093588840449', '1898713048417034241', '003', 'B-04-003', 1, NULL, '2025-03-10 01:31:41', '2025-03-10 01:31:41');
INSERT INTO `wms_storage_location` (`id`, `area_id`, `shelf_id`, `location_code`, `location_name`, `status`, `product_id`, `create_time`, `update_time`) VALUES ('1898788794388942852', '1898646093588840449', '1898713048433811458', '003', 'B-05-003', 1, NULL, '2025-03-10 01:31:41', '2025-03-10 01:31:41');
INSERT INTO `wms_storage_location` (`id`, `area_id`, `shelf_id`, `location_code`, `location_name`, `status`, `product_id`, `create_time`, `update_time`) VALUES ('1898788794388942853', '1898646093588840449', '1898713048442200066', '003', 'B-06-003', 1, NULL, '2025-03-10 01:31:41', '2025-03-10 01:31:41');
INSERT INTO `wms_storage_location` (`id`, `area_id`, `shelf_id`, `location_code`, `location_name`, `status`, `product_id`, `create_time`, `update_time`) VALUES ('1898788794388942854', '1898646093588840449', '1898711613084250114', '004', 'B-01-004', 1, NULL, '2025-03-10 01:31:41', '2025-03-10 01:31:41');
INSERT INTO `wms_storage_location` (`id`, `area_id`, `shelf_id`, `location_code`, `location_name`, `status`, `product_id`, `create_time`, `update_time`) VALUES ('1898788794393137154', '1898646093588840449', '1898713048312176642', '004', 'B-02-004', 1, NULL, '2025-03-10 01:31:41', '2025-03-10 01:31:41');
INSERT INTO `wms_storage_location` (`id`, `area_id`, `shelf_id`, `location_code`, `location_name`, `status`, `product_id`, `create_time`, `update_time`) VALUES ('1898788794393137155', '1898646093588840449', '1898713048362508289', '004', 'B-03-004', 1, NULL, '2025-03-10 01:31:41', '2025-03-10 01:31:41');
INSERT INTO `wms_storage_location` (`id`, `area_id`, `shelf_id`, `location_code`, `location_name`, `status`, `product_id`, `create_time`, `update_time`) VALUES ('1898788794393137156', '1898646093588840449', '1898713048417034241', '004', 'B-04-004', 0, '1897314424227340290', '2025-03-10 01:31:41', '2025-03-10 01:31:41');
INSERT INTO `wms_storage_location` (`id`, `area_id`, `shelf_id`, `location_code`, `location_name`, `status`, `product_id`, `create_time`, `update_time`) VALUES ('1898788794393137157', '1898646093588840449', '1898713048433811458', '004', 'B-05-004', 1, NULL, '2025-03-10 01:31:41', '2025-03-10 01:31:41');
INSERT INTO `wms_storage_location` (`id`, `area_id`, `shelf_id`, `location_code`, `location_name`, `status`, `product_id`, `create_time`, `update_time`) VALUES ('1898788794393137158', '1898646093588840449', '1898713048442200066', '004', 'B-06-004', 1, NULL, '2025-03-10 01:31:41', '2025-03-10 01:31:41');
INSERT INTO `wms_storage_location` (`id`, `area_id`, `shelf_id`, `location_code`, `location_name`, `status`, `product_id`, `create_time`, `update_time`) VALUES ('1898789476076589057', '1898648671391301633', '1898713048458977282', '001', 'C-01-001', 1, NULL, '2025-03-10 01:34:24', '2025-03-10 01:34:24');
INSERT INTO `wms_storage_location` (`id`, `area_id`, `shelf_id`, `location_code`, `location_name`, `status`, `product_id`, `create_time`, `update_time`) VALUES ('1898789476076589058', '1898648671391301633', '1898713048458977282', '002', 'C-01-002', 1, NULL, '2025-03-10 01:34:24', '2025-03-10 01:34:24');
INSERT INTO `wms_storage_location` (`id`, `area_id`, `shelf_id`, `location_code`, `location_name`, `status`, `product_id`, `create_time`, `update_time`) VALUES ('1898789476076589059', '1898648671391301633', '1898713048458977282', '003', 'C-01-003', 1, NULL, '2025-03-10 01:34:24', '2025-03-10 01:34:24');
INSERT INTO `wms_storage_location` (`id`, `area_id`, `shelf_id`, `location_code`, `location_name`, `status`, `product_id`, `create_time`, `update_time`) VALUES ('1898789476076589060', '1898648671391301633', '1898713048458977282', '004', 'C-01-004', 1, NULL, '2025-03-10 01:34:24', '2025-03-10 01:34:24');
INSERT INTO `wms_storage_location` (`id`, `area_id`, `shelf_id`, `location_code`, `location_name`, `status`, `product_id`, `create_time`, `update_time`) VALUES ('1898789476080783362', '1898648671391301633', '1898714518344425474', '001', 'C-02-001', 1, NULL, '2025-03-10 01:34:24', '2025-03-10 01:34:24');
INSERT INTO `wms_storage_location` (`id`, `area_id`, `shelf_id`, `location_code`, `location_name`, `status`, `product_id`, `create_time`, `update_time`) VALUES ('1898789476080783363', '1898648671391301633', '1898714518344425474', '002', 'C-02-002', 1, NULL, '2025-03-10 01:34:24', '2025-03-10 01:34:24');
INSERT INTO `wms_storage_location` (`id`, `area_id`, `shelf_id`, `location_code`, `location_name`, `status`, `product_id`, `create_time`, `update_time`) VALUES ('1898789476080783364', '1898648671391301633', '1898714518344425474', '003', 'C-02-003', 1, NULL, '2025-03-10 01:34:24', '2025-03-10 01:34:24');
INSERT INTO `wms_storage_location` (`id`, `area_id`, `shelf_id`, `location_code`, `location_name`, `status`, `product_id`, `create_time`, `update_time`) VALUES ('1898789476080783365', '1898648671391301633', '1898714518344425474', '004', 'C-02-004', 1, NULL, '2025-03-10 01:34:24', '2025-03-10 01:34:24');
INSERT INTO `wms_storage_location` (`id`, `area_id`, `shelf_id`, `location_code`, `location_name`, `status`, `product_id`, `create_time`, `update_time`) VALUES ('1898789476080783366', '1898648671391301633', '1898714518344425475', '001', 'C-03-001', 1, NULL, '2025-03-10 01:34:24', '2025-03-10 01:34:24');
INSERT INTO `wms_storage_location` (`id`, `area_id`, `shelf_id`, `location_code`, `location_name`, `status`, `product_id`, `create_time`, `update_time`) VALUES ('1898789476080783367', '1898648671391301633', '1898714518344425475', '002', 'C-03-002', 1, NULL, '2025-03-10 01:34:24', '2025-03-10 01:34:24');
INSERT INTO `wms_storage_location` (`id`, `area_id`, `shelf_id`, `location_code`, `location_name`, `status`, `product_id`, `create_time`, `update_time`) VALUES ('1898789476080783368', '1898648671391301633', '1898714518344425475', '003', 'C-03-003', 1, NULL, '2025-03-10 01:34:24', '2025-03-10 01:34:24');
INSERT INTO `wms_storage_location` (`id`, `area_id`, `shelf_id`, `location_code`, `location_name`, `status`, `product_id`, `create_time`, `update_time`) VALUES ('1898789476080783369', '1898648671391301633', '1898714518344425475', '004', 'C-03-004', 1, NULL, '2025-03-10 01:34:24', '2025-03-10 01:34:24');
INSERT INTO `wms_storage_location` (`id`, `area_id`, `shelf_id`, `location_code`, `location_name`, `status`, `product_id`, `create_time`, `update_time`) VALUES ('1898789476080783370', '1898648671391301633', '1898714518344425476', '001', 'C-04-001', 1, NULL, '2025-03-10 01:34:24', '2025-03-10 01:34:24');
INSERT INTO `wms_storage_location` (`id`, `area_id`, `shelf_id`, `location_code`, `location_name`, `status`, `product_id`, `create_time`, `update_time`) VALUES ('1898789476080783371', '1898648671391301633', '1898714518344425476', '002', 'C-04-002', 1, NULL, '2025-03-10 01:34:24', '2025-03-10 01:34:24');
INSERT INTO `wms_storage_location` (`id`, `area_id`, `shelf_id`, `location_code`, `location_name`, `status`, `product_id`, `create_time`, `update_time`) VALUES ('1898789476084977666', '1898648671391301633', '1898714518344425476', '003', 'C-04-003', 1, NULL, '2025-03-10 01:34:24', '2025-03-10 01:34:24');
INSERT INTO `wms_storage_location` (`id`, `area_id`, `shelf_id`, `location_code`, `location_name`, `status`, `product_id`, `create_time`, `update_time`) VALUES ('1898789476084977667', '1898648671391301633', '1898714518344425476', '004', 'C-04-004', 1, NULL, '2025-03-10 01:34:24', '2025-03-10 01:34:24');
INSERT INTO `wms_storage_location` (`id`, `area_id`, `shelf_id`, `location_code`, `location_name`, `status`, `product_id`, `create_time`, `update_time`) VALUES ('1898789476084977668', '1898648671391301633', '1898714518348619777', '001', 'C-05-001', 1, NULL, '2025-03-10 01:34:24', '2025-03-10 01:34:24');
INSERT INTO `wms_storage_location` (`id`, `area_id`, `shelf_id`, `location_code`, `location_name`, `status`, `product_id`, `create_time`, `update_time`) VALUES ('1898789476084977669', '1898648671391301633', '1898714518348619777', '002', 'C-05-002', 1, NULL, '2025-03-10 01:34:24', '2025-03-10 01:34:24');
INSERT INTO `wms_storage_location` (`id`, `area_id`, `shelf_id`, `location_code`, `location_name`, `status`, `product_id`, `create_time`, `update_time`) VALUES ('1898789476084977670', '1898648671391301633', '1898714518348619777', '003', 'C-05-003', 1, NULL, '2025-03-10 01:34:24', '2025-03-10 01:34:24');
INSERT INTO `wms_storage_location` (`id`, `area_id`, `shelf_id`, `location_code`, `location_name`, `status`, `product_id`, `create_time`, `update_time`) VALUES ('1898789476084977671', '1898648671391301633', '1898714518348619777', '004', 'C-05-004', 1, NULL, '2025-03-10 01:34:24', '2025-03-10 01:34:24');
INSERT INTO `wms_storage_location` (`id`, `area_id`, `shelf_id`, `location_code`, `location_name`, `status`, `product_id`, `create_time`, `update_time`) VALUES ('1898789476084977672', '1898648671391301633', '1898714518348619778', '001', 'C-06-001', 1, NULL, '2025-03-10 01:34:24', '2025-03-10 01:34:24');
INSERT INTO `wms_storage_location` (`id`, `area_id`, `shelf_id`, `location_code`, `location_name`, `status`, `product_id`, `create_time`, `update_time`) VALUES ('1898789476084977673', '1898648671391301633', '1898714518348619778', '002', 'C-06-002', 1, NULL, '2025-03-10 01:34:24', '2025-03-10 01:34:24');
INSERT INTO `wms_storage_location` (`id`, `area_id`, `shelf_id`, `location_code`, `location_name`, `status`, `product_id`, `create_time`, `update_time`) VALUES ('1898789476084977674', '1898648671391301633', '1898714518348619778', '003', 'C-06-003', 1, NULL, '2025-03-10 01:34:24', '2025-03-10 01:34:24');
INSERT INTO `wms_storage_location` (`id`, `area_id`, `shelf_id`, `location_code`, `location_name`, `status`, `product_id`, `create_time`, `update_time`) VALUES ('1898789476084977675', '1898648671391301633', '1898714518348619778', '004', 'C-06-004', 1, NULL, '2025-03-10 01:34:24', '2025-03-10 01:34:24');
INSERT INTO `wms_storage_location` (`id`, `area_id`, `shelf_id`, `location_code`, `location_name`, `status`, `product_id`, `create_time`, `update_time`) VALUES ('1898789890532544514', '1898648889922928641', '1898714876806422530', '001', 'D-01-001', 1, NULL, '2025-03-10 01:36:02', '2025-03-10 01:36:02');
INSERT INTO `wms_storage_location` (`id`, `area_id`, `shelf_id`, `location_code`, `location_name`, `status`, `product_id`, `create_time`, `update_time`) VALUES ('1898789890536738817', '1898648889922928641', '1898714876806422530', '002', 'D-01-002', 1, NULL, '2025-03-10 01:36:02', '2025-03-10 01:36:02');
INSERT INTO `wms_storage_location` (`id`, `area_id`, `shelf_id`, `location_code`, `location_name`, `status`, `product_id`, `create_time`, `update_time`) VALUES ('1898789890536738818', '1898648889922928641', '1898714876806422530', '003', 'D-01-003', 1, NULL, '2025-03-10 01:36:02', '2025-03-10 01:36:02');
INSERT INTO `wms_storage_location` (`id`, `area_id`, `shelf_id`, `location_code`, `location_name`, `status`, `product_id`, `create_time`, `update_time`) VALUES ('1898789890536738819', '1898648889922928641', '1898714876806422530', '004', 'D-01-004', 1, NULL, '2025-03-10 01:36:02', '2025-03-10 01:36:02');
INSERT INTO `wms_storage_location` (`id`, `area_id`, `shelf_id`, `location_code`, `location_name`, `status`, `product_id`, `create_time`, `update_time`) VALUES ('1898789890536738820', '1898648889922928641', '1898714876806422531', '001', 'D-02-001', 1, NULL, '2025-03-10 01:36:02', '2025-03-10 01:36:02');
INSERT INTO `wms_storage_location` (`id`, `area_id`, `shelf_id`, `location_code`, `location_name`, `status`, `product_id`, `create_time`, `update_time`) VALUES ('1898789890536738821', '1898648889922928641', '1898714876806422531', '003', 'D-02-003', 1, NULL, '2025-03-10 01:36:02', '2025-03-10 01:36:02');
INSERT INTO `wms_storage_location` (`id`, `area_id`, `shelf_id`, `location_code`, `location_name`, `status`, `product_id`, `create_time`, `update_time`) VALUES ('1898789890536738822', '1898648889922928641', '1898714876806422531', '002', 'D-02-002', 1, NULL, '2025-03-10 01:36:02', '2025-03-10 01:36:02');
INSERT INTO `wms_storage_location` (`id`, `area_id`, `shelf_id`, `location_code`, `location_name`, `status`, `product_id`, `create_time`, `update_time`) VALUES ('1898789890536738823', '1898648889922928641', '1898714876806422531', '004', 'D-02-004', 1, NULL, '2025-03-10 01:36:02', '2025-03-10 01:36:02');
INSERT INTO `wms_storage_location` (`id`, `area_id`, `shelf_id`, `location_code`, `location_name`, `status`, `product_id`, `create_time`, `update_time`) VALUES ('1898789890536738824', '1898648889922928641', '1898714876810616833', '001', 'D-03-001', 1, NULL, '2025-03-10 01:36:02', '2025-03-10 01:36:02');
INSERT INTO `wms_storage_location` (`id`, `area_id`, `shelf_id`, `location_code`, `location_name`, `status`, `product_id`, `create_time`, `update_time`) VALUES ('1898789890536738825', '1898648889922928641', '1898714876810616833', '004', 'D-03-004', 1, NULL, '2025-03-10 01:36:02', '2025-03-10 01:36:02');
INSERT INTO `wms_storage_location` (`id`, `area_id`, `shelf_id`, `location_code`, `location_name`, `status`, `product_id`, `create_time`, `update_time`) VALUES ('1898789890536738826', '1898648889922928641', '1898714876810616833', '002', 'D-03-002', 1, NULL, '2025-03-10 01:36:02', '2025-03-10 01:36:02');
INSERT INTO `wms_storage_location` (`id`, `area_id`, `shelf_id`, `location_code`, `location_name`, `status`, `product_id`, `create_time`, `update_time`) VALUES ('1898789890536738827', '1898648889922928641', '1898714876810616833', '003', 'D-03-003', 1, NULL, '2025-03-10 01:36:02', '2025-03-10 01:36:02');
INSERT INTO `wms_storage_location` (`id`, `area_id`, `shelf_id`, `location_code`, `location_name`, `status`, `product_id`, `create_time`, `update_time`) VALUES ('1898789890536738828', '1898648889922928641', '1898714876810616834', '001', 'D-04-001', 1, NULL, '2025-03-10 01:36:02', '2025-03-10 01:36:02');
INSERT INTO `wms_storage_location` (`id`, `area_id`, `shelf_id`, `location_code`, `location_name`, `status`, `product_id`, `create_time`, `update_time`) VALUES ('1898789890536738829', '1898648889922928641', '1898714876810616834', '004', 'D-04-004', 1, NULL, '2025-03-10 01:36:02', '2025-03-10 01:36:02');
INSERT INTO `wms_storage_location` (`id`, `area_id`, `shelf_id`, `location_code`, `location_name`, `status`, `product_id`, `create_time`, `update_time`) VALUES ('1898789890536738830', '1898648889922928641', '1898714876810616834', '002', 'D-04-002', 1, NULL, '2025-03-10 01:36:02', '2025-03-10 01:36:02');
INSERT INTO `wms_storage_location` (`id`, `area_id`, `shelf_id`, `location_code`, `location_name`, `status`, `product_id`, `create_time`, `update_time`) VALUES ('1898789890536738831', '1898648889922928641', '1898714876810616834', '003', 'D-04-003', 1, NULL, '2025-03-10 01:36:02', '2025-03-10 01:36:02');
INSERT INTO `wms_storage_location` (`id`, `area_id`, `shelf_id`, `location_code`, `location_name`, `status`, `product_id`, `create_time`, `update_time`) VALUES ('1898789890536738832', '1898648889922928641', '1898714876814811137', '001', 'D-05-001', 1, NULL, '2025-03-10 01:36:02', '2025-03-10 01:36:02');
INSERT INTO `wms_storage_location` (`id`, `area_id`, `shelf_id`, `location_code`, `location_name`, `status`, `product_id`, `create_time`, `update_time`) VALUES ('1898789890536738833', '1898648889922928641', '1898714876814811137', '002', 'D-05-002', 1, NULL, '2025-03-10 01:36:02', '2025-03-10 01:36:02');
INSERT INTO `wms_storage_location` (`id`, `area_id`, `shelf_id`, `location_code`, `location_name`, `status`, `product_id`, `create_time`, `update_time`) VALUES ('1898789890536738834', '1898648889922928641', '1898714876814811137', '004', 'D-05-004', 1, NULL, '2025-03-10 01:36:02', '2025-03-10 01:36:02');
INSERT INTO `wms_storage_location` (`id`, `area_id`, `shelf_id`, `location_code`, `location_name`, `status`, `product_id`, `create_time`, `update_time`) VALUES ('1898789890540933121', '1898648889922928641', '1898714876814811137', '003', 'D-05-003', 1, NULL, '2025-03-10 01:36:02', '2025-03-10 01:36:02');
INSERT INTO `wms_storage_location` (`id`, `area_id`, `shelf_id`, `location_code`, `location_name`, `status`, `product_id`, `create_time`, `update_time`) VALUES ('1898789890540933122', '1898648889922928641', '1898714876814811138', '001', 'D-06-001', 1, NULL, '2025-03-10 01:36:02', '2025-03-10 01:36:02');
INSERT INTO `wms_storage_location` (`id`, `area_id`, `shelf_id`, `location_code`, `location_name`, `status`, `product_id`, `create_time`, `update_time`) VALUES ('1898789890540933123', '1898648889922928641', '1898714876814811138', '002', 'D-06-002', 1, NULL, '2025-03-10 01:36:02', '2025-03-10 01:36:02');
INSERT INTO `wms_storage_location` (`id`, `area_id`, `shelf_id`, `location_code`, `location_name`, `status`, `product_id`, `create_time`, `update_time`) VALUES ('1898789890540933124', '1898648889922928641', '1898714876814811138', '003', 'D-06-003', 1, NULL, '2025-03-10 01:36:02', '2025-03-10 01:36:02');
INSERT INTO `wms_storage_location` (`id`, `area_id`, `shelf_id`, `location_code`, `location_name`, `status`, `product_id`, `create_time`, `update_time`) VALUES ('1898789890540933125', '1898648889922928641', '1898714876814811138', '004', 'D-06-004', 1, NULL, '2025-03-10 01:36:02', '2025-03-10 01:36:02');
INSERT INTO `wms_storage_location` (`id`, `area_id`, `shelf_id`, `location_code`, `location_name`, `status`, `product_id`, `create_time`, `update_time`) VALUES ('1898790359237627906', '1898649182169448450', '1898714876814811139', '004', 'E-01-004', 1, NULL, '2025-03-10 01:37:54', '2025-03-10 01:37:54');
INSERT INTO `wms_storage_location` (`id`, `area_id`, `shelf_id`, `location_code`, `location_name`, `status`, `product_id`, `create_time`, `update_time`) VALUES ('1898790359241822210', '1898649182169448450', '1898714876814811139', '003', 'E-01-003', 1, NULL, '2025-03-10 01:37:54', '2025-03-10 01:37:54');
INSERT INTO `wms_storage_location` (`id`, `area_id`, `shelf_id`, `location_code`, `location_name`, `status`, `product_id`, `create_time`, `update_time`) VALUES ('1898790359241822211', '1898649182169448450', '1898714876814811139', '002', 'E-01-002', 1, NULL, '2025-03-10 01:37:54', '2025-03-10 01:37:54');
INSERT INTO `wms_storage_location` (`id`, `area_id`, `shelf_id`, `location_code`, `location_name`, `status`, `product_id`, `create_time`, `update_time`) VALUES ('1898790359241822212', '1898649182169448450', '1898714876814811139', '001', 'E-01-001', 1, NULL, '2025-03-10 01:37:54', '2025-03-10 01:37:54');
INSERT INTO `wms_storage_location` (`id`, `area_id`, `shelf_id`, `location_code`, `location_name`, `status`, `product_id`, `create_time`, `update_time`) VALUES ('1898790359241822213', '1898649182169448450', '1898714876814811140', '004', 'E-02-004', 1, NULL, '2025-03-10 01:37:54', '2025-03-10 01:37:54');
INSERT INTO `wms_storage_location` (`id`, `area_id`, `shelf_id`, `location_code`, `location_name`, `status`, `product_id`, `create_time`, `update_time`) VALUES ('1898790359241822214', '1898649182169448450', '1898714876814811140', '003', 'E-02-003', 1, NULL, '2025-03-10 01:37:54', '2025-03-10 01:37:54');
INSERT INTO `wms_storage_location` (`id`, `area_id`, `shelf_id`, `location_code`, `location_name`, `status`, `product_id`, `create_time`, `update_time`) VALUES ('1898790359241822215', '1898649182169448450', '1898714876814811140', '002', 'E-02-002', 1, NULL, '2025-03-10 01:37:54', '2025-03-10 01:37:54');
INSERT INTO `wms_storage_location` (`id`, `area_id`, `shelf_id`, `location_code`, `location_name`, `status`, `product_id`, `create_time`, `update_time`) VALUES ('1898790359241822216', '1898649182169448450', '1898714876814811140', '001', 'E-02-001', 1, NULL, '2025-03-10 01:37:54', '2025-03-10 01:37:54');
INSERT INTO `wms_storage_location` (`id`, `area_id`, `shelf_id`, `location_code`, `location_name`, `status`, `product_id`, `create_time`, `update_time`) VALUES ('1898790359246016514', '1898649182169448450', '1898714876814811141', '004', 'E-03-004', 1, NULL, '2025-03-10 01:37:54', '2025-03-10 01:37:54');
INSERT INTO `wms_storage_location` (`id`, `area_id`, `shelf_id`, `location_code`, `location_name`, `status`, `product_id`, `create_time`, `update_time`) VALUES ('1898790359246016515', '1898649182169448450', '1898714876814811141', '003', 'E-03-003', 1, NULL, '2025-03-10 01:37:54', '2025-03-10 01:37:54');
INSERT INTO `wms_storage_location` (`id`, `area_id`, `shelf_id`, `location_code`, `location_name`, `status`, `product_id`, `create_time`, `update_time`) VALUES ('1898790359246016516', '1898649182169448450', '1898714876814811141', '002', 'E-03-002', 1, NULL, '2025-03-10 01:37:54', '2025-03-10 01:37:54');
INSERT INTO `wms_storage_location` (`id`, `area_id`, `shelf_id`, `location_code`, `location_name`, `status`, `product_id`, `create_time`, `update_time`) VALUES ('1898790359246016517', '1898649182169448450', '1898714876814811141', '001', 'E-03-001', 1, NULL, '2025-03-10 01:37:54', '2025-03-10 01:37:54');
INSERT INTO `wms_storage_location` (`id`, `area_id`, `shelf_id`, `location_code`, `location_name`, `status`, `product_id`, `create_time`, `update_time`) VALUES ('1898790359250210817', '1898649182169448450', '1898714876814811142', '004', 'E-04-004', 1, NULL, '2025-03-10 01:37:54', '2025-03-10 01:37:54');
INSERT INTO `wms_storage_location` (`id`, `area_id`, `shelf_id`, `location_code`, `location_name`, `status`, `product_id`, `create_time`, `update_time`) VALUES ('1898790359250210818', '1898649182169448450', '1898714876814811142', '003', 'E-04-003', 1, NULL, '2025-03-10 01:37:54', '2025-03-10 01:37:54');
INSERT INTO `wms_storage_location` (`id`, `area_id`, `shelf_id`, `location_code`, `location_name`, `status`, `product_id`, `create_time`, `update_time`) VALUES ('1898790359250210819', '1898649182169448450', '1898714876814811142', '002', 'E-04-002', 1, NULL, '2025-03-10 01:37:54', '2025-03-10 01:37:54');
INSERT INTO `wms_storage_location` (`id`, `area_id`, `shelf_id`, `location_code`, `location_name`, `status`, `product_id`, `create_time`, `update_time`) VALUES ('1898790359250210820', '1898649182169448450', '1898714876814811142', '001', 'E-04-001', 1, NULL, '2025-03-10 01:37:54', '2025-03-10 01:37:54');
INSERT INTO `wms_storage_location` (`id`, `area_id`, `shelf_id`, `location_code`, `location_name`, `status`, `product_id`, `create_time`, `update_time`) VALUES ('1898790359250210821', '1898649182169448450', '1898714876819005442', '004', 'E-05-004', 1, NULL, '2025-03-10 01:37:54', '2025-03-10 01:37:54');
INSERT INTO `wms_storage_location` (`id`, `area_id`, `shelf_id`, `location_code`, `location_name`, `status`, `product_id`, `create_time`, `update_time`) VALUES ('1898790359254405122', '1898649182169448450', '1898714876819005442', '003', 'E-05-003', 1, NULL, '2025-03-10 01:37:54', '2025-03-10 01:37:54');
INSERT INTO `wms_storage_location` (`id`, `area_id`, `shelf_id`, `location_code`, `location_name`, `status`, `product_id`, `create_time`, `update_time`) VALUES ('1898790359254405123', '1898649182169448450', '1898714876819005442', '002', 'E-05-002', 1, NULL, '2025-03-10 01:37:54', '2025-03-10 01:37:54');
INSERT INTO `wms_storage_location` (`id`, `area_id`, `shelf_id`, `location_code`, `location_name`, `status`, `product_id`, `create_time`, `update_time`) VALUES ('1898790359254405124', '1898649182169448450', '1898714876819005442', '001', 'E-05-001', 1, NULL, '2025-03-10 01:37:54', '2025-03-10 01:37:54');
INSERT INTO `wms_storage_location` (`id`, `area_id`, `shelf_id`, `location_code`, `location_name`, `status`, `product_id`, `create_time`, `update_time`) VALUES ('1898790359254405125', '1898649182169448450', '1898714876819005443', '004', 'E-06-004', 1, NULL, '2025-03-10 01:37:54', '2025-03-10 01:37:54');
INSERT INTO `wms_storage_location` (`id`, `area_id`, `shelf_id`, `location_code`, `location_name`, `status`, `product_id`, `create_time`, `update_time`) VALUES ('1898790359258599425', '1898649182169448450', '1898714876819005443', '003', 'E-06-003', 1, NULL, '2025-03-10 01:37:54', '2025-03-10 01:37:54');
INSERT INTO `wms_storage_location` (`id`, `area_id`, `shelf_id`, `location_code`, `location_name`, `status`, `product_id`, `create_time`, `update_time`) VALUES ('1898790359258599426', '1898649182169448450', '1898714876819005443', '002', 'E-06-002', 1, NULL, '2025-03-10 01:37:54', '2025-03-10 01:37:54');
INSERT INTO `wms_storage_location` (`id`, `area_id`, `shelf_id`, `location_code`, `location_name`, `status`, `product_id`, `create_time`, `update_time`) VALUES ('1898790359258599427', '1898649182169448450', '1898714876819005443', '001', 'E-06-001', 1, NULL, '2025-03-10 01:37:54', '2025-03-10 01:37:54');
INSERT INTO `wms_storage_location` (`id`, `area_id`, `shelf_id`, `location_code`, `location_name`, `status`, `product_id`, `create_time`, `update_time`) VALUES ('1898791027662884865', '1898649633312980994', '1898715064572829697', '001', 'F-01-001', 1, NULL, '2025-03-10 01:40:33', '2025-03-10 01:40:33');
INSERT INTO `wms_storage_location` (`id`, `area_id`, `shelf_id`, `location_code`, `location_name`, `status`, `product_id`, `create_time`, `update_time`) VALUES ('1898791027662884866', '1898649633312980994', '1898715064572829697', '002', 'F-01-002', 1, NULL, '2025-03-10 01:40:33', '2025-03-10 01:40:33');
INSERT INTO `wms_storage_location` (`id`, `area_id`, `shelf_id`, `location_code`, `location_name`, `status`, `product_id`, `create_time`, `update_time`) VALUES ('1898791027662884867', '1898649633312980994', '1898715064572829697', '003', 'F-01-003', 1, NULL, '2025-03-10 01:40:33', '2025-03-10 01:40:33');
INSERT INTO `wms_storage_location` (`id`, `area_id`, `shelf_id`, `location_code`, `location_name`, `status`, `product_id`, `create_time`, `update_time`) VALUES ('1898791027667079170', '1898649633312980994', '1898715064572829697', '004', 'F-01-004', 1, NULL, '2025-03-10 01:40:33', '2025-03-10 01:40:33');
INSERT INTO `wms_storage_location` (`id`, `area_id`, `shelf_id`, `location_code`, `location_name`, `status`, `product_id`, `create_time`, `update_time`) VALUES ('1898791027667079171', '1898649633312980994', '1898715064572829698', '001', 'F-02-001', 1, NULL, '2025-03-10 01:40:33', '2025-03-10 01:40:33');
INSERT INTO `wms_storage_location` (`id`, `area_id`, `shelf_id`, `location_code`, `location_name`, `status`, `product_id`, `create_time`, `update_time`) VALUES ('1898791027667079172', '1898649633312980994', '1898715064572829698', '002', 'F-02-002', 1, NULL, '2025-03-10 01:40:33', '2025-03-10 01:40:33');
INSERT INTO `wms_storage_location` (`id`, `area_id`, `shelf_id`, `location_code`, `location_name`, `status`, `product_id`, `create_time`, `update_time`) VALUES ('1898791027667079173', '1898649633312980994', '1898715064572829698', '003', 'F-02-003', 1, NULL, '2025-03-10 01:40:33', '2025-03-10 01:40:33');
INSERT INTO `wms_storage_location` (`id`, `area_id`, `shelf_id`, `location_code`, `location_name`, `status`, `product_id`, `create_time`, `update_time`) VALUES ('1898791027667079174', '1898649633312980994', '1898715064572829698', '004', 'F-02-004', 1, NULL, '2025-03-10 01:40:33', '2025-03-10 01:40:33');
INSERT INTO `wms_storage_location` (`id`, `area_id`, `shelf_id`, `location_code`, `location_name`, `status`, `product_id`, `create_time`, `update_time`) VALUES ('1898791027667079175', '1898649633312980994', '1898715064572829699', '001', 'F-03-001', 1, NULL, '2025-03-10 01:40:33', '2025-03-10 01:40:33');
INSERT INTO `wms_storage_location` (`id`, `area_id`, `shelf_id`, `location_code`, `location_name`, `status`, `product_id`, `create_time`, `update_time`) VALUES ('1898791027667079176', '1898649633312980994', '1898715064572829699', '002', 'F-03-002', 1, NULL, '2025-03-10 01:40:33', '2025-03-10 01:40:33');
INSERT INTO `wms_storage_location` (`id`, `area_id`, `shelf_id`, `location_code`, `location_name`, `status`, `product_id`, `create_time`, `update_time`) VALUES ('1898791027671273473', '1898649633312980994', '1898715064572829699', '003', 'F-03-003', 1, NULL, '2025-03-10 01:40:33', '2025-03-10 01:40:33');
INSERT INTO `wms_storage_location` (`id`, `area_id`, `shelf_id`, `location_code`, `location_name`, `status`, `product_id`, `create_time`, `update_time`) VALUES ('1898791027671273474', '1898649633312980994', '1898715064572829699', '004', 'F-03-004', 1, NULL, '2025-03-10 01:40:33', '2025-03-10 01:40:33');
INSERT INTO `wms_storage_location` (`id`, `area_id`, `shelf_id`, `location_code`, `location_name`, `status`, `product_id`, `create_time`, `update_time`) VALUES ('1898791027671273475', '1898649633312980994', '1898715064577024001', '001', 'F-04-001', 1, NULL, '2025-03-10 01:40:33', '2025-03-10 01:40:33');
INSERT INTO `wms_storage_location` (`id`, `area_id`, `shelf_id`, `location_code`, `location_name`, `status`, `product_id`, `create_time`, `update_time`) VALUES ('1898791027671273476', '1898649633312980994', '1898715064577024001', '002', 'F-04-002', 1, NULL, '2025-03-10 01:40:33', '2025-03-10 01:40:33');
INSERT INTO `wms_storage_location` (`id`, `area_id`, `shelf_id`, `location_code`, `location_name`, `status`, `product_id`, `create_time`, `update_time`) VALUES ('1898791027671273477', '1898649633312980994', '1898715064577024001', '003', 'F-04-003', 1, NULL, '2025-03-10 01:40:33', '2025-03-10 01:40:33');
INSERT INTO `wms_storage_location` (`id`, `area_id`, `shelf_id`, `location_code`, `location_name`, `status`, `product_id`, `create_time`, `update_time`) VALUES ('1898791027671273478', '1898649633312980994', '1898715064577024001', '004', 'F-04-004', 1, NULL, '2025-03-10 01:40:33', '2025-03-10 01:40:33');
INSERT INTO `wms_storage_location` (`id`, `area_id`, `shelf_id`, `location_code`, `location_name`, `status`, `product_id`, `create_time`, `update_time`) VALUES ('1898791027671273479', '1898649633312980994', '1898715064577024002', '001', 'F-05-001', 1, NULL, '2025-03-10 01:40:33', '2025-03-10 01:40:33');
INSERT INTO `wms_storage_location` (`id`, `area_id`, `shelf_id`, `location_code`, `location_name`, `status`, `product_id`, `create_time`, `update_time`) VALUES ('1898791027675467777', '1898649633312980994', '1898715064577024002', '002', 'F-05-002', 1, NULL, '2025-03-10 01:40:33', '2025-03-10 01:40:33');
INSERT INTO `wms_storage_location` (`id`, `area_id`, `shelf_id`, `location_code`, `location_name`, `status`, `product_id`, `create_time`, `update_time`) VALUES ('1898791027675467778', '1898649633312980994', '1898715064577024002', '003', 'F-05-003', 1, NULL, '2025-03-10 01:40:33', '2025-03-10 01:40:33');
INSERT INTO `wms_storage_location` (`id`, `area_id`, `shelf_id`, `location_code`, `location_name`, `status`, `product_id`, `create_time`, `update_time`) VALUES ('1898791027675467779', '1898649633312980994', '1898715064577024002', '004', 'F-05-004', 1, NULL, '2025-03-10 01:40:33', '2025-03-10 01:40:33');
INSERT INTO `wms_storage_location` (`id`, `area_id`, `shelf_id`, `location_code`, `location_name`, `status`, `product_id`, `create_time`, `update_time`) VALUES ('1898791027675467780', '1898649633312980994', '1898715064577024003', '001', 'F-06-001', 1, NULL, '2025-03-10 01:40:33', '2025-03-10 01:40:33');
INSERT INTO `wms_storage_location` (`id`, `area_id`, `shelf_id`, `location_code`, `location_name`, `status`, `product_id`, `create_time`, `update_time`) VALUES ('1898791027675467781', '1898649633312980994', '1898715064577024003', '002', 'F-06-002', 1, NULL, '2025-03-10 01:40:33', '2025-03-10 01:40:33');
INSERT INTO `wms_storage_location` (`id`, `area_id`, `shelf_id`, `location_code`, `location_name`, `status`, `product_id`, `create_time`, `update_time`) VALUES ('1898791027675467782', '1898649633312980994', '1898715064577024003', '003', 'F-06-003', 1, NULL, '2025-03-10 01:40:33', '2025-03-10 01:40:33');
INSERT INTO `wms_storage_location` (`id`, `area_id`, `shelf_id`, `location_code`, `location_name`, `status`, `product_id`, `create_time`, `update_time`) VALUES ('1898791027675467783', '1898649633312980994', '1898715064577024003', '004', 'F-06-004', 1, NULL, '2025-03-10 01:40:33', '2025-03-10 01:40:33');
INSERT INTO `wms_storage_location` (`id`, `area_id`, `shelf_id`, `location_code`, `location_name`, `status`, `product_id`, `create_time`, `update_time`) VALUES ('1899421665568157698', '1898645979654766593', '1898700659026018306', '005', 'A-01-005', 0, '1897311533005512706', '2025-03-11 00:00:00', '2025-03-29 00:00:00');
INSERT INTO `wms_storage_location` (`id`, `area_id`, `shelf_id`, `location_code`, `location_name`, `status`, `product_id`, `create_time`, `update_time`) VALUES ('1899421665568157699', '1898645979654766593', '1898700659026018306', '006', 'A-01-006', 0, '1897314226491072514', '2025-03-11 00:00:00', '2025-03-19 00:00:00');
INSERT INTO `wms_storage_location` (`id`, `area_id`, `shelf_id`, `location_code`, `location_name`, `status`, `product_id`, `create_time`, `update_time`) VALUES ('1899421665568157700', '1898645979654766593', '1898700659026018306', '007', 'A-01-007', 0, '1897311533005512706', '2025-03-11 00:00:00', '2025-03-19 00:00:00');
INSERT INTO `wms_storage_location` (`id`, `area_id`, `shelf_id`, `location_code`, `location_name`, `status`, `product_id`, `create_time`, `update_time`) VALUES ('1899421665568157701', '1898645979654766593', '1898700659026018306', '008', 'A-01-008', 0, '1897311533005512706', '2025-03-11 00:00:00', '2025-03-11 00:00:00');
INSERT INTO `wms_storage_location` (`id`, `area_id`, `shelf_id`, `location_code`, `location_name`, `status`, `product_id`, `create_time`, `update_time`) VALUES ('1899421665568157702', '1898645979654766593', '1898707410911625217', '005', 'A-02-005', 0, '1897314226491072514', '2025-03-11 00:00:00', '2025-03-11 00:00:00');
INSERT INTO `wms_storage_location` (`id`, `area_id`, `shelf_id`, `location_code`, `location_name`, `status`, `product_id`, `create_time`, `update_time`) VALUES ('1899421665568157703', '1898645979654766593', '1898707410911625217', '006', 'A-02-006', 0, '1897311533005512706', '2025-03-11 00:00:00', '2025-03-11 00:00:00');
INSERT INTO `wms_storage_location` (`id`, `area_id`, `shelf_id`, `location_code`, `location_name`, `status`, `product_id`, `create_time`, `update_time`) VALUES ('1899421665572352002', '1898645979654766593', '1898707410911625217', '007', 'A-02-007', 0, '1901154713333276673', '2025-03-11 00:00:00', '2025-03-11 00:00:00');
INSERT INTO `wms_storage_location` (`id`, `area_id`, `shelf_id`, `location_code`, `location_name`, `status`, `product_id`, `create_time`, `update_time`) VALUES ('1899421665572352003', '1898645979654766593', '1898707410911625217', '008', 'A-02-008', 1, NULL, '2025-03-11 00:00:00', '2025-03-19 00:00:00');
INSERT INTO `wms_storage_location` (`id`, `area_id`, `shelf_id`, `location_code`, `location_name`, `status`, `product_id`, `create_time`, `update_time`) VALUES ('1899421665572352004', '1898645979654766593', '1898711159952617473', '005', 'A-03-005', 1, NULL, '2025-03-11 00:00:00', '2025-03-11 00:00:00');
INSERT INTO `wms_storage_location` (`id`, `area_id`, `shelf_id`, `location_code`, `location_name`, `status`, `product_id`, `create_time`, `update_time`) VALUES ('1899421665572352005', '1898645979654766593', '1898711159952617473', '006', 'A-03-006', 1, NULL, '2025-03-11 00:00:00', '2025-03-11 00:00:00');
INSERT INTO `wms_storage_location` (`id`, `area_id`, `shelf_id`, `location_code`, `location_name`, `status`, `product_id`, `create_time`, `update_time`) VALUES ('1899421665572352006', '1898645979654766593', '1898711159952617473', '007', 'A-03-007', 0, '1903068405488087041', '2025-03-11 00:00:00', '2025-03-11 00:00:00');
INSERT INTO `wms_storage_location` (`id`, `area_id`, `shelf_id`, `location_code`, `location_name`, `status`, `product_id`, `create_time`, `update_time`) VALUES ('1899421665572352007', '1898645979654766593', '1898711159952617473', '008', 'A-03-008', 1, NULL, '2025-03-11 00:00:00', '2025-03-11 00:00:00');
INSERT INTO `wms_storage_location` (`id`, `area_id`, `shelf_id`, `location_code`, `location_name`, `status`, `product_id`, `create_time`, `update_time`) VALUES ('1899421665572352008', '1898645979654766593', '1898711268564119554', '005', 'A-04-005', 1, NULL, '2025-03-11 00:00:00', '2025-03-11 00:00:00');
INSERT INTO `wms_storage_location` (`id`, `area_id`, `shelf_id`, `location_code`, `location_name`, `status`, `product_id`, `create_time`, `update_time`) VALUES ('1899421665572352009', '1898645979654766593', '1898711268564119554', '006', 'A-04-006', 1, NULL, '2025-03-11 00:00:00', '2025-03-11 00:00:00');
INSERT INTO `wms_storage_location` (`id`, `area_id`, `shelf_id`, `location_code`, `location_name`, `status`, `product_id`, `create_time`, `update_time`) VALUES ('1899421665572352010', '1898645979654766593', '1898711268564119554', '007', 'A-04-007', 1, NULL, '2025-03-11 00:00:00', '2025-03-11 00:00:00');
INSERT INTO `wms_storage_location` (`id`, `area_id`, `shelf_id`, `location_code`, `location_name`, `status`, `product_id`, `create_time`, `update_time`) VALUES ('1899421665576546306', '1898645979654766593', '1898711268564119554', '008', 'A-04-008', 1, NULL, '2025-03-11 00:00:00', '2025-03-11 00:00:00');
INSERT INTO `wms_storage_location` (`id`, `area_id`, `shelf_id`, `location_code`, `location_name`, `status`, `product_id`, `create_time`, `update_time`) VALUES ('1899421665576546307', '1898645979654766593', '1898711316639232001', '005', 'A-05-005', 1, NULL, '2025-03-11 00:00:00', '2025-03-19 00:00:00');
INSERT INTO `wms_storage_location` (`id`, `area_id`, `shelf_id`, `location_code`, `location_name`, `status`, `product_id`, `create_time`, `update_time`) VALUES ('1899421665576546308', '1898645979654766593', '1898711316639232001', '006', 'A-05-006', 1, NULL, '2025-03-11 00:00:00', '2025-03-11 00:00:00');
INSERT INTO `wms_storage_location` (`id`, `area_id`, `shelf_id`, `location_code`, `location_name`, `status`, `product_id`, `create_time`, `update_time`) VALUES ('1899421665576546309', '1898645979654766593', '1898711316639232001', '007', 'A-05-007', 1, NULL, '2025-03-11 00:00:00', '2025-03-11 00:00:00');
INSERT INTO `wms_storage_location` (`id`, `area_id`, `shelf_id`, `location_code`, `location_name`, `status`, `product_id`, `create_time`, `update_time`) VALUES ('1899421665576546310', '1898645979654766593', '1898711316639232001', '008', 'A-05-008', 1, NULL, '2025-03-11 00:00:00', '2025-03-11 00:00:00');
INSERT INTO `wms_storage_location` (`id`, `area_id`, `shelf_id`, `location_code`, `location_name`, `status`, `product_id`, `create_time`, `update_time`) VALUES ('1899421665576546311', '1898645979654766593', '1898711358733266946', '005', 'A-06-005', 1, NULL, '2025-03-11 00:00:00', '2025-03-11 00:00:00');
INSERT INTO `wms_storage_location` (`id`, `area_id`, `shelf_id`, `location_code`, `location_name`, `status`, `product_id`, `create_time`, `update_time`) VALUES ('1899421665576546312', '1898645979654766593', '1898711358733266946', '006', 'A-06-006', 1, NULL, '2025-03-11 00:00:00', '2025-03-11 00:00:00');
INSERT INTO `wms_storage_location` (`id`, `area_id`, `shelf_id`, `location_code`, `location_name`, `status`, `product_id`, `create_time`, `update_time`) VALUES ('1899421665576546313', '1898645979654766593', '1898711358733266946', '007', 'A-06-007', 1, NULL, '2025-03-11 00:00:00', '2025-03-11 00:00:00');
INSERT INTO `wms_storage_location` (`id`, `area_id`, `shelf_id`, `location_code`, `location_name`, `status`, `product_id`, `create_time`, `update_time`) VALUES ('1899421665576546314', '1898645979654766593', '1898711358733266946', '008', 'A-06-008', 1, NULL, '2025-03-11 00:00:00', '2025-03-11 00:00:00');
INSERT INTO `wms_storage_location` (`id`, `area_id`, `shelf_id`, `location_code`, `location_name`, `status`, `product_id`, `create_time`, `update_time`) VALUES ('1899422154900828161', '1898646093588840449', '1898711613084250114', '005', 'B-01-005', 1, NULL, '2025-03-11 00:00:00', '2025-03-11 00:00:00');
INSERT INTO `wms_storage_location` (`id`, `area_id`, `shelf_id`, `location_code`, `location_name`, `status`, `product_id`, `create_time`, `update_time`) VALUES ('1899422154900828162', '1898646093588840449', '1898711613084250114', '006', 'B-01-006', 1, NULL, '2025-03-11 00:00:00', '2025-03-11 00:00:00');
INSERT INTO `wms_storage_location` (`id`, `area_id`, `shelf_id`, `location_code`, `location_name`, `status`, `product_id`, `create_time`, `update_time`) VALUES ('1899422154900828163', '1898646093588840449', '1898711613084250114', '007', 'B-01-007', 1, NULL, '2025-03-11 00:00:00', '2025-03-11 00:00:00');
INSERT INTO `wms_storage_location` (`id`, `area_id`, `shelf_id`, `location_code`, `location_name`, `status`, `product_id`, `create_time`, `update_time`) VALUES ('1899422154900828164', '1898646093588840449', '1898711613084250114', '008', 'B-01-008', 1, NULL, '2025-03-11 00:00:00', '2025-03-11 00:00:00');
INSERT INTO `wms_storage_location` (`id`, `area_id`, `shelf_id`, `location_code`, `location_name`, `status`, `product_id`, `create_time`, `update_time`) VALUES ('1899422154900828165', '1898646093588840449', '1898713048312176642', '005', 'B-02-005', 1, NULL, '2025-03-11 00:00:00', '2025-03-11 00:00:00');
INSERT INTO `wms_storage_location` (`id`, `area_id`, `shelf_id`, `location_code`, `location_name`, `status`, `product_id`, `create_time`, `update_time`) VALUES ('1899422154905022466', '1898646093588840449', '1898713048312176642', '006', 'B-02-006', 1, NULL, '2025-03-11 00:00:00', '2025-03-11 00:00:00');
INSERT INTO `wms_storage_location` (`id`, `area_id`, `shelf_id`, `location_code`, `location_name`, `status`, `product_id`, `create_time`, `update_time`) VALUES ('1899422154905022467', '1898646093588840449', '1898713048312176642', '007', 'B-02-007', 1, NULL, '2025-03-11 00:00:00', '2025-03-11 00:00:00');
INSERT INTO `wms_storage_location` (`id`, `area_id`, `shelf_id`, `location_code`, `location_name`, `status`, `product_id`, `create_time`, `update_time`) VALUES ('1899422154905022468', '1898646093588840449', '1898713048312176642', '008', 'B-02-008', 1, NULL, '2025-03-11 00:00:00', '2025-03-11 00:00:00');
INSERT INTO `wms_storage_location` (`id`, `area_id`, `shelf_id`, `location_code`, `location_name`, `status`, `product_id`, `create_time`, `update_time`) VALUES ('1899422154905022469', '1898646093588840449', '1898713048362508289', '005', 'B-03-005', 1, NULL, '2025-03-11 00:00:00', '2025-03-11 00:00:00');
INSERT INTO `wms_storage_location` (`id`, `area_id`, `shelf_id`, `location_code`, `location_name`, `status`, `product_id`, `create_time`, `update_time`) VALUES ('1899422154905022470', '1898646093588840449', '1898713048362508289', '006', 'B-03-006', 1, NULL, '2025-03-11 00:00:00', '2025-03-11 00:00:00');
INSERT INTO `wms_storage_location` (`id`, `area_id`, `shelf_id`, `location_code`, `location_name`, `status`, `product_id`, `create_time`, `update_time`) VALUES ('1899422154905022471', '1898646093588840449', '1898713048362508289', '007', 'B-03-007', 1, NULL, '2025-03-11 00:00:00', '2025-03-11 00:00:00');
INSERT INTO `wms_storage_location` (`id`, `area_id`, `shelf_id`, `location_code`, `location_name`, `status`, `product_id`, `create_time`, `update_time`) VALUES ('1899422154905022472', '1898646093588840449', '1898713048362508289', '008', 'B-03-008', 1, NULL, '2025-03-11 00:00:00', '2025-03-11 00:00:00');
INSERT INTO `wms_storage_location` (`id`, `area_id`, `shelf_id`, `location_code`, `location_name`, `status`, `product_id`, `create_time`, `update_time`) VALUES ('1899422154905022473', '1898646093588840449', '1898713048417034241', '005', 'B-04-005', 1, NULL, '2025-03-11 00:00:00', '2025-03-11 00:00:00');
INSERT INTO `wms_storage_location` (`id`, `area_id`, `shelf_id`, `location_code`, `location_name`, `status`, `product_id`, `create_time`, `update_time`) VALUES ('1899422154905022474', '1898646093588840449', '1898713048417034241', '006', 'B-04-006', 1, NULL, '2025-03-11 00:00:00', '2025-03-11 00:00:00');
INSERT INTO `wms_storage_location` (`id`, `area_id`, `shelf_id`, `location_code`, `location_name`, `status`, `product_id`, `create_time`, `update_time`) VALUES ('1899422154905022475', '1898646093588840449', '1898713048417034241', '007', 'B-04-007', 1, NULL, '2025-03-11 00:00:00', '2025-03-11 00:00:00');
INSERT INTO `wms_storage_location` (`id`, `area_id`, `shelf_id`, `location_code`, `location_name`, `status`, `product_id`, `create_time`, `update_time`) VALUES ('1899422154905022476', '1898646093588840449', '1898713048417034241', '008', 'B-04-008', 1, NULL, '2025-03-11 00:00:00', '2025-03-11 00:00:00');
INSERT INTO `wms_storage_location` (`id`, `area_id`, `shelf_id`, `location_code`, `location_name`, `status`, `product_id`, `create_time`, `update_time`) VALUES ('1899422154905022477', '1898646093588840449', '1898713048433811458', '005', 'B-05-005', 1, NULL, '2025-03-11 00:00:00', '2025-03-11 00:00:00');
INSERT INTO `wms_storage_location` (`id`, `area_id`, `shelf_id`, `location_code`, `location_name`, `status`, `product_id`, `create_time`, `update_time`) VALUES ('1899422154905022478', '1898646093588840449', '1898713048433811458', '006', 'B-05-006', 1, NULL, '2025-03-11 00:00:00', '2025-03-11 00:00:00');
INSERT INTO `wms_storage_location` (`id`, `area_id`, `shelf_id`, `location_code`, `location_name`, `status`, `product_id`, `create_time`, `update_time`) VALUES ('1899422154905022479', '1898646093588840449', '1898713048433811458', '007', 'B-05-007', 1, NULL, '2025-03-11 00:00:00', '2025-03-11 00:00:00');
INSERT INTO `wms_storage_location` (`id`, `area_id`, `shelf_id`, `location_code`, `location_name`, `status`, `product_id`, `create_time`, `update_time`) VALUES ('1899422154905022480', '1898646093588840449', '1898713048433811458', '008', 'B-05-008', 1, NULL, '2025-03-11 00:00:00', '2025-03-11 00:00:00');
INSERT INTO `wms_storage_location` (`id`, `area_id`, `shelf_id`, `location_code`, `location_name`, `status`, `product_id`, `create_time`, `update_time`) VALUES ('1899422154909216769', '1898646093588840449', '1898713048442200066', '005', 'B-06-005', 1, NULL, '2025-03-11 00:00:00', '2025-03-11 00:00:00');
INSERT INTO `wms_storage_location` (`id`, `area_id`, `shelf_id`, `location_code`, `location_name`, `status`, `product_id`, `create_time`, `update_time`) VALUES ('1899422154909216770', '1898646093588840449', '1898713048442200066', '006', 'B-06-006', 1, NULL, '2025-03-11 00:00:00', '2025-03-11 00:00:00');
INSERT INTO `wms_storage_location` (`id`, `area_id`, `shelf_id`, `location_code`, `location_name`, `status`, `product_id`, `create_time`, `update_time`) VALUES ('1899422154909216771', '1898646093588840449', '1898713048442200066', '007', 'B-06-007', 1, NULL, '2025-03-11 00:00:00', '2025-03-11 00:00:00');
INSERT INTO `wms_storage_location` (`id`, `area_id`, `shelf_id`, `location_code`, `location_name`, `status`, `product_id`, `create_time`, `update_time`) VALUES ('1899422154909216772', '1898646093588840449', '1898713048442200066', '008', 'B-06-008', 1, NULL, '2025-03-11 00:00:00', '2025-03-11 00:00:00');
INSERT INTO `wms_storage_location` (`id`, `area_id`, `shelf_id`, `location_code`, `location_name`, `status`, `product_id`, `create_time`, `update_time`) VALUES ('1899424239755128834', '1898648671391301633', '1898713048458977282', '005', 'C-01-005', 1, NULL, '2025-03-11 00:00:00', '2025-03-11 00:00:00');
INSERT INTO `wms_storage_location` (`id`, `area_id`, `shelf_id`, `location_code`, `location_name`, `status`, `product_id`, `create_time`, `update_time`) VALUES ('1899424239755128835', '1898648671391301633', '1898713048458977282', '006', 'C-01-006', 1, NULL, '2025-03-11 00:00:00', '2025-03-11 00:00:00');
INSERT INTO `wms_storage_location` (`id`, `area_id`, `shelf_id`, `location_code`, `location_name`, `status`, `product_id`, `create_time`, `update_time`) VALUES ('1899424239755128836', '1898648671391301633', '1898713048458977282', '007', 'C-01-007', 1, NULL, '2025-03-11 00:00:00', '2025-03-11 00:00:00');
INSERT INTO `wms_storage_location` (`id`, `area_id`, `shelf_id`, `location_code`, `location_name`, `status`, `product_id`, `create_time`, `update_time`) VALUES ('1899424239755128837', '1898648671391301633', '1898713048458977282', '008', 'C-01-008', 1, NULL, '2025-03-11 00:00:00', '2025-03-11 00:00:00');
INSERT INTO `wms_storage_location` (`id`, `area_id`, `shelf_id`, `location_code`, `location_name`, `status`, `product_id`, `create_time`, `update_time`) VALUES ('1899424239759323138', '1898648671391301633', '1898714518344425474', '005', 'C-02-005', 1, NULL, '2025-03-11 00:00:00', '2025-03-11 00:00:00');
INSERT INTO `wms_storage_location` (`id`, `area_id`, `shelf_id`, `location_code`, `location_name`, `status`, `product_id`, `create_time`, `update_time`) VALUES ('1899424239759323139', '1898648671391301633', '1898714518344425474', '006', 'C-02-006', 1, NULL, '2025-03-11 00:00:00', '2025-03-11 00:00:00');
INSERT INTO `wms_storage_location` (`id`, `area_id`, `shelf_id`, `location_code`, `location_name`, `status`, `product_id`, `create_time`, `update_time`) VALUES ('1899424239759323140', '1898648671391301633', '1898714518344425474', '007', 'C-02-007', 1, NULL, '2025-03-11 00:00:00', '2025-03-11 00:00:00');
INSERT INTO `wms_storage_location` (`id`, `area_id`, `shelf_id`, `location_code`, `location_name`, `status`, `product_id`, `create_time`, `update_time`) VALUES ('1899424239759323141', '1898648671391301633', '1898714518344425474', '008', 'C-02-008', 1, NULL, '2025-03-11 00:00:00', '2025-03-11 00:00:00');
INSERT INTO `wms_storage_location` (`id`, `area_id`, `shelf_id`, `location_code`, `location_name`, `status`, `product_id`, `create_time`, `update_time`) VALUES ('1899424239759323142', '1898648671391301633', '1898714518344425475', '005', 'C-03-005', 1, NULL, '2025-03-11 00:00:00', '2025-03-11 00:00:00');
INSERT INTO `wms_storage_location` (`id`, `area_id`, `shelf_id`, `location_code`, `location_name`, `status`, `product_id`, `create_time`, `update_time`) VALUES ('1899424239759323143', '1898648671391301633', '1898714518344425475', '006', 'C-03-006', 1, NULL, '2025-03-11 00:00:00', '2025-03-11 00:00:00');
INSERT INTO `wms_storage_location` (`id`, `area_id`, `shelf_id`, `location_code`, `location_name`, `status`, `product_id`, `create_time`, `update_time`) VALUES ('1899424239759323144', '1898648671391301633', '1898714518344425475', '007', 'C-03-007', 1, NULL, '2025-03-11 00:00:00', '2025-03-11 00:00:00');
INSERT INTO `wms_storage_location` (`id`, `area_id`, `shelf_id`, `location_code`, `location_name`, `status`, `product_id`, `create_time`, `update_time`) VALUES ('1899424239759323145', '1898648671391301633', '1898714518344425475', '008', 'C-03-008', 1, NULL, '2025-03-11 00:00:00', '2025-03-11 00:00:00');
INSERT INTO `wms_storage_location` (`id`, `area_id`, `shelf_id`, `location_code`, `location_name`, `status`, `product_id`, `create_time`, `update_time`) VALUES ('1899424239759323146', '1898648671391301633', '1898714518344425476', '005', 'C-04-005', 1, NULL, '2025-03-11 00:00:00', '2025-03-11 00:00:00');
INSERT INTO `wms_storage_location` (`id`, `area_id`, `shelf_id`, `location_code`, `location_name`, `status`, `product_id`, `create_time`, `update_time`) VALUES ('1899424239759323147', '1898648671391301633', '1898714518344425476', '006', 'C-04-006', 1, NULL, '2025-03-11 00:00:00', '2025-03-11 00:00:00');
INSERT INTO `wms_storage_location` (`id`, `area_id`, `shelf_id`, `location_code`, `location_name`, `status`, `product_id`, `create_time`, `update_time`) VALUES ('1899424239759323148', '1898648671391301633', '1898714518344425476', '007', 'C-04-007', 1, NULL, '2025-03-11 00:00:00', '2025-03-11 00:00:00');
INSERT INTO `wms_storage_location` (`id`, `area_id`, `shelf_id`, `location_code`, `location_name`, `status`, `product_id`, `create_time`, `update_time`) VALUES ('1899424239759323149', '1898648671391301633', '1898714518344425476', '008', 'C-04-008', 1, NULL, '2025-03-11 00:00:00', '2025-03-11 00:00:00');
INSERT INTO `wms_storage_location` (`id`, `area_id`, `shelf_id`, `location_code`, `location_name`, `status`, `product_id`, `create_time`, `update_time`) VALUES ('1899424239763517441', '1898648671391301633', '1898714518348619777', '005', 'C-05-005', 1, NULL, '2025-03-11 00:00:00', '2025-03-11 00:00:00');
INSERT INTO `wms_storage_location` (`id`, `area_id`, `shelf_id`, `location_code`, `location_name`, `status`, `product_id`, `create_time`, `update_time`) VALUES ('1899424239763517442', '1898648671391301633', '1898714518348619777', '006', 'C-05-006', 1, NULL, '2025-03-11 00:00:00', '2025-03-11 00:00:00');
INSERT INTO `wms_storage_location` (`id`, `area_id`, `shelf_id`, `location_code`, `location_name`, `status`, `product_id`, `create_time`, `update_time`) VALUES ('1899424239763517443', '1898648671391301633', '1898714518348619777', '007', 'C-05-007', 1, NULL, '2025-03-11 00:00:00', '2025-03-11 00:00:00');
INSERT INTO `wms_storage_location` (`id`, `area_id`, `shelf_id`, `location_code`, `location_name`, `status`, `product_id`, `create_time`, `update_time`) VALUES ('1899424239763517444', '1898648671391301633', '1898714518348619777', '008', 'C-05-008', 1, NULL, '2025-03-11 00:00:00', '2025-03-11 00:00:00');
INSERT INTO `wms_storage_location` (`id`, `area_id`, `shelf_id`, `location_code`, `location_name`, `status`, `product_id`, `create_time`, `update_time`) VALUES ('1899424239763517445', '1898648671391301633', '1898714518348619778', '005', 'C-06-005', 1, NULL, '2025-03-11 00:00:00', '2025-03-11 00:00:00');
INSERT INTO `wms_storage_location` (`id`, `area_id`, `shelf_id`, `location_code`, `location_name`, `status`, `product_id`, `create_time`, `update_time`) VALUES ('1899424239763517446', '1898648671391301633', '1898714518348619778', '006', 'C-06-006', 1, NULL, '2025-03-11 00:00:00', '2025-03-11 00:00:00');
INSERT INTO `wms_storage_location` (`id`, `area_id`, `shelf_id`, `location_code`, `location_name`, `status`, `product_id`, `create_time`, `update_time`) VALUES ('1899424239763517447', '1898648671391301633', '1898714518348619778', '007', 'C-06-007', 1, NULL, '2025-03-11 00:00:00', '2025-03-11 00:00:00');
INSERT INTO `wms_storage_location` (`id`, `area_id`, `shelf_id`, `location_code`, `location_name`, `status`, `product_id`, `create_time`, `update_time`) VALUES ('1899424239763517448', '1898648671391301633', '1898714518348619778', '008', 'C-06-008', 1, NULL, '2025-03-11 00:00:00', '2025-03-11 00:00:00');
INSERT INTO `wms_storage_location` (`id`, `area_id`, `shelf_id`, `location_code`, `location_name`, `status`, `product_id`, `create_time`, `update_time`) VALUES ('1899425103307796481', '1898648889922928641', '1898714876806422530', '005', 'D-01-005', 1, NULL, '2025-03-11 00:00:00', '2025-03-11 00:00:00');
INSERT INTO `wms_storage_location` (`id`, `area_id`, `shelf_id`, `location_code`, `location_name`, `status`, `product_id`, `create_time`, `update_time`) VALUES ('1899425103307796482', '1898648889922928641', '1898714876806422530', '006', 'D-01-006', 1, NULL, '2025-03-11 00:00:00', '2025-03-11 00:00:00');
INSERT INTO `wms_storage_location` (`id`, `area_id`, `shelf_id`, `location_code`, `location_name`, `status`, `product_id`, `create_time`, `update_time`) VALUES ('1899425103307796483', '1898648889922928641', '1898714876806422530', '007', 'D-01-007', 1, NULL, '2025-03-11 00:00:00', '2025-03-11 00:00:00');
INSERT INTO `wms_storage_location` (`id`, `area_id`, `shelf_id`, `location_code`, `location_name`, `status`, `product_id`, `create_time`, `update_time`) VALUES ('1899425103311990785', '1898648889922928641', '1898714876806422530', '008', 'D-01-008', 1, NULL, '2025-03-11 00:00:00', '2025-03-11 00:00:00');
INSERT INTO `wms_storage_location` (`id`, `area_id`, `shelf_id`, `location_code`, `location_name`, `status`, `product_id`, `create_time`, `update_time`) VALUES ('1899425383764127746', '1898648889922928641', '1898714876806422531', '005', 'D-02-005', 1, NULL, '2025-03-11 00:00:00', '2025-03-11 00:00:00');
INSERT INTO `wms_storage_location` (`id`, `area_id`, `shelf_id`, `location_code`, `location_name`, `status`, `product_id`, `create_time`, `update_time`) VALUES ('1899425383764127747', '1898648889922928641', '1898714876806422531', '006', 'D-02-006', 1, NULL, '2025-03-11 00:00:00', '2025-03-11 00:00:00');
INSERT INTO `wms_storage_location` (`id`, `area_id`, `shelf_id`, `location_code`, `location_name`, `status`, `product_id`, `create_time`, `update_time`) VALUES ('1899425383764127748', '1898648889922928641', '1898714876806422531', '007', 'D-02-007', 1, NULL, '2025-03-11 00:00:00', '2025-03-11 00:00:00');
INSERT INTO `wms_storage_location` (`id`, `area_id`, `shelf_id`, `location_code`, `location_name`, `status`, `product_id`, `create_time`, `update_time`) VALUES ('1899425383764127749', '1898648889922928641', '1898714876806422531', '008', 'D-02-008', 1, NULL, '2025-03-11 00:00:00', '2025-03-11 00:00:00');
INSERT INTO `wms_storage_location` (`id`, `area_id`, `shelf_id`, `location_code`, `location_name`, `status`, `product_id`, `create_time`, `update_time`) VALUES ('1899425383764127750', '1898648889922928641', '1898714876810616833', '005', 'D-03-005', 1, NULL, '2025-03-11 00:00:00', '2025-03-11 00:00:00');
INSERT INTO `wms_storage_location` (`id`, `area_id`, `shelf_id`, `location_code`, `location_name`, `status`, `product_id`, `create_time`, `update_time`) VALUES ('1899425383764127751', '1898648889922928641', '1898714876810616833', '006', 'D-03-006', 1, NULL, '2025-03-11 00:00:00', '2025-03-11 00:00:00');
INSERT INTO `wms_storage_location` (`id`, `area_id`, `shelf_id`, `location_code`, `location_name`, `status`, `product_id`, `create_time`, `update_time`) VALUES ('1899425383764127752', '1898648889922928641', '1898714876810616833', '007', 'D-03-007', 1, NULL, '2025-03-11 00:00:00', '2025-03-11 00:00:00');
INSERT INTO `wms_storage_location` (`id`, `area_id`, `shelf_id`, `location_code`, `location_name`, `status`, `product_id`, `create_time`, `update_time`) VALUES ('1899425383764127753', '1898648889922928641', '1898714876810616833', '008', 'D-03-008', 1, NULL, '2025-03-11 00:00:00', '2025-03-11 00:00:00');
INSERT INTO `wms_storage_location` (`id`, `area_id`, `shelf_id`, `location_code`, `location_name`, `status`, `product_id`, `create_time`, `update_time`) VALUES ('1899425383768322049', '1898648889922928641', '1898714876810616834', '005', 'D-04-005', 1, NULL, '2025-03-11 00:00:00', '2025-03-11 00:00:00');
INSERT INTO `wms_storage_location` (`id`, `area_id`, `shelf_id`, `location_code`, `location_name`, `status`, `product_id`, `create_time`, `update_time`) VALUES ('1899425383768322050', '1898648889922928641', '1898714876810616834', '006', 'D-04-006', 1, NULL, '2025-03-11 00:00:00', '2025-03-11 00:00:00');
INSERT INTO `wms_storage_location` (`id`, `area_id`, `shelf_id`, `location_code`, `location_name`, `status`, `product_id`, `create_time`, `update_time`) VALUES ('1899425383768322051', '1898648889922928641', '1898714876810616834', '007', 'D-04-007', 1, NULL, '2025-03-11 00:00:00', '2025-03-11 00:00:00');
INSERT INTO `wms_storage_location` (`id`, `area_id`, `shelf_id`, `location_code`, `location_name`, `status`, `product_id`, `create_time`, `update_time`) VALUES ('1899425383768322052', '1898648889922928641', '1898714876810616834', '008', 'D-04-008', 1, NULL, '2025-03-11 00:00:00', '2025-03-11 00:00:00');
INSERT INTO `wms_storage_location` (`id`, `area_id`, `shelf_id`, `location_code`, `location_name`, `status`, `product_id`, `create_time`, `update_time`) VALUES ('1899425383768322053', '1898648889922928641', '1898714876814811137', '005', 'D-05-005', 1, NULL, '2025-03-11 00:00:00', '2025-03-11 00:00:00');
INSERT INTO `wms_storage_location` (`id`, `area_id`, `shelf_id`, `location_code`, `location_name`, `status`, `product_id`, `create_time`, `update_time`) VALUES ('1899425383768322054', '1898648889922928641', '1898714876814811137', '006', 'D-05-006', 1, NULL, '2025-03-11 00:00:00', '2025-03-11 00:00:00');
INSERT INTO `wms_storage_location` (`id`, `area_id`, `shelf_id`, `location_code`, `location_name`, `status`, `product_id`, `create_time`, `update_time`) VALUES ('1899425383768322055', '1898648889922928641', '1898714876814811137', '007', 'D-05-007', 1, NULL, '2025-03-11 00:00:00', '2025-03-11 00:00:00');
INSERT INTO `wms_storage_location` (`id`, `area_id`, `shelf_id`, `location_code`, `location_name`, `status`, `product_id`, `create_time`, `update_time`) VALUES ('1899425383768322056', '1898648889922928641', '1898714876814811137', '008', 'D-05-008', 1, NULL, '2025-03-11 00:00:00', '2025-03-11 00:00:00');
INSERT INTO `wms_storage_location` (`id`, `area_id`, `shelf_id`, `location_code`, `location_name`, `status`, `product_id`, `create_time`, `update_time`) VALUES ('1899425383768322057', '1898648889922928641', '1898714876814811138', '005', 'D-06-005', 1, NULL, '2025-03-11 00:00:00', '2025-03-11 00:00:00');
INSERT INTO `wms_storage_location` (`id`, `area_id`, `shelf_id`, `location_code`, `location_name`, `status`, `product_id`, `create_time`, `update_time`) VALUES ('1899425383768322058', '1898648889922928641', '1898714876814811138', '006', 'D-06-006', 1, NULL, '2025-03-11 00:00:00', '2025-03-11 00:00:00');
INSERT INTO `wms_storage_location` (`id`, `area_id`, `shelf_id`, `location_code`, `location_name`, `status`, `product_id`, `create_time`, `update_time`) VALUES ('1899425383768322059', '1898648889922928641', '1898714876814811138', '007', 'D-06-007', 1, NULL, '2025-03-11 00:00:00', '2025-03-11 00:00:00');
INSERT INTO `wms_storage_location` (`id`, `area_id`, `shelf_id`, `location_code`, `location_name`, `status`, `product_id`, `create_time`, `update_time`) VALUES ('1899425383768322060', '1898648889922928641', '1898714876814811138', '008', 'D-06-008', 1, NULL, '2025-03-11 00:00:00', '2025-03-11 00:00:00');
INSERT INTO `wms_storage_location` (`id`, `area_id`, `shelf_id`, `location_code`, `location_name`, `status`, `product_id`, `create_time`, `update_time`) VALUES ('1899426017867395074', '1898649182169448450', '1898714876814811139', '005', 'E-01-005', 1, NULL, '2025-03-11 00:00:00', '2025-03-11 00:00:00');
INSERT INTO `wms_storage_location` (`id`, `area_id`, `shelf_id`, `location_code`, `location_name`, `status`, `product_id`, `create_time`, `update_time`) VALUES ('1899426017871589377', '1898649182169448450', '1898714876814811139', '006', 'E-01-006', 1, NULL, '2025-03-11 00:00:00', '2025-03-11 00:00:00');
INSERT INTO `wms_storage_location` (`id`, `area_id`, `shelf_id`, `location_code`, `location_name`, `status`, `product_id`, `create_time`, `update_time`) VALUES ('1899426017871589378', '1898649182169448450', '1898714876814811139', '007', 'E-01-007', 1, NULL, '2025-03-11 00:00:00', '2025-03-11 00:00:00');
INSERT INTO `wms_storage_location` (`id`, `area_id`, `shelf_id`, `location_code`, `location_name`, `status`, `product_id`, `create_time`, `update_time`) VALUES ('1899426017871589379', '1898649182169448450', '1898714876814811139', '008', 'E-01-008', 1, NULL, '2025-03-11 00:00:00', '2025-03-11 00:00:00');
INSERT INTO `wms_storage_location` (`id`, `area_id`, `shelf_id`, `location_code`, `location_name`, `status`, `product_id`, `create_time`, `update_time`) VALUES ('1899426017875783681', '1898649182169448450', '1898714876814811140', '005', 'E-02-005', 1, NULL, '2025-03-11 00:00:00', '2025-03-11 00:00:00');
INSERT INTO `wms_storage_location` (`id`, `area_id`, `shelf_id`, `location_code`, `location_name`, `status`, `product_id`, `create_time`, `update_time`) VALUES ('1899426017875783682', '1898649182169448450', '1898714876814811140', '006', 'E-02-006', 1, NULL, '2025-03-11 00:00:00', '2025-03-11 00:00:00');
INSERT INTO `wms_storage_location` (`id`, `area_id`, `shelf_id`, `location_code`, `location_name`, `status`, `product_id`, `create_time`, `update_time`) VALUES ('1899426017875783683', '1898649182169448450', '1898714876814811140', '007', 'E-02-007', 1, NULL, '2025-03-11 00:00:00', '2025-03-11 00:00:00');
INSERT INTO `wms_storage_location` (`id`, `area_id`, `shelf_id`, `location_code`, `location_name`, `status`, `product_id`, `create_time`, `update_time`) VALUES ('1899426017875783684', '1898649182169448450', '1898714876814811140', '008', 'E-02-008', 1, NULL, '2025-03-11 00:00:00', '2025-03-11 00:00:00');
INSERT INTO `wms_storage_location` (`id`, `area_id`, `shelf_id`, `location_code`, `location_name`, `status`, `product_id`, `create_time`, `update_time`) VALUES ('1899426017875783685', '1898649182169448450', '1898714876814811141', '005', 'E-03-005', 1, NULL, '2025-03-11 00:00:00', '2025-03-11 00:00:00');
INSERT INTO `wms_storage_location` (`id`, `area_id`, `shelf_id`, `location_code`, `location_name`, `status`, `product_id`, `create_time`, `update_time`) VALUES ('1899426017875783686', '1898649182169448450', '1898714876814811141', '006', 'E-03-006', 1, NULL, '2025-03-11 00:00:00', '2025-03-11 00:00:00');
INSERT INTO `wms_storage_location` (`id`, `area_id`, `shelf_id`, `location_code`, `location_name`, `status`, `product_id`, `create_time`, `update_time`) VALUES ('1899426017879977985', '1898649182169448450', '1898714876814811141', '007', 'E-03-007', 1, NULL, '2025-03-11 00:00:00', '2025-03-11 00:00:00');
INSERT INTO `wms_storage_location` (`id`, `area_id`, `shelf_id`, `location_code`, `location_name`, `status`, `product_id`, `create_time`, `update_time`) VALUES ('1899426017879977986', '1898649182169448450', '1898714876814811141', '008', 'E-03-008', 1, NULL, '2025-03-11 00:00:00', '2025-03-11 00:00:00');
INSERT INTO `wms_storage_location` (`id`, `area_id`, `shelf_id`, `location_code`, `location_name`, `status`, `product_id`, `create_time`, `update_time`) VALUES ('1899426017879977987', '1898649182169448450', '1898714876814811142', '005', 'E-04-005', 1, NULL, '2025-03-11 00:00:00', '2025-03-11 00:00:00');
INSERT INTO `wms_storage_location` (`id`, `area_id`, `shelf_id`, `location_code`, `location_name`, `status`, `product_id`, `create_time`, `update_time`) VALUES ('1899426017879977988', '1898649182169448450', '1898714876814811142', '006', 'E-04-006', 1, NULL, '2025-03-11 00:00:00', '2025-03-11 00:00:00');
INSERT INTO `wms_storage_location` (`id`, `area_id`, `shelf_id`, `location_code`, `location_name`, `status`, `product_id`, `create_time`, `update_time`) VALUES ('1899426017879977989', '1898649182169448450', '1898714876814811142', '007', 'E-04-007', 1, NULL, '2025-03-11 00:00:00', '2025-03-11 00:00:00');
INSERT INTO `wms_storage_location` (`id`, `area_id`, `shelf_id`, `location_code`, `location_name`, `status`, `product_id`, `create_time`, `update_time`) VALUES ('1899426017879977990', '1898649182169448450', '1898714876814811142', '008', 'E-04-008', 1, NULL, '2025-03-11 00:00:00', '2025-03-11 00:00:00');
INSERT INTO `wms_storage_location` (`id`, `area_id`, `shelf_id`, `location_code`, `location_name`, `status`, `product_id`, `create_time`, `update_time`) VALUES ('1899426017884172289', '1898649182169448450', '1898714876819005442', '005', 'E-05-005', 1, NULL, '2025-03-11 00:00:00', '2025-03-11 00:00:00');
INSERT INTO `wms_storage_location` (`id`, `area_id`, `shelf_id`, `location_code`, `location_name`, `status`, `product_id`, `create_time`, `update_time`) VALUES ('1899426017884172290', '1898649182169448450', '1898714876819005442', '006', 'E-05-006', 1, NULL, '2025-03-11 00:00:00', '2025-03-11 00:00:00');
INSERT INTO `wms_storage_location` (`id`, `area_id`, `shelf_id`, `location_code`, `location_name`, `status`, `product_id`, `create_time`, `update_time`) VALUES ('1899426017884172291', '1898649182169448450', '1898714876819005442', '007', 'E-05-007', 1, NULL, '2025-03-11 00:00:00', '2025-03-11 00:00:00');
INSERT INTO `wms_storage_location` (`id`, `area_id`, `shelf_id`, `location_code`, `location_name`, `status`, `product_id`, `create_time`, `update_time`) VALUES ('1899426017884172292', '1898649182169448450', '1898714876819005442', '008', 'E-05-008', 1, NULL, '2025-03-11 00:00:00', '2025-03-11 00:00:00');
INSERT INTO `wms_storage_location` (`id`, `area_id`, `shelf_id`, `location_code`, `location_name`, `status`, `product_id`, `create_time`, `update_time`) VALUES ('1899426017884172293', '1898649182169448450', '1898714876819005443', '005', 'E-06-005', 1, NULL, '2025-03-11 00:00:00', '2025-03-11 00:00:00');
INSERT INTO `wms_storage_location` (`id`, `area_id`, `shelf_id`, `location_code`, `location_name`, `status`, `product_id`, `create_time`, `update_time`) VALUES ('1899426017888366594', '1898649182169448450', '1898714876819005443', '006', 'E-06-006', 1, NULL, '2025-03-11 00:00:00', '2025-03-11 00:00:00');
INSERT INTO `wms_storage_location` (`id`, `area_id`, `shelf_id`, `location_code`, `location_name`, `status`, `product_id`, `create_time`, `update_time`) VALUES ('1899426017888366595', '1898649182169448450', '1898714876819005443', '007', 'E-06-007', 1, NULL, '2025-03-11 00:00:00', '2025-03-11 00:00:00');
INSERT INTO `wms_storage_location` (`id`, `area_id`, `shelf_id`, `location_code`, `location_name`, `status`, `product_id`, `create_time`, `update_time`) VALUES ('1899426017888366596', '1898649182169448450', '1898714876819005443', '008', 'E-06-008', 1, NULL, '2025-03-11 00:00:00', '2025-03-11 00:00:00');
INSERT INTO `wms_storage_location` (`id`, `area_id`, `shelf_id`, `location_code`, `location_name`, `status`, `product_id`, `create_time`, `update_time`) VALUES ('1899426263385174017', '1898649633312980994', '1898715064572829697', '005', 'F-01-005', 1, NULL, '2025-03-11 00:00:00', '2025-03-11 00:00:00');
INSERT INTO `wms_storage_location` (`id`, `area_id`, `shelf_id`, `location_code`, `location_name`, `status`, `product_id`, `create_time`, `update_time`) VALUES ('1899426263385174018', '1898649633312980994', '1898715064572829697', '006', 'F-01-006', 1, NULL, '2025-03-11 00:00:00', '2025-03-11 00:00:00');
INSERT INTO `wms_storage_location` (`id`, `area_id`, `shelf_id`, `location_code`, `location_name`, `status`, `product_id`, `create_time`, `update_time`) VALUES ('1899426263385174019', '1898649633312980994', '1898715064572829697', '007', 'F-01-007', 1, NULL, '2025-03-11 00:00:00', '2025-03-11 00:00:00');
INSERT INTO `wms_storage_location` (`id`, `area_id`, `shelf_id`, `location_code`, `location_name`, `status`, `product_id`, `create_time`, `update_time`) VALUES ('1899426263385174020', '1898649633312980994', '1898715064572829697', '008', 'F-01-008', 1, NULL, '2025-03-11 00:00:00', '2025-03-11 00:00:00');
INSERT INTO `wms_storage_location` (`id`, `area_id`, `shelf_id`, `location_code`, `location_name`, `status`, `product_id`, `create_time`, `update_time`) VALUES ('1899426263385174021', '1898649633312980994', '1898715064572829698', '005', 'F-02-005', 1, NULL, '2025-03-11 00:00:00', '2025-03-11 00:00:00');
INSERT INTO `wms_storage_location` (`id`, `area_id`, `shelf_id`, `location_code`, `location_name`, `status`, `product_id`, `create_time`, `update_time`) VALUES ('1899426263389368321', '1898649633312980994', '1898715064572829698', '006', 'F-02-006', 1, NULL, '2025-03-11 00:00:00', '2025-03-11 00:00:00');
INSERT INTO `wms_storage_location` (`id`, `area_id`, `shelf_id`, `location_code`, `location_name`, `status`, `product_id`, `create_time`, `update_time`) VALUES ('1899426263389368322', '1898649633312980994', '1898715064572829698', '007', 'F-02-007', 1, NULL, '2025-03-11 00:00:00', '2025-03-11 00:00:00');
INSERT INTO `wms_storage_location` (`id`, `area_id`, `shelf_id`, `location_code`, `location_name`, `status`, `product_id`, `create_time`, `update_time`) VALUES ('1899426263389368323', '1898649633312980994', '1898715064572829698', '008', 'F-02-008', 1, NULL, '2025-03-11 00:00:00', '2025-03-11 00:00:00');
INSERT INTO `wms_storage_location` (`id`, `area_id`, `shelf_id`, `location_code`, `location_name`, `status`, `product_id`, `create_time`, `update_time`) VALUES ('1899426263389368324', '1898649633312980994', '1898715064572829699', '005', 'F-03-005', 1, NULL, '2025-03-11 00:00:00', '2025-03-11 00:00:00');
INSERT INTO `wms_storage_location` (`id`, `area_id`, `shelf_id`, `location_code`, `location_name`, `status`, `product_id`, `create_time`, `update_time`) VALUES ('1899426263389368325', '1898649633312980994', '1898715064572829699', '006', 'F-03-006', 1, NULL, '2025-03-11 00:00:00', '2025-03-11 00:00:00');
INSERT INTO `wms_storage_location` (`id`, `area_id`, `shelf_id`, `location_code`, `location_name`, `status`, `product_id`, `create_time`, `update_time`) VALUES ('1899426263389368326', '1898649633312980994', '1898715064572829699', '007', 'F-03-007', 1, NULL, '2025-03-11 00:00:00', '2025-03-11 00:00:00');
INSERT INTO `wms_storage_location` (`id`, `area_id`, `shelf_id`, `location_code`, `location_name`, `status`, `product_id`, `create_time`, `update_time`) VALUES ('1899426263389368327', '1898649633312980994', '1898715064572829699', '008', 'F-03-008', 1, NULL, '2025-03-11 00:00:00', '2025-03-11 00:00:00');
INSERT INTO `wms_storage_location` (`id`, `area_id`, `shelf_id`, `location_code`, `location_name`, `status`, `product_id`, `create_time`, `update_time`) VALUES ('1899426263389368328', '1898649633312980994', '1898715064577024001', '005', 'F-04-005', 1, NULL, '2025-03-11 00:00:00', '2025-03-11 00:00:00');
INSERT INTO `wms_storage_location` (`id`, `area_id`, `shelf_id`, `location_code`, `location_name`, `status`, `product_id`, `create_time`, `update_time`) VALUES ('1899426263389368329', '1898649633312980994', '1898715064577024001', '006', 'F-04-006', 1, NULL, '2025-03-11 00:00:00', '2025-03-11 00:00:00');
INSERT INTO `wms_storage_location` (`id`, `area_id`, `shelf_id`, `location_code`, `location_name`, `status`, `product_id`, `create_time`, `update_time`) VALUES ('1899426263389368330', '1898649633312980994', '1898715064577024001', '007', 'F-04-007', 1, NULL, '2025-03-11 00:00:00', '2025-03-11 00:00:00');
INSERT INTO `wms_storage_location` (`id`, `area_id`, `shelf_id`, `location_code`, `location_name`, `status`, `product_id`, `create_time`, `update_time`) VALUES ('1899426263393562626', '1898649633312980994', '1898715064577024001', '008', 'F-04-008', 1, NULL, '2025-03-11 00:00:00', '2025-03-11 00:00:00');
INSERT INTO `wms_storage_location` (`id`, `area_id`, `shelf_id`, `location_code`, `location_name`, `status`, `product_id`, `create_time`, `update_time`) VALUES ('1899426263393562627', '1898649633312980994', '1898715064577024002', '005', 'F-05-005', 1, NULL, '2025-03-11 00:00:00', '2025-03-11 00:00:00');
INSERT INTO `wms_storage_location` (`id`, `area_id`, `shelf_id`, `location_code`, `location_name`, `status`, `product_id`, `create_time`, `update_time`) VALUES ('1899426263393562628', '1898649633312980994', '1898715064577024002', '006', 'F-05-006', 1, NULL, '2025-03-11 00:00:00', '2025-03-11 00:00:00');
INSERT INTO `wms_storage_location` (`id`, `area_id`, `shelf_id`, `location_code`, `location_name`, `status`, `product_id`, `create_time`, `update_time`) VALUES ('1899426263393562629', '1898649633312980994', '1898715064577024002', '007', 'F-05-007', 1, NULL, '2025-03-11 00:00:00', '2025-03-11 00:00:00');
INSERT INTO `wms_storage_location` (`id`, `area_id`, `shelf_id`, `location_code`, `location_name`, `status`, `product_id`, `create_time`, `update_time`) VALUES ('1899426263393562630', '1898649633312980994', '1898715064577024002', '008', 'F-05-008', 1, NULL, '2025-03-11 00:00:00', '2025-03-11 00:00:00');
INSERT INTO `wms_storage_location` (`id`, `area_id`, `shelf_id`, `location_code`, `location_name`, `status`, `product_id`, `create_time`, `update_time`) VALUES ('1899426263393562631', '1898649633312980994', '1898715064577024003', '005', 'F-06-005', 1, NULL, '2025-03-11 00:00:00', '2025-03-11 00:00:00');
INSERT INTO `wms_storage_location` (`id`, `area_id`, `shelf_id`, `location_code`, `location_name`, `status`, `product_id`, `create_time`, `update_time`) VALUES ('1899426263393562632', '1898649633312980994', '1898715064577024003', '006', 'F-06-006', 1, NULL, '2025-03-11 00:00:00', '2025-03-11 00:00:00');
INSERT INTO `wms_storage_location` (`id`, `area_id`, `shelf_id`, `location_code`, `location_name`, `status`, `product_id`, `create_time`, `update_time`) VALUES ('1899426263393562633', '1898649633312980994', '1898715064577024003', '007', 'F-06-007', 1, NULL, '2025-03-11 00:00:00', '2025-03-11 00:00:00');
INSERT INTO `wms_storage_location` (`id`, `area_id`, `shelf_id`, `location_code`, `location_name`, `status`, `product_id`, `create_time`, `update_time`) VALUES ('1899426263393562634', '1898649633312980994', '1898715064577024003', '008', 'F-06-008', 1, NULL, '2025-03-11 00:00:00', '2025-03-11 00:00:00');
INSERT INTO `wms_storage_location` (`id`, `area_id`, `shelf_id`, `location_code`, `location_name`, `status`, `product_id`, `create_time`, `update_time`) VALUES ('1903042066739544065', '1903041289530818562', '1903041623430971393', '001', 'G-01-001', 1, NULL, '2025-03-21 00:00:00', '2025-03-21 00:00:00');
INSERT INTO `wms_storage_location` (`id`, `area_id`, `shelf_id`, `location_code`, `location_name`, `status`, `product_id`, `create_time`, `update_time`) VALUES ('1903042283769610242', '1903041289530818562', '1903041623430971393', '002', 'G-01-002', 1, NULL, '2025-03-21 00:00:00', '2025-03-21 00:00:00');
INSERT INTO `wms_storage_location` (`id`, `area_id`, `shelf_id`, `location_code`, `location_name`, `status`, `product_id`, `create_time`, `update_time`) VALUES ('1903042283773804546', '1903041289530818562', '1903041623430971393', '003', 'G-01-003', 1, NULL, '2025-03-21 00:00:00', '2025-03-21 00:00:00');
INSERT INTO `wms_storage_location` (`id`, `area_id`, `shelf_id`, `location_code`, `location_name`, `status`, `product_id`, `create_time`, `update_time`) VALUES ('1903042283773804547', '1903041289530818562', '1903041623430971393', '004', 'G-01-004', 1, NULL, '2025-03-21 00:00:00', '2025-03-21 00:00:00');
INSERT INTO `wms_storage_location` (`id`, `area_id`, `shelf_id`, `location_code`, `location_name`, `status`, `product_id`, `create_time`, `update_time`) VALUES ('1903042283773804548', '1903041289530818562', '1903041623430971393', '005', 'G-01-005', 1, NULL, '2025-03-21 00:00:00', '2025-03-21 00:00:00');
INSERT INTO `wms_storage_location` (`id`, `area_id`, `shelf_id`, `location_code`, `location_name`, `status`, `product_id`, `create_time`, `update_time`) VALUES ('1903042283773804549', '1903041289530818562', '1903041623430971393', '006', 'G-01-006', 1, NULL, '2025-03-21 00:00:00', '2025-03-21 00:00:00');
INSERT INTO `wms_storage_location` (`id`, `area_id`, `shelf_id`, `location_code`, `location_name`, `status`, `product_id`, `create_time`, `update_time`) VALUES ('1903042283777998850', '1903041289530818562', '1903041623430971393', '007', 'G-01-007', 1, NULL, '2025-03-21 00:00:00', '2025-03-21 00:00:00');
INSERT INTO `wms_storage_location` (`id`, `area_id`, `shelf_id`, `location_code`, `location_name`, `status`, `product_id`, `create_time`, `update_time`) VALUES ('1903042283777998851', '1903041289530818562', '1903041623430971393', '008', 'G-01-008', 1, NULL, '2025-03-21 00:00:00', '2025-03-21 00:00:00');
INSERT INTO `wms_storage_location` (`id`, `area_id`, `shelf_id`, `location_code`, `location_name`, `status`, `product_id`, `create_time`, `update_time`) VALUES ('1905980068992798721', '1905977110632747009', '1905978835099865090', '001', 'H-01-001', 1, NULL, '2025-03-29 00:00:00', '2025-03-29 00:00:00');
INSERT INTO `wms_storage_location` (`id`, `area_id`, `shelf_id`, `location_code`, `location_name`, `status`, `product_id`, `create_time`, `update_time`) VALUES ('1905980557528551425', '1905977110632747009', '1905978835099865090', '002', 'H-01-002', 1, NULL, '2025-03-29 00:00:00', '2025-03-29 00:00:00');
INSERT INTO `wms_storage_location` (`id`, `area_id`, `shelf_id`, `location_code`, `location_name`, `status`, `product_id`, `create_time`, `update_time`) VALUES ('1905980557532745729', '1905977110632747009', '1905978835099865090', '003', 'H-01-003', 1, NULL, '2025-03-29 00:00:00', '2025-03-29 00:00:00');
INSERT INTO `wms_storage_location` (`id`, `area_id`, `shelf_id`, `location_code`, `location_name`, `status`, `product_id`, `create_time`, `update_time`) VALUES ('1905980557532745730', '1905977110632747009', '1905978835099865090', '004', 'H-01-004', 1, NULL, '2025-03-29 00:00:00', '2025-03-29 00:00:00');
INSERT INTO `wms_storage_location` (`id`, `area_id`, `shelf_id`, `location_code`, `location_name`, `status`, `product_id`, `create_time`, `update_time`) VALUES ('1905980557532745731', '1905977110632747009', '1905978835099865090', '005', 'H-01-005', 1, NULL, '2025-03-29 00:00:00', '2025-03-29 00:00:00');
COMMIT;

SET FOREIGN_KEY_CHECKS = 1;
